8,4,2,0,4,0,13,2,2
6,4,4,0,2,0,2,4,2
2,0,0,0,4,0,2,8,0
2,0,0,0,4,0,4,2,0
8,0,0,0,6,0,4,2,0
6,0,0,0,4,0,2,8,2
6,2,4,0,2,0,0,6,0
6,2,0,0,4,0,0,4,0
2,2,0,0,6,0,0,7,4
2,0,0,0,6,0,0,7,0
2,0,0,0,6,0,2,6,0
2,0,0,2,2,0,2,6,0
4,0,0,0,4,0,0,6,2
2,0,0,0,4,0,0,6,0
6,0,4,0,2,0,2,10,0
4,6,4,0,4,0,0,6,2
2,0,0,0,2,0,0,6,2
4,0,0,0,2,0,0,6,0
2,0,0,0,6,0,6,6,2
4,2,0,0,4,0,4,4,0
4,0,0,0,0,0,4,8,0
4,4,0,0,2,2,4,6,2
8,0,2,0,4,0,2,6,0
6,2,4,0,2,0,0,6,6
4,0,0,0,2,0,0,6,4
12,2,0,0,2,0,0,4,2
2,0,0,0,2,0,4,7,0
0,0,0,0,2,0,6,4,0
4,0,0,0,4,0,6,6,0
2,0,0,0,4,0,2,6,0
4,0,2,0,2,0,0,10,2
6,0,0,0,2,0,0,6,0
0,0,0,0,2,0,2,2,0
0,0,0,0,4,0,0,4,0
4,0,0,0,6,0,0,6,0
2,0,0,0,0,0,0,4,2
6,2,0,0,14,0,0,3,4
10,0,0,0,11,0,0,4,0
4,2,0,2,2,0,0,6,4
4,0,0,0,2,0,0,4,2
8,4,4,2,2,0,6,8,2
10,4,4,2,4,0,6,2,4
0,2,0,2,4,0,0,6,0
2,0,0,0,4,0,0,4,0
2,0,0,0,4,0,0,6,0
4,0,0,0,4,0,0,8,0
2,0,0,0,6,2,0,5,0
6,0,0,0,10,0,0,4,2
6,0,4,2,0,2,4,5,2
0,6,0,0,7,0,8,6,2
2,0,2,0,2,0,4,8,2
6,2,0,0,0,0,2,4,0
6,0,2,2,6,2,0,8,4
4,4,2,0,2,0,0,8,4
0,0,0,0,4,0,4,6,0
4,0,0,2,2,0,2,8,0
0,0,0,0,0,2,2,2,0
0,0,0,0,0,0,2,3,0
0,0,0,0,10,0,0,8,0
0,4,0,0,4,0,0,10,0
8,0,0,0,4,0,0,6,2
10,0,0,0,4,0,0,4,2
0,0,0,0,2,0,0,4,0
4,0,0,0,4,0,2,6,2
2,0,0,0,2,0,10,2,0
4,0,0,0,0,0,4,2,0
0,0,0,0,0,0,8,6,0
0,0,0,0,0,0,2,4,0
4,2,10,4,2,0,2,10,2
10,2,0,0,2,2,2,9,2
0,6,0,0,8,0,0,6,2
0,4,0,0,2,0,2,8,2
4,0,0,0,5,0,0,6,2
4,0,2,0,7,0,0,6,2
0,2,0,0,2,0,0,2,0
0,2,0,0,0,0,0,2,0
0,0,0,0,4,0,0,0,0
0,0,0,0,4,0,0,0,0
0,0,0,0,2,0,0,6,0
0,0,0,0,4,0,2,4,2
4,0,4,2,2,0,0,7,2
4,0,4,2,2,0,0,2,0
2,2,0,0,2,0,2,6,0
2,0,0,0,0,2,0,6,0
2,0,2,0,2,0,2,4,6
6,0,0,0,6,0,0,2,0
0,0,0,0,4,0,0,2,0
0,0,0,0,4,0,0,2,0
2,0,0,0,4,0,0,6,0
0,0,0,0,3,0,0,6,0
6,0,6,0,2,0,0,8,4
10,0,0,0,4,0,0,4,2
4,2,0,0,4,2,8,4,2
0,0,0,0,8,0,0,5,0
4,6,0,0,2,0,2,6,2
4,0,0,0,4,0,0,2,0
2,0,0,0,8,0,4,8,0
0,0,0,0,6,0,0,6,0
4,0,0,0,6,0,0,6,2
4,0,0,0,8,0,0,6,2
0,2,0,0,4,0,0,8,0
2,0,0,0,10,0,0,10,0
0,0,0,0,0,0,4,4,0
2,2,0,0,4,0,2,6,4
4,6,0,0,2,0,2,2,6
0,0,0,0,2,0,0,4,0
0,0,0,0,2,0,0,10,0
0,0,0,0,6,0,0,8,0
8,2,0,0,4,0,0,6,6
6,2,2,0,2,0,4,8,8
6,2,4,0,0,0,0,4,4
4,2,0,0,2,0,0,6,2
6,0,0,0,6,0,0,12,0
8,0,0,0,6,0,2,8,2
2,2,0,0,2,0,2,8,0
12,0,0,2,4,0,2,2,0
0,0,2,0,4,0,6,2,0
0,0,0,0,0,0,0,4,2
0,2,2,4,2,0,0,4,0
2,2,0,0,0,0,0,4,2
6,4,8,2,6,0,7,6,4
4,0,0,0,2,0,6,8,0
4,0,0,0,1,0,6,6,2
2,2,0,0,4,0,3,6,0
4,0,0,0,2,0,0,8,0
4,0,0,0,4,0,0,2,0
0,4,2,0,4,0,0,4,0
2,0,0,0,2,0,2,4,2
0,0,0,0,10,0,2,8,0
0,0,0,0,2,0,0,2,0
0,0,0,0,10,0,2,6,2
0,0,0,0,2,0,0,6,0
2,0,0,0,6,0,0,4,0
4,0,0,0,6,0,2,2,2
0,0,0,0,2,0,0,2,0
0,0,0,0,8,0,0,2,0
0,0,0,0,4,0,0,7,0
2,0,0,0,4,0,0,0,0
4,2,0,0,4,1,0,2,2
2,0,0,0,2,1,2,4,0
0,0,0,0,0,0,0,4,0
0,0,0,0,2,0,0,4,0
0,0,0,0,0,0,3,4,0
8,0,0,0,6,0,4,4,0
4,0,0,0,2,0,0,6,2
0,0,0,0,0,0,0,4,0
2,4,0,0,6,0,2,4,0
4,0,0,0,4,0,0,0,2
2,0,4,0,6,0,4,6,0
2,0,0,0,8,0,0,4,0
0,0,0,0,4,0,6,0,0
0,0,0,0,4,0,4,2,0
0,0,2,0,10,0,4,4,0
0,0,0,0,8,0,8,2,0
2,0,0,0,4,0,0,8,0
0,0,0,0,2,0,0,4,0
4,0,0,0,4,0,4,4,2
6,0,0,2,6,0,2,6,0
2,0,0,0,4,0,2,4,0
8,0,0,0,6,0,0,6,4
6,0,4,2,4,0,0,6,6
0,0,0,0,4,0,0,10,0
2,0,0,0,4,0,0,6,0
4,0,0,0,8,0,0,4,2
2,0,0,0,2,0,0,2,0
0,2,0,0,2,0,0,5,0
6,4,4,0,5,0,4,6,4
2,0,0,0,4,0,2,6,4
0,0,0,0,0,0,0,6,0
0,0,0,0,4,0,0,4,0
0,0,0,0,0,0,2,2,0
4,0,0,0,4,0,0,0,0
4,0,0,0,0,0,0,0,0
0,2,0,0,2,0,0,2,0
6,0,2,0,12,2,0,8,0
4,0,0,0,12,0,0,6,0
2,4,0,0,4,0,5,0,0
0,2,0,0,0,0,6,4,0
4,0,0,0,5,4,0,6,0
2,0,0,0,3,0,0,4,0
4,0,2,0,5,0,0,4,4
2,0,0,0,2,2,0,12,0
2,0,0,0,0,0,0,2,0
0,0,0,0,0,0,0,2,0
2,0,0,0,0,0,2,2,4
6,4,0,2,0,0,0,4,4
0,0,0,0,0,0,0,2,0
0,0,0,0,0,0,0,6,0
0,0,0,0,2,0,0,2,0
2,0,0,0,2,0,0,4,0
8,6,14,2,0,2,0,6,4
0,0,0,0,0,0,0,8,0
2,0,0,0,0,0,0,6,0
0,0,0,0,0,0,0,6,0
0,0,0,2,4,0,6,10,0
0,0,0,0,0,0,4,6,0
4,0,0,0,4,0,12,4,2
2,0,0,0,1,2,6,2,0
6,0,0,0,4,2,0,6,4
6,0,0,0,2,2,0,6,2
12,0,2,0,10,0,0,6,4
12,0,0,0,8,0,0,4,6
0,0,0,0,6,2,0,9,0
0,0,0,0,12,0,0,4,0
4,0,0,0,4,0,2,5,0
4,0,0,0,6,0,0,7,0
8,2,2,0,0,0,0,7,0
4,4,2,2,2,0,0,6,0
6,0,0,0,6,0,0,10,0
2,0,0,0,2,0,0,4,0
4,0,0,0,8,0,0,4,0
4,0,0,0,10,0,0,4,0
0,0,0,0,4,0,2,4,0
0,0,0,0,4,0,2,2,0
0,0,0,0,2,0,2,2,0
0,0,0,0,4,0,0,4,0
0,0,0,0,0,0,2,0,0
0,0,0,0,0,0,2,0,0
0,0,0,0,0,0,0,2,0
0,0,0,0,0,0,0,4,0
0,0,0,0,4,0,0,0,0
0,0,0,0,2,0,0,2,0
0,0,0,0,4,0,0,2,0
0,0,0,0,4,0,0,0,0
6,6,0,0,2,0,2,2,6
6,4,0,0,6,0,0,2,4
4,4,4,0,4,0,0,10,4
6,0,0,0,4,0,0,10,2
0,0,0,0,4,0,2,4,0
0,0,0,0,2,0,0,4,0
0,0,0,0,0,0,6,4,0
0,0,0,0,0,0,2,6,2
4,4,0,4,6,0,0,6,4
4,4,4,0,2,0,0,6,2
6,0,0,0,10,0,4,4,0
2,0,0,0,4,0,2,4,0
4,0,0,0,3,0,0,4,0
6,4,0,0,7,0,0,4,0
2,0,0,0,3,0,2,4,0
0,0,0,0,7,0,4,2,0
12,0,2,0,2,0,0,18,2
8,0,2,2,2,0,2,14,0
2,0,0,0,4,0,0,6,2
2,0,2,0,4,0,0,4,2
2,0,0,0,2,0,0,4,4
0,2,0,0,6,0,0,6,6
0,0,0,0,2,0,0,4,0
0,0,0,0,3,4,0,6,0
2,0,0,0,0,0,0,6,0
2,0,0,0,6,0,0,6,0
4,0,0,0,2,0,2,2,0
6,0,0,0,8,0,2,2,0
4,0,2,0,6,0,0,2,2
2,0,0,0,2,0,2,6,0
2,2,0,0,4,0,0,4,0
0,0,4,2,2,0,6,4,2
0,0,0,0,2,0,0,2,0
2,0,0,0,2,0,0,0,0
0,0,0,0,0,0,0,2,0
0,0,0,0,0,0,0,2,0
0,0,0,0,2,0,0,2,0
0,0,0,0,0,0,0,2,0
0,0,0,0,2,0,0,2,0
0,0,0,0,4,0,0,0,0
0,0,0,0,2,0,2,2,0
0,0,0,0,2,0,4,0,0
2,4,0,0,8,0,2,6,0
2,4,0,0,6,0,0,4,0
2,0,2,0,6,0,0,6,0
8,2,0,0,4,0,0,4,0
4,0,4,0,4,0,2,2,2
0,2,6,2,0,0,4,4,2
4,0,0,0,2,0,0,2,2
4,0,0,0,0,0,0,4,0
4,0,0,0,4,0,10,6,2
2,0,0,0,2,0,4,6,0
2,0,0,0,2,0,0,6,0
0,0,0,0,4,0,0,4,0
4,0,0,0,0,0,2,8,6
6,0,2,0,0,0,0,6,6
4,0,0,0,6,0,2,12,4
6,2,0,0,4,0,0,10,4
2,0,0,0,2,0,0,2,0
2,0,0,0,0,0,0,2,0
2,2,0,0,4,0,0,6,2
4,0,0,0,0,0,0,6,2
0,2,0,0,2,0,0,2,0
2,2,0,0,4,0,2,0,0
4,4,0,0,4,0,4,4,2
2,0,0,0,8,0,2,2,0
0,0,0,0,2,0,6,0,0
0,0,0,0,2,0,6,2,0
0,0,0,0,2,0,2,5,0
0,0,0,0,4,0,4,6,0
0,0,0,0,0,0,4,5,0
2,0,0,0,6,0,2,8,0
6,0,0,0,4,0,0,4,0
0,0,0,0,0,0,0,4,0
0,0,0,0,5,2,2,2,0
0,0,0,0,0,0,0,4,0
0,0,0,0,0,0,2,6,0
0,2,2,0,3,0,4,6,0
2,0,0,0,0,0,7,6,0
0,0,0,0,0,0,0,0,0
2,0,2,0,7,0,6,4,2
4,0,10,2,10,0,6,5,2
14,0,2,0,6,0,4,8,2
4,0,0,0,2,0,0,6,0
0,0,0,0,10,0,0,2,0
0,0,0,0,4,0,0,2,0
10,6,0,0,0,2,2,12,4
6,8,2,0,2,0,4,8,0
2,0,0,0,2,2,0,10,2
0,2,0,0,4,0,0,10,4
8,0,0,0,2,0,4,0,0
4,0,0,0,0,0,4,2,2
6,0,0,0,6,0,2,9,0
8,0,2,0,2,0,4,2,0
0,0,0,0,6,0,0,6,2
2,0,0,0,2,0,2,4,0
2,0,0,0,4,0,2,8,2
2,0,0,0,0,0,2,8,2
0,0,0,2,2,0,0,6,0
4,0,0,0,0,2,0,8,0
0,2,0,0,8,2,2,2,0
0,2,0,0,4,2,0,3,2
6,0,0,0,2,0,4,6,0
2,2,2,0,5,2,4,6,0
14,6,0,0,2,0,0,3,6
2,0,0,0,4,0,4,2,0
0,0,0,0,0,0,0,0,0
0,0,0,0,4,0,0,4,0
0,2,0,0,4,0,0,4,0
0,2,0,0,4,0,4,2,4
0,0,6,2,5,0,2,4,4
14,6,0,0,0,0,0,5,6
12,4,8,2,2,4,4,10,2
0,0,4,0,8,0,5,6,0
2,0,0,0,2,0,4,6,0
0,2,0,0,4,0,0,2,0
0,0,0,0,6,0,0,4,0
4,8,0,0,4,0,0,6,2
6,14,4,2,2,0,0,4,2
2,4,2,0,8,0,0,6,0
2,0,0,0,2,0,0,10,0
4,8,2,2,2,0,0,10,0
2,6,0,0,2,0,0,8,4
6,0,0,0,4,0,2,6,2
4,2,0,0,3,0,0,4,2
6,0,0,0,14,0,0,2,2
0,0,0,0,0,0,0,4,0
2,0,0,0,10,0,2,6,6
4,0,0,0,5,0,0,4,0
4,0,0,0,10,0,0,6,0
2,0,0,0,4,0,0,8,0
10,4,2,0,14,4,0,6,6
6,8,4,2,14,8,0,6,2
4,0,0,0,6,0,2,5,4
4,0,0,0,4,0,0,3,2
4,0,4,4,6,0,2,5,0
4,0,0,0,6,0,2,7,0
2,2,0,0,4,0,0,7,0
6,4,0,2,9,0,4,6,2
4,2,0,2,0,0,2,6,2
2,2,0,2,4,0,2,10,4
4,2,0,0,10,0,0,4,2
2,0,0,0,7,0,0,8,0
2,0,0,0,0,0,4,6,2
2,2,0,0,2,0,4,4,2
6,0,0,2,0,0,2,8,6
4,0,2,2,2,0,2,4,4
0,2,0,0,6,0,0,6,2
0,0,0,0,6,0,0,6,2
2,2,2,0,10,0,0,6,0
2,2,0,0,4,2,0,6,0
0,0,0,0,0,0,2,4,0
0,2,0,0,0,0,4,6,2
4,4,2,2,0,0,0,3,0
8,10,0,0,0,0,0,6,2
0,0,0,0,0,0,2,6,0
0,0,0,0,0,0,2,4,0
0,0,0,0,0,0,0,4,0
2,0,0,0,0,0,0,8,0
0,0,0,0,0,0,0,8,0
2,0,0,0,0,0,2,5,0
6,4,2,2,2,0,0,6,2
4,0,0,0,2,0,0,6,2
4,2,2,2,4,0,0,4,4
6,0,2,0,6,0,0,4,2
0,0,0,2,0,0,2,2,0
0,0,0,0,4,0,0,4,2
0,0,0,0,4,0,2,6,0
2,2,0,0,4,0,0,8,0
0,2,0,0,2,0,0,2,2
2,2,0,0,2,0,0,2,0
0,0,0,0,2,0,0,2,0
2,0,0,0,2,0,0,2,2
0,0,0,0,4,0,0,2,0
0,0,0,0,6,0,0,2,0
0,0,0,0,2,0,3,2,0
0,0,0,0,0,0,7,2,0
0,0,0,0,2,0,0,0,0
2,0,0,0,2,0,0,2,0
0,0,0,0,2,0,2,2,0
0,0,0,0,2,0,6,4,0
0,2,0,0,2,0,0,2,0
2,0,0,0,4,0,0,0,0
4,4,0,0,2,0,3,6,0
6,0,0,0,5,0,0,4,2
2,0,0,0,0,0,0,4,0
0,2,0,0,2,0,4,8,2
4,2,0,0,8,0,2,8,2
2,0,0,0,4,0,6,4,4
6,2,0,0,10,0,10,8,0
4,0,0,0,8,0,12,6,0
2,0,0,0,2,0,2,4,0
4,2,0,0,0,0,0,10,0
8,2,0,0,4,0,4,4,0
2,0,0,0,2,0,4,7,0
10,0,2,0,2,0,0,10,4
6,2,0,0,0,0,0,6,2
2,0,0,0,2,0,0,2,0
2,0,0,0,6,0,0,2,0
2,0,0,0,0,0,2,4,2
2,0,0,0,6,0,0,2,0
4,2,0,0,0,0,2,4,0
2,4,6,2,2,0,0,6,0
0,0,0,0,0,0,2,2,0
4,0,0,0,2,0,0,6,2
2,0,0,0,2,0,0,10,6
2,0,0,0,2,0,2,8,4
6,0,0,0,2,0,0,6,2
4,0,4,0,2,0,0,11,2
2,0,0,0,4,2,0,2,2
4,0,0,0,4,0,6,6,0
2,2,0,0,4,0,2,4,2
0,4,0,0,2,0,2,4,4
4,0,2,0,2,0,2,4,4
4,0,0,0,2,0,0,6,6
0,0,0,0,0,0,0,6,0
0,0,0,0,2,0,4,2,0
0,0,0,0,6,0,0,6,0
4,0,4,2,6,0,0,4,0
4,4,0,0,0,0,2,10,2
0,0,0,0,0,0,2,4,0
2,2,2,0,6,0,5,4,0
6,2,0,0,4,0,4,6,2
0,0,0,0,0,0,0,2,0
0,0,0,0,2,0,0,4,0
2,2,0,2,4,0,5,4,2
2,0,0,0,4,0,4,4,6
2,0,0,0,0,2,2,5,0
4,2,0,0,6,2,4,9,0
0,2,0,0,6,0,4,6,0
2,0,0,0,0,0,2,8,0
6,0,0,0,8,0,0,6,4
2,2,2,0,2,0,0,6,2
0,4,0,0,2,2,4,6,4
4,0,0,0,2,0,2,6,0
8,6,0,0,3,0,0,4,4
6,8,0,0,4,0,0,4,6
6,0,4,0,4,0,0,6,4
6,0,4,0,6,0,2,5,4
0,0,0,0,4,0,2,2,2
2,0,0,0,8,0,0,4,0
2,2,0,0,4,0,0,4,4
6,2,2,0,6,2,0,6,2
6,0,0,0,2,2,6,8,0
6,2,0,0,2,0,6,6,2
2,0,2,0,2,0,6,8,2
8,4,4,2,0,0,8,4,4
2,0,0,0,4,0,0,6,0
4,2,0,4,4,0,4,2,0
0,0,0,0,2,0,2,8,2
8,0,0,0,10,0,0,4,4
1,0,0,0,0,0,0,2,0
0,0,0,0,2,0,0,5,0
4,2,2,0,4,0,8,2,0
4,2,2,0,2,0,10,4,2
4,4,0,0,6,0,0,8,2
4,2,2,2,6,0,0,6,4
2,2,0,0,4,0,0,0,2
4,0,0,0,6,0,0,2,0
4,2,0,0,4,0,0,2,0
2,2,0,0,9,0,2,2,0
4,0,0,2,6,0,4,8,6
4,0,0,0,2,0,2,12,4
0,0,2,0,8,0,0,4,4
4,0,0,0,0,0,0,4,0
0,4,2,0,4,0,2,2,2
2,0,2,0,4,0,2,4,2
4,0,2,0,4,0,0,6,4
0,0,0,0,2,0,0,6,4
0,0,0,0,4,0,0,2,0
0,0,0,0,6,0,0,2,0
0,0,0,0,2,0,0,4,0
2,0,0,0,4,0,0,4,2
4,2,0,0,4,0,4,6,4
2,0,0,0,2,0,0,4,2
4,0,0,0,4,0,2,4,0
6,0,0,0,8,0,0,4,2
2,2,0,0,4,0,6,6,0
2,0,0,0,6,0,4,10,0
0,0,0,0,2,0,2,6,0
0,0,0,0,6,0,4,0,0
6,2,0,2,4,0,2,4,2
8,4,2,0,4,0,2,8,0
14,0,0,0,5,0,0,4,2
6,6,0,0,4,0,0,4,2
2,0,0,0,7,0,2,6,0
0,0,0,0,6,0,4,4,0
4,0,0,0,4,0,0,8,0
0,0,0,0,6,0,2,4,4
10,4,0,0,6,0,0,10,4
6,2,2,0,8,2,0,12,4
2,0,0,0,10,0,4,6,0
2,0,0,0,8,0,6,4,2
10,2,0,0,14,0,0,6,2
8,4,0,0,8,0,0,6,4
2,0,0,0,2,0,0,4,0
0,2,0,0,2,0,0,4,2
0,0,0,0,2,0,0,2,0
2,0,0,0,4,0,0,4,2
4,4,4,0,2,2,4,6,6
0,0,0,0,0,0,0,8,0
4,0,0,0,2,0,2,9,2
4,2,0,4,2,0,0,9,4
4,0,0,0,0,0,0,7,2
8,0,0,0,0,0,0,5,0
4,0,0,0,4,0,0,6,0
4,0,0,0,0,0,0,6,0
4,8,10,0,0,0,0,4,6
0,2,0,2,0,0,4,8,0
0,0,0,0,0,0,0,4,0
2,0,0,0,0,0,0,6,0
0,0,0,0,0,0,0,2,4
0,0,0,0,0,0,4,6,0
0,0,0,0,2,0,2,2,0
0,0,0,0,0,0,0,6,0
4,2,2,0,0,0,0,10,2
8,2,6,2,4,0,0,6,6
2,2,0,0,3,0,2,4,2
2,2,0,0,4,0,0,6,0
0,0,0,0,0,6,2,8,2
4,2,0,0,0,0,0,4,0
6,0,6,2,2,0,0,8,4
4,0,0,0,4,0,2,8,2
10,0,0,0,6,0,6,8,2
2,0,0,0,4,0,2,8,2
0,0,0,0,12,0,0,6,0
0,0,0,0,6,0,4,4,0
0,0,0,0,6,0,4,4,0
0,0,0,0,4,0,4,4,0
16,0,0,0,2,0,2,12,2
16,0,0,0,3,2,4,12,2
2,6,0,0,2,0,4,12,10
2,6,4,2,2,0,4,18,8
6,0,0,0,4,0,0,6,4
2,0,0,0,4,2,0,6,6
4,4,0,0,8,0,0,4,2
2,2,0,0,3,0,0,2,2
4,10,6,2,0,0,2,8,0
6,6,6,0,8,0,6,4,6
0,0,0,0,8,0,8,4,0
0,2,0,0,6,0,6,8,0
2,0,0,0,8,0,8,4,0
0,2,0,0,6,0,4,10,0
4,0,6,0,2,0,2,2,4
10,0,0,0,1,0,0,2,4
4,2,2,0,0,2,4,5,2
2,2,0,0,4,2,6,4,2
6,2,0,0,6,0,0,4,2
6,0,0,0,6,0,0,4,4
8,4,2,0,2,0,2,12,4
6,4,0,0,2,0,0,6,2
8,2,0,0,2,0,6,4,2
12,6,2,0,2,0,6,6,4
4,2,0,2,8,0,0,4,2
8,0,0,0,7,0,0,4,0
2,6,2,0,0,0,0,6,0
4,0,0,0,0,0,6,2,2
2,0,2,0,0,0,0,8,0
2,0,0,0,0,0,0,8,0
0,0,0,0,0,2,0,2,0
0,0,0,0,0,0,0,4,0
10,2,4,0,4,2,0,10,4
10,4,2,2,2,0,0,6,0
4,0,0,0,4,2,0,8,2
4,2,0,0,0,0,0,8,4
0,0,0,0,0,0,4,10,2
2,4,4,0,5,0,0,4,4
2,2,0,2,6,0,4,4,0
2,0,0,0,1,0,0,8,0
4,0,2,0,10,0,0,6,2
0,4,2,2,12,0,0,6,0
2,0,0,0,8,0,0,8,2
2,2,4,2,8,0,0,4,2
14,6,0,0,2,2,0,4,2
16,2,2,2,4,0,4,8,4
0,0,0,0,4,0,0,8,0
0,0,0,0,4,0,0,8,0
4,2,0,0,2,2,6,6,2
4,0,2,2,2,0,6,2,2
0,0,2,0,4,0,0,6,4
6,0,0,0,4,0,0,8,6
6,0,0,0,6,0,0,6,0
2,0,0,0,2,0,0,8,0
4,8,0,0,12,0,0,6,6
4,2,2,0,14,0,0,6,4
8,0,2,0,9,0,2,4,2
2,2,0,0,3,0,2,2,2
2,0,0,0,13,0,0,6,0
2,0,0,0,7,0,0,2,2
2,0,0,0,6,0,0,2,0
2,0,0,0,2,0,2,2,0
2,2,0,0,2,0,0,12,4
8,4,0,0,4,0,0,10,6
8,0,0,2,8,0,0,4,2
6,2,4,0,4,0,2,4,4
6,0,0,0,2,0,6,4,0
4,0,2,0,2,0,0,6,0
8,2,0,0,2,0,0,4,0
8,4,2,0,2,0,0,8,4
4,2,0,0,10,0,0,4,4
8,4,0,0,8,0,2,2,6
4,0,0,0,6,0,0,4,2
2,0,0,0,2,0,0,8,4
6,0,0,0,2,0,2,2,4
8,0,0,0,2,0,0,10,6
8,0,0,0,4,0,0,11,2
16,0,0,0,12,0,0,8,0
4,0,0,0,0,0,2,6,0
2,0,0,0,0,0,2,9,4
4,4,0,0,2,0,4,4,0
12,2,0,0,2,0,0,10,2
2,0,0,0,8,0,0,4,0
0,0,0,0,4,0,0,6,0
2,2,0,0,4,0,2,12,4
4,0,6,0,4,0,4,10,2
6,2,0,0,4,0,2,2,2
8,0,0,2,6,0,2,6,2
6,0,0,0,0,0,0,6,2
2,2,0,0,6,0,0,4,2
0,0,0,0,4,0,4,0,0
0,0,0,0,2,0,0,2,0
0,0,0,0,4,0,2,0,0
0,0,0,0,2,0,0,4,0
4,0,0,0,0,0,0,4,0
6,2,0,0,2,0,0,2,0
0,0,0,0,0,0,4,4,0
0,0,0,0,0,0,2,4,0
0,0,0,0,2,0,6,4,0
0,0,0,0,4,0,2,6,0
2,4,2,2,6,0,0,4,0
6,4,0,0,4,0,0,4,2
12,0,6,0,6,0,0,8,6
8,2,0,0,4,0,0,4,4
0,2,0,0,0,2,4,4,2
0,0,0,0,0,0,0,4,0
4,0,0,0,0,0,2,4,0
0,2,2,2,0,0,0,4,0
0,0,0,0,2,2,0,8,0
0,0,0,0,2,0,0,8,0
2,0,0,0,2,0,0,6,0
4,0,0,0,6,0,0,4,0
10,0,0,0,2,0,2,6,2
10,2,0,0,4,0,2,4,4
2,0,0,0,2,0,2,4,0
0,0,0,0,0,2,0,4,0
8,4,0,0,2,0,0,4,0
8,2,0,0,6,0,0,2,0
4,2,0,0,2,0,2,2,0
4,4,4,0,4,0,4,0,0
0,0,0,0,3,0,0,4,0
0,0,0,0,6,0,4,3,2
2,0,0,0,2,2,2,4,0
0,0,0,0,8,0,2,2,0
4,6,0,0,2,0,0,2,0
10,6,2,2,0,0,0,4,0
4,2,0,0,2,0,0,3,0
2,0,0,0,2,0,0,6,0
12,6,2,0,6,0,2,6,6
6,6,2,0,6,0,0,6,6
10,0,2,0,4,0,0,4,6
6,0,6,0,2,0,2,4,2
6,4,0,0,8,0,0,6,4
0,0,0,0,4,0,0,10,0
2,2,2,0,2,2,2,4,0
2,2,0,0,4,4,4,4,0
4,2,0,0,2,0,2,6,2
0,0,0,0,4,0,4,9,4
0,0,0,0,2,0,2,8,0
0,0,0,0,7,0,2,8,0
10,8,2,0,2,0,4,8,2
6,12,4,0,2,0,4,6,2
4,0,0,0,6,0,8,4,0
0,0,0,0,4,0,0,0,0
0,0,0,0,2,0,0,4,0
0,0,0,0,4,0,0,6,0
2,0,4,0,6,0,0,4,4
2,2,2,0,6,0,0,4,4
6,4,0,2,0,0,0,4,4
4,0,6,0,0,0,0,6,4
6,0,0,0,4,0,0,2,2
6,0,0,0,6,0,4,4,2
2,0,2,0,2,0,2,8,0
4,0,0,0,6,0,4,6,0
2,0,0,0,2,0,0,0,2
0,2,0,0,2,0,0,0,2
2,0,0,0,2,0,0,0,2
0,0,0,2,2,0,0,0,2
6,0,0,0,4,0,6,4,0
8,2,0,0,2,0,8,5,2
10,2,2,0,8,0,6,10,2
10,8,6,0,6,0,2,10,0
4,4,2,0,0,0,0,4,0
4,2,0,0,2,0,0,8,0
4,0,0,0,2,0,2,6,2
0,0,0,0,2,0,0,4,0
2,0,0,0,2,0,8,6,0
0,2,2,0,4,0,6,10,2
2,4,2,0,6,0,4,4,2
0,0,0,0,0,0,2,6,0
2,2,0,0,2,0,4,4,4
2,2,0,0,2,2,2,2,0
4,4,2,2,2,0,2,2,2
0,0,0,0,2,0,0,2,0
8,4,0,0,2,0,0,6,0
4,2,2,2,3,0,0,4,2
2,0,0,0,4,0,0,12,2
4,0,0,0,4,0,0,6,2
2,2,0,0,2,0,0,10,0
6,2,4,0,6,0,0,10,0
0,0,0,0,2,0,2,2,0
2,0,0,0,0,0,0,2,0
2,0,0,0,15,0,0,2,2
0,0,0,0,6,0,0,2,2
2,2,0,0,2,0,2,10,2
6,4,4,0,6,2,0,8,2
2,2,0,2,6,0,2,6,2
6,0,0,0,14,0,2,6,0
6,2,6,0,2,0,2,2,8
4,2,4,0,2,0,0,12,6
0,0,0,0,1,0,0,4,0
0,0,0,0,2,0,0,4,0
2,2,0,0,4,0,4,14,2
4,0,0,0,8,0,4,8,0
10,0,0,0,4,0,0,8,2
8,2,8,2,2,0,0,2,6
0,0,0,0,2,0,0,2,0
0,0,0,0,2,0,0,2,0
0,0,0,0,2,0,2,0,0
0,0,0,0,2,0,4,2,0
4,0,0,0,4,0,2,6,4
2,0,0,0,0,0,0,6,0
8,2,0,0,0,0,2,4,2
6,6,0,0,0,0,2,4,0
2,0,2,0,2,0,2,2,0
2,0,0,0,2,0,0,2,0
0,4,0,0,1,0,0,4,2
0,2,0,0,1,0,0,4,0
4,2,0,0,4,0,0,4,0
2,0,0,0,2,0,0,8,0
6,0,0,0,6,0,4,2,4
4,0,0,0,8,0,2,0,4
6,0,0,0,2,0,4,8,6
10,4,6,0,0,0,2,10,4
0,0,0,0,6,0,0,2,0
0,0,0,0,8,0,0,4,0
2,4,4,2,8,0,8,6,0
2,0,0,0,2,0,0,6,0
0,0,2,0,0,0,4,6,0
0,0,0,0,0,0,2,2,0
4,2,0,0,0,0,0,2,2
2,0,0,0,0,0,2,2,0
4,0,0,0,8,0,2,4,2
6,0,0,0,4,0,2,2,2
0,2,0,0,2,0,10,6,0
2,2,0,0,4,0,6,12,0
0,0,0,0,0,0,2,4,0
0,0,0,0,2,0,2,2,0
6,2,4,0,4,0,0,4,2
4,2,0,2,4,0,0,4,2
2,0,0,0,6,4,0,0,6
2,0,0,0,6,8,0,2,6
6,0,0,0,2,0,2,4,4
0,0,0,0,2,0,0,2,0
2,2,0,0,4,0,0,6,2
4,0,0,0,2,0,0,4,0
0,0,0,0,9,0,0,4,0
0,0,0,0,3,0,0,2,0
8,0,0,0,11,4,0,10,2
4,0,0,0,7,2,4,8,0
0,0,0,0,4,0,2,4,2
0,0,0,0,2,0,2,4,2
2,2,0,4,6,0,0,2,2
4,0,0,0,8,0,0,8,0
2,0,0,0,2,0,0,4,0
2,0,0,0,2,0,4,4,0
6,2,0,2,4,4,0,4,6
4,2,0,0,2,2,0,4,2
0,1,0,0,0,0,0,2,2
0,0,0,0,0,0,0,4,0
2,4,4,0,2,0,4,4,2
12,6,6,0,0,0,0,3,0
2,0,0,2,2,0,2,6,0
2,3,0,0,0,0,4,2,0
0,0,0,0,0,0,4,6,0
0,2,0,0,2,0,8,5,0
2,2,8,0,0,2,2,6,2
0,0,0,0,2,0,2,8,0
4,0,0,0,8,0,0,2,0
4,2,4,0,4,0,0,2,0
4,0,0,0,11,0,4,4,0
0,0,0,0,4,0,0,4,0
4,0,0,0,10,0,3,4,2
2,0,0,0,4,0,0,4,0
0,0,0,0,0,0,6,4,0
0,0,0,0,0,0,6,4,0
0,4,0,0,2,0,2,4,4
0,12,0,0,2,0,6,3,4
6,0,2,0,2,0,2,6,2
4,0,0,0,0,0,4,8,0
2,0,0,0,2,0,2,2,0
2,0,0,0,2,0,0,4,2
4,0,0,0,3,0,0,8,0
4,2,0,0,3,0,4,4,0
8,0,0,0,2,0,0,4,0
4,0,0,0,0,0,2,6,0
2,0,0,0,4,0,0,4,0
2,0,0,0,0,0,0,4,2
10,0,0,0,4,0,0,2,2
6,0,0,0,2,0,0,2,0
10,4,0,0,4,0,6,4,6
4,2,0,0,2,0,4,6,2
4,0,0,0,6,0,2,2,2
2,0,0,0,4,0,0,4,0
0,0,0,0,6,0,0,4,0
0,0,0,0,0,0,0,7,0
4,2,2,0,0,0,0,16,4
4,0,2,0,0,0,0,12,2
0,0,0,0,2,0,0,4,0
2,2,0,0,4,0,0,2,0
4,0,0,0,0,0,0,4,0
2,0,0,0,6,0,0,0,0
2,0,0,0,2,0,0,4,4
2,2,0,2,0,0,0,2,2
2,0,0,0,4,0,0,4,0
4,0,0,0,4,0,0,6,0
2,0,0,0,0,0,0,6,0
10,0,0,0,8,0,0,4,0
0,0,0,0,0,0,2,8,0
2,0,0,0,3,0,0,4,0
2,2,0,0,6,0,2,6,0
4,0,0,0,8,0,0,4,0
2,0,0,0,8,0,0,6,2
0,2,0,0,2,0,0,4,0
0,0,0,0,2,0,0,4,0
0,0,0,0,2,0,0,0,0
6,0,0,0,12,0,8,6,0
8,4,2,0,10,2,10,8,4
2,0,0,0,0,0,5,4,0
2,0,0,0,2,0,5,4,0
2,0,2,2,11,0,6,16,2
2,0,0,0,2,0,0,16,0
0,0,0,0,0,0,0,4,0
2,0,0,0,0,0,0,12,2
2,0,0,0,2,0,6,3,0
0,0,0,0,10,0,7,2,0
2,0,0,0,2,0,0,3,0
0,0,0,0,7,0,2,2,0
2,0,0,0,2,0,0,6,0
2,0,2,0,6,0,0,2,0
2,0,2,0,0,0,0,4,0
2,2,0,0,4,0,0,4,2
6,0,0,0,6,0,0,6,4
8,2,0,0,2,0,0,6,2
0,0,0,0,8,0,0,6,0
0,0,0,0,4,0,0,6,0
2,0,0,0,4,0,0,4,2
2,0,0,0,4,0,0,4,2
2,0,4,0,5,0,0,4,0
0,0,2,0,6,0,0,4,2
0,0,0,0,5,6,4,6,0
0,0,0,0,3,0,0,4,0
0,0,2,0,6,0,8,4,0
0,0,0,0,0,0,0,4,0
0,0,0,0,0,0,3,6,0
0,0,2,0,0,2,2,4,0
2,0,0,0,0,0,4,4,0
0,0,0,0,2,0,2,8,0
6,4,0,0,2,0,4,6,0
4,6,0,0,3,0,2,4,0
4,0,0,0,4,0,5,8,0
2,0,0,0,4,0,2,6,0
4,0,0,0,6,0,0,4,2
2,0,0,0,2,0,0,6,0
2,2,0,0,0,0,4,6,6
6,4,0,0,2,0,10,4,2
4,0,0,0,0,0,4,6,4
4,0,0,0,2,0,2,6,0
4,0,2,2,2,0,0,4,0
6,0,0,0,4,0,6,10,0
4,0,0,0,2,0,0,6,2
4,2,0,0,4,0,2,8,4
6,2,0,0,4,0,4,4,2
6,2,2,0,4,0,0,4,4
6,0,0,2,2,0,0,4,0
2,0,0,0,4,0,0,2,4
4,2,0,2,12,0,0,6,4
4,2,0,2,8,0,0,6,4
4,0,0,0,10,0,0,6,2
2,0,0,0,4,0,0,4,0
8,0,0,0,4,4,0,10,0
8,0,0,0,6,2,0,10,2
4,0,0,0,0,0,0,8,2
4,0,0,0,0,0,0,6,0
0,0,0,0,2,0,0,6,0
0,0,0,0,2,0,0,4,0
0,2,0,0,4,0,0,4,0
0,0,0,0,0,0,0,6,0
2,0,0,0,6,0,0,5,0
2,0,0,0,4,0,0,4,0
2,2,0,0,4,0,0,4,0
6,4,2,0,5,0,2,4,0
0,0,0,0,4,0,2,4,0
0,0,0,0,4,0,4,4,0
0,0,0,0,4,0,2,6,0
0,0,0,0,4,0,4,6,0
6,2,0,0,4,2,0,2,0
4,0,0,0,2,0,0,4,0
2,0,0,0,6,0,5,4,4
0,0,0,0,3,0,0,2,0
4,2,0,2,4,0,0,4,0
6,0,0,0,4,0,0,4,0
2,4,2,4,2,0,0,8,0
2,4,2,2,0,0,2,4,0
6,4,0,0,2,0,0,6,2
6,4,4,0,4,0,0,4,2
0,0,0,0,8,0,4,5,2
0,2,0,0,2,0,0,6,0
6,2,2,0,2,0,0,4,0
2,2,0,0,2,0,0,4,0
6,0,0,0,4,0,4,10,2
2,0,0,0,2,0,4,10,0
0,2,0,0,2,0,6,12,2
6,8,4,0,4,0,2,4,2
6,2,0,0,3,2,4,6,0
10,0,0,0,0,0,2,4,2
2,2,0,0,8,0,0,6,4
6,2,0,0,3,0,0,4,4
2,0,0,0,2,0,0,4,2
2,0,0,0,2,0,2,6,0
10,4,0,0,2,0,6,11,2
8,8,2,0,2,0,4,6,2
4,0,0,0,2,0,4,14,0
4,0,2,0,4,0,7,4,0
2,0,4,0,2,0,0,12,0
2,0,0,0,2,0,0,4,0
4,2,0,0,2,0,6,6,3
4,0,0,2,4,0,4,8,2
2,2,0,0,2,0,0,6,0
8,0,0,0,6,0,0,6,4
2,0,0,2,2,0,0,6,0
12,6,2,0,6,0,0,8,2
2,2,2,0,2,0,2,4,0
0,0,0,0,2,0,0,4,0
4,2,0,0,2,0,0,6,0
6,4,0,0,4,0,0,8,0
12,0,0,0,2,0,0,2,2
6,2,2,0,2,0,0,6,0
2,0,0,0,4,0,0,4,0
2,4,0,0,4,0,0,4,2
16,6,12,0,2,0,6,12,6
6,4,2,2,2,0,2,5,4
8,2,0,0,2,0,0,6,5
8,6,0,0,0,0,0,5,6
4,4,0,2,4,0,2,5,4
2,2,0,0,8,0,6,2,4
4,4,0,0,0,0,4,6,4
8,2,0,0,6,0,4,4,4
10,0,0,0,10,0,2,4,2
0,0,0,0,6,0,0,4,0
4,0,0,0,6,0,0,2,4
2,0,0,0,2,0,0,4,2
2,0,0,0,10,0,6,4,2
6,4,0,0,4,0,0,6,2
2,0,0,0,2,0,2,2,2
4,4,2,0,3,0,0,4,2
0,0,0,0,2,0,0,6,0
0,0,0,0,2,0,2,2,0
0,0,0,0,2,0,0,4,0
0,2,2,0,2,0,4,4,0
4,0,4,0,6,0,0,10,0
2,0,2,0,2,0,8,6,4
8,2,2,0,0,0,0,4,4
8,4,0,2,0,2,0,8,6
0,0,0,0,6,0,0,6,0
0,0,0,0,6,0,2,4,0
6,0,0,0,2,0,2,8,4
10,0,0,0,0,0,2,8,2
4,0,0,0,2,0,0,6,2
2,4,2,0,0,0,0,6,0
8,2,0,0,2,0,4,4,4
10,4,0,2,4,0,10,6,2
0,0,0,0,6,2,6,2,0
0,0,0,0,0,0,0,14,0
0,0,0,0,6,0,8,4,0
0,0,0,0,0,0,2,16,0
4,0,0,0,6,0,4,5,0
4,0,0,0,3,0,0,6,0
4,0,2,0,2,2,0,5,2
4,0,0,0,1,2,4,4,0
4,0,6,0,0,0,0,4,2
10,0,6,0,2,0,2,4,0
2,0,0,2,0,0,2,4,0
4,0,0,0,4,0,0,4,0
0,0,0,0,0,0,1,2,0
2,0,0,0,6,0,4,2,2
4,0,0,0,0,0,0,2,0
2,0,0,0,6,0,2,4,0
4,0,2,6,2,0,2,6,2
2,2,0,0,2,0,0,10,0
2,0,0,0,2,0,0,8,0
2,0,0,0,2,0,0,6,2
14,4,4,0,4,0,0,4,2
16,4,0,2,4,0,0,4,6
8,2,0,2,6,2,2,6,2
2,0,0,0,4,0,0,6,2
8,4,2,0,6,0,2,8,6
4,2,0,0,4,0,4,4,0
4,0,6,0,2,0,0,6,2
2,0,0,0,2,0,0,6,2
8,0,0,0,4,6,10,4,2
4,0,0,0,2,4,8,8,0
8,0,0,0,2,0,0,4,0
6,0,0,0,0,0,0,4,0
10,4,4,0,12,0,0,6,2
12,4,16,0,10,0,0,4,4
0,0,0,0,2,0,0,2,0
0,0,0,0,0,0,0,4,0
0,0,0,0,0,0,6,4,0
0,0,0,0,0,0,4,6,0
2,0,0,0,10,0,4,4,6
0,0,0,0,8,2,4,4,2
10,2,0,0,10,0,0,6,0
14,0,0,2,8,2,0,2,2
10,2,6,0,4,0,2,4,2
6,6,6,0,2,0,0,4,0
4,2,0,0,5,2,0,4,0
2,0,0,0,2,0,0,2,0
0,0,0,0,10,0,0,4,0
0,0,0,0,8,0,0,2,0
2,0,2,0,2,0,4,2,0
2,0,0,0,4,0,2,2,0
2,2,0,0,4,0,10,4,0
2,0,0,0,2,0,6,4,2
0,0,0,0,2,2,0,4,0
2,0,0,0,2,0,2,4,0
6,2,2,0,10,0,2,4,2
0,0,0,0,0,2,0,6,0
2,4,4,0,8,0,2,6,10
8,6,2,0,4,0,2,10,2
2,4,0,0,0,0,0,3,0
2,0,0,0,2,2,6,8,0
0,0,0,0,0,0,0,0,0
4,4,0,0,2,0,0,4,0
2,0,0,0,2,0,0,0,0
2,0,0,0,4,0,0,0,0
2,0,0,0,4,0,0,4,2
0,0,0,0,2,0,0,4,0
0,2,0,0,4,2,2,4,0
0,0,0,0,4,0,2,2,0
0,0,0,0,2,2,2,4,0
0,0,0,0,0,0,2,6,0
2,0,0,0,2,0,0,2,0
2,0,2,0,4,0,0,2,0
0,0,0,0,2,0,4,6,0
2,0,0,0,2,0,2,6,0
4,0,0,0,2,0,0,6,0
2,0,0,0,0,0,0,6,0
2,4,4,0,6,0,0,8,8
8,2,6,2,6,0,2,4,2
4,2,0,0,4,0,0,4,0
6,2,0,0,6,0,0,6,0
4,0,0,0,4,0,0,4,2
4,0,0,0,4,0,0,9,2
4,4,6,0,2,0,0,2,2
2,2,0,0,4,0,0,6,2
4,6,0,0,4,0,0,5,6
4,0,0,0,4,0,0,4,0
4,0,0,0,13,0,4,4,2
6,0,0,0,9,2,0,4,0
0,0,0,0,8,0,0,6,2
6,0,0,0,2,0,0,6,4
14,2,4,4,4,0,0,8,6
20,8,4,6,4,0,0,4,6
0,0,0,0,0,0,0,8,2
0,0,0,0,0,0,0,6,2
0,0,0,0,6,0,4,10,0
0,0,0,0,8,0,4,2,0
8,0,0,0,8,0,4,4,0
0,0,0,0,6,0,4,2,0
0,2,0,0,2,0,2,2,0
0,0,0,0,2,0,0,2,0
0,0,0,0,0,0,0,4,2
2,0,0,0,0,0,0,1,0
2,0,0,0,2,0,2,2,4
0,2,2,0,4,0,0,4,2
6,4,0,0,6,0,2,9,6
6,4,2,0,4,0,2,4,4
0,0,0,0,2,0,0,6,0
0,0,0,0,2,0,0,3,0
8,0,2,0,2,0,0,6,4
4,2,0,0,2,0,0,5,0
2,0,0,0,4,0,2,11,0
0,0,0,0,0,0,0,3,0
0,0,0,0,0,0,2,2,0
0,0,0,0,2,0,0,4,0
2,0,0,0,2,4,0,8,2
8,0,2,2,4,4,0,10,4
0,0,0,0,0,0,0,6,0
2,0,0,0,0,0,0,4,0
2,0,0,0,4,0,0,4,0
2,0,0,0,2,0,0,6,0
0,0,0,0,4,0,2,6,2
0,0,2,0,2,0,0,8,2
10,4,4,0,4,0,0,4,4
2,2,2,0,2,0,0,4,0
0,0,0,0,2,0,4,4,0
0,0,0,0,2,0,4,4,0
0,0,0,0,2,0,0,4,0
0,0,0,0,2,2,0,4,0
4,0,0,0,4,0,0,4,0
4,2,4,0,4,0,2,6,4
2,0,0,0,6,0,0,4,0
6,2,0,0,4,0,6,6,2
6,0,0,0,2,0,2,8,4
2,0,0,0,0,0,2,6,4
12,6,0,0,2,0,8,8,0
10,10,4,2,2,0,8,4,0
0,2,6,2,2,0,6,4,8
2,4,0,0,2,0,2,4,4
6,10,4,0,12,0,0,6,4
2,4,2,0,8,0,0,4,0
2,0,0,0,5,0,0,2,2
4,0,4,0,10,0,0,2,2
10,2,0,4,2,0,0,8,2
8,2,2,0,0,0,2,4,4
6,4,0,0,0,0,8,8,2
0,2,0,0,2,0,0,2,0
0,0,0,0,0,0,0,4,0
0,0,0,0,0,0,0,10,0
0,0,0,0,0,0,8,8,0
0,0,0,0,0,0,2,6,0
8,4,6,0,7,0,0,8,2
10,2,0,0,11,0,0,6,0
4,2,2,0,2,0,0,8,0
4,4,0,0,2,0,0,6,0
6,6,4,2,2,0,4,6,6
2,4,8,2,2,0,0,8,2
8,0,0,0,14,0,0,6,2
6,0,0,0,8,4,0,10,0
12,6,2,0,4,0,4,6,4
2,2,4,0,2,0,0,4,2
8,0,0,2,4,0,2,4,2
6,2,0,0,2,0,0,4,2
4,0,0,0,6,0,2,4,4
0,0,0,0,2,0,4,4,4
6,2,0,0,2,0,6,6,0
2,2,0,0,0,0,6,4,2
2,0,0,0,2,0,2,4,0
0,0,0,0,2,0,4,4,2
2,2,0,0,0,0,2,6,2
12,4,0,0,0,0,4,6,4
2,6,0,0,0,0,2,4,0
0,0,0,0,0,0,2,6,0
0,2,0,0,0,0,0,6,0
0,2,0,0,0,0,0,2,0
2,0,0,0,4,0,4,6,0
8,0,0,0,6,0,6,2,0
8,0,0,0,2,0,4,8,0
4,0,0,2,2,0,6,5,0
4,8,0,0,2,0,4,6,2
2,2,2,0,3,0,2,6,0
0,0,0,0,4,0,4,4,0
0,0,0,0,6,0,2,6,0
2,0,0,2,2,0,0,4,0
2,2,0,0,0,0,0,4,0
0,0,0,0,0,0,0,4,0
0,0,0,0,0,0,0,4,0
0,0,0,0,2,0,0,4,0
0,0,0,0,2,0,0,4,0
14,2,0,0,12,0,0,8,6
10,2,0,0,6,0,0,8,4
4,0,0,0,0,0,8,10,0
10,2,0,0,4,0,8,6,0
4,0,0,0,0,0,4,4,4
6,0,6,0,0,0,4,4,2
8,4,4,0,10,0,0,6,2
8,2,0,0,4,0,0,4,0
4,4,6,0,0,0,2,10,0
2,8,0,0,4,0,0,10,0
0,0,0,0,2,0,4,12,0
0,0,0,0,2,0,0,4,0
0,0,0,0,2,0,4,10,0
0,0,0,0,6,0,2,8,0
12,2,2,0,2,0,0,6,6
10,0,0,0,4,0,0,2,10
0,0,0,0,4,0,0,4,0
0,0,0,0,4,0,0,2,0
6,0,0,0,2,4,8,10,2
8,2,0,0,2,2,6,10,2
0,0,0,0,0,0,0,0,0
0,0,0,0,0,0,0,0,0
12,2,0,0,14,2,0,4,2
12,4,0,0,14,2,0,6,0
0,0,0,0,0,0,0,8,0
0,0,0,0,0,0,0,6,0
2,4,2,0,2,0,0,6,0
2,4,0,0,4,0,0,6,0
6,4,0,0,6,0,0,7,6
6,2,0,0,10,0,0,2,4
2,0,2,0,2,0,0,6,0
2,0,2,0,4,0,0,4,0
0,0,0,0,0,0,6,4,0
0,0,0,0,2,0,6,6,0
4,0,0,0,6,0,6,6,8
2,0,0,0,8,0,2,6,2
6,6,2,0,2,0,2,8,0
10,6,2,0,2,0,2,10,2
0,0,0,0,2,2,2,6,0
4,0,0,0,4,2,2,6,0
2,0,0,0,8,0,0,4,0
2,0,0,0,8,0,0,4,0
4,0,0,0,3,2,2,6,2
2,0,2,2,2,0,5,2,2
16,6,2,0,6,2,2,7,8
12,2,0,0,12,2,2,6,6
2,0,0,0,2,0,2,4,2
0,0,0,0,6,0,4,4,0
0,0,0,0,4,0,4,2,0
0,0,0,0,4,0,4,2,0
2,0,0,2,0,0,0,2,0
6,2,4,0,4,0,0,0,2
0,2,0,0,0,0,0,0,0
0,0,0,0,0,0,0,0,0
10,4,2,2,4,0,4,2,4
4,0,0,0,4,0,0,4,2
8,4,0,2,6,0,2,4,2
4,0,0,0,2,0,2,4,2
0,0,0,0,2,0,0,4,0
0,0,0,0,6,0,0,4,2
0,0,0,0,4,0,4,8,0
0,0,0,0,4,0,4,4,0
0,0,0,0,4,0,4,4,0
0,0,0,0,6,0,0,4,0
2,0,0,0,0,0,0,2,0
0,0,0,0,4,0,0,4,0
6,2,2,0,2,0,10,11,2
2,0,0,0,4,0,0,6,2
4,4,0,6,4,0,0,7,2
2,0,0,0,0,0,0,6,0
4,0,0,2,2,0,4,8,0
6,0,4,2,4,0,2,2,2
4,0,0,0,2,0,0,6,2
4,0,0,2,2,0,2,4,2
6,0,0,0,4,0,0,5,0
2,2,4,0,4,0,0,10,0
2,0,0,0,4,0,2,4,0
4,0,0,0,5,0,2,6,0
0,2,0,0,0,0,0,0,0
0,0,0,0,5,0,0,2,0
0,0,0,0,2,0,2,5,0
0,0,0,0,2,0,8,6,0
4,2,0,0,2,0,4,8,4
6,0,0,0,2,0,4,6,4
0,0,0,0,2,0,0,4,0
6,8,6,0,6,0,0,4,6
0,0,0,0,2,0,0,2,0
0,0,0,0,2,0,0,2,0
2,0,0,0,0,0,0,4,2
2,2,2,0,0,0,0,4,2
2,0,0,0,0,0,4,6,2
6,0,0,0,0,0,0,6,0
2,0,0,0,0,0,0,4,0
2,0,0,0,0,0,0,4,4
4,0,6,0,2,4,0,6,2
6,0,0,0,2,0,0,8,2
8,4,4,0,4,0,4,8,6
4,6,2,0,0,0,2,6,4
4,4,4,0,9,0,0,4,4
4,0,0,0,6,0,0,3,6
4,0,0,0,1,0,2,8,0
6,0,0,0,2,0,4,7,2
2,0,2,0,5,0,0,8,0
6,0,0,0,4,0,4,7,0
0,0,0,0,4,0,0,6,0
2,0,0,0,2,0,0,2,2
2,0,0,0,2,0,0,2,0
4,2,0,2,2,0,0,4,2
4,2,6,0,4,0,0,3,0
12,2,0,2,4,0,0,4,4
0,0,0,0,0,0,0,4,0
0,0,0,0,0,0,0,4,0
0,0,0,0,4,0,2,6,0
0,0,0,0,4,0,2,2,0
0,0,0,0,8,0,4,4,0
0,0,0,0,6,0,2,4,0
6,6,2,0,8,0,0,6,4
12,8,0,0,6,0,4,6,0
2,0,0,0,0,0,0,6,0
8,2,0,0,2,0,2,7,8
4,0,4,0,2,0,8,7,4
2,2,0,0,2,0,2,7,4
2,6,6,0,8,0,6,4,2
4,4,0,0,0,0,2,4,2
2,0,0,0,2,0,4,0,0
2,0,0,0,0,0,0,2,0
6,0,2,2,4,0,0,0,2
4,0,2,0,2,0,2,2,2
0,0,0,0,2,0,0,2,0
2,0,0,0,1,0,2,0,0
4,0,0,0,8,0,2,4,4
8,2,0,0,6,0,0,6,4
8,0,4,0,8,0,0,4,4
4,8,2,0,5,0,0,4,2
0,0,0,0,0,0,2,2,0
0,2,0,0,2,0,0,4,2
0,0,0,0,4,0,1,2,0
0,0,0,0,0,0,2,0,0
6,2,0,0,0,0,4,4,4
8,0,4,0,2,0,0,4,2
6,0,0,0,8,0,0,6,2
2,0,0,0,12,0,0,4,0
2,0,0,0,6,0,0,0,4
0,0,2,0,2,0,0,2,2
0,0,0,0,2,0,0,4,0
2,0,0,0,4,0,0,2,0
10,0,0,0,9,0,0,4,0
8,2,2,0,8,0,0,3,2
14,6,2,2,0,6,4,4,6
10,2,0,0,0,10,2,4,8
6,2,4,2,4,0,2,6,4
6,0,0,0,4,0,0,8,2
4,2,0,0,4,0,2,2,0
10,2,0,0,4,0,0,8,2
6,0,2,0,0,0,6,6,6
6,0,0,0,0,0,4,4,2
2,0,4,0,2,0,0,3,2
0,0,4,0,4,0,0,2,0
0,0,0,0,0,0,2,2,0
0,2,0,0,2,0,10,2,2
2,0,0,0,8,0,0,6,0
2,2,0,0,8,0,2,6,0
0,0,0,0,6,0,0,6,2
8,4,6,0,4,0,0,4,2
2,0,0,0,4,2,0,2,2
2,0,0,0,2,2,0,0,0
0,0,0,0,6,0,0,2,0
0,2,0,0,4,0,2,0,0
6,4,6,0,2,0,4,6,2
4,0,0,0,6,0,0,8,0
0,0,0,0,2,0,0,3,2
2,0,0,0,8,0,0,6,2
6,2,2,0,0,0,6,6,0
4,8,0,0,0,0,0,4,0
4,0,0,0,2,0,6,6,2
2,2,0,0,0,0,4,6,4
0,4,10,0,6,0,2,2,0
4,2,0,0,10,0,0,6,0
2,2,0,2,8,0,0,6,6
2,0,0,0,6,0,0,4,2
2,0,0,0,6,0,2,4,0
2,2,0,0,2,0,4,8,0
0,0,0,0,4,0,2,6,0
2,0,0,0,2,0,2,6,0
4,0,6,2,6,2,4,4,4
4,0,0,0,4,0,4,4,0
8,2,0,0,2,0,0,4,6
6,0,6,0,4,0,0,8,4
4,0,0,0,6,0,2,2,0
2,0,0,0,2,0,0,4,0
0,0,0,0,0,0,0,4,0
2,0,0,0,2,0,0,4,0
2,0,0,0,0,0,2,10,0
4,0,0,0,0,0,2,14,0
0,2,2,0,2,0,0,2,0
2,0,2,0,2,0,2,2,0
8,4,0,0,6,0,2,6,0
6,2,0,0,6,0,4,6,2
4,0,0,0,0,0,6,10,2
2,2,0,0,4,0,0,4,0
0,0,0,0,0,0,2,2,0
0,0,0,0,2,0,8,2,0
0,0,2,0,6,0,6,6,4
0,0,0,0,4,0,4,2,0
0,0,0,0,4,0,2,8,0
4,2,0,0,6,0,4,4,0
4,8,2,0,2,0,4,8,2
4,0,0,0,6,0,10,4,2
0,0,0,0,6,0,0,3,0
0,0,0,0,4,0,0,6,0
2,0,0,0,4,0,0,2,0
4,0,0,0,8,0,0,2,2
4,0,0,0,2,0,2,4,2
6,0,0,0,0,0,0,2,0
2,0,0,0,0,0,0,0,0
0,0,0,0,0,0,0,0,0
0,0,0,0,8,0,0,8,0
2,0,0,0,2,0,0,4,0
20,6,0,0,4,0,4,6,6
8,2,0,0,4,0,4,8,2
8,2,0,0,6,0,2,8,2
10,0,0,0,4,0,0,8,2
4,4,4,0,2,0,2,8,2
0,0,0,0,0,0,0,4,0
2,0,0,0,4,0,0,6,0
0,0,0,0,2,0,0,4,0
2,0,0,0,2,0,0,4,2
2,0,0,0,4,0,0,8,0
8,0,0,0,2,0,0,8,0
6,6,0,0,8,0,0,9,2
2,0,0,0,6,0,2,6,2
2,2,0,2,4,0,4,6,0
2,0,0,0,6,0,0,6,0
0,0,2,0,4,0,2,4,0
2,2,0,0,2,0,2,0,0
0,2,0,0,0,0,2,2,0
0,2,0,0,0,0,2,2,0
2,0,0,0,0,0,2,2,0
2,0,0,0,4,2,0,3,0
0,0,0,0,2,0,0,6,0
2,0,0,0,0,0,4,4,0
2,0,0,0,0,0,0,6,0
2,0,0,0,2,0,0,6,2
2,0,0,0,2,0,0,4,0
0,0,0,0,4,0,0,6,4
4,0,0,0,2,0,0,4,0
2,0,0,0,4,0,2,4,0
0,0,0,0,0,0,0,2,0
8,0,0,0,4,0,0,8,4
6,2,4,2,0,0,0,8,6
4,0,0,0,0,0,0,2,0
2,0,0,0,0,0,2,0,0
2,6,8,2,0,0,6,10,6
2,4,2,0,2,0,4,10,0
0,2,0,0,4,0,6,8,0
4,2,0,0,4,0,2,8,6
2,0,0,0,4,2,2,4,0
8,0,6,0,6,0,0,2,6
8,2,2,0,2,0,0,6,6
4,0,0,0,2,0,0,7,4
2,0,0,0,0,0,0,8,0
0,0,0,0,0,0,0,4,0
4,2,0,0,0,0,0,4,2
2,0,0,0,0,0,0,4,0
0,0,0,0,2,0,0,4,0
0,0,0,0,0,0,0,4,0
6,2,0,0,8,0,0,4,0
6,4,0,0,4,0,0,4,2
2,0,0,0,2,0,0,4,0
0,0,0,0,2,0,4,4,0
0,0,0,0,5,0,2,6,0
0,0,0,0,8,0,2,0,0
0,0,0,0,7,0,2,2,0
0,0,0,0,4,0,2,0,0
2,0,4,4,2,0,2,6,0
6,0,0,0,2,0,0,6,4
0,0,0,0,0,0,0,6,0
0,2,0,2,0,2,4,6,2
4,0,0,0,2,0,2,2,0
0,4,0,0,6,0,2,4,0
0,2,0,0,4,2,2,4,0
0,0,0,0,2,0,0,4,0
6,2,0,0,4,2,2,12,2
0,0,0,2,2,0,2,4,0
6,0,0,0,4,2,2,6,0
4,0,0,0,2,0,4,2,0
0,0,0,0,18,0,0,8,0
2,0,0,0,10,0,0,10,0
14,0,6,0,10,0,0,6,4
12,6,4,0,8,0,2,8,4
8,0,0,0,2,2,8,8,4
8,2,0,0,6,0,8,4,2
2,2,0,0,4,0,0,4,4
4,2,4,0,4,0,4,4,2
0,0,0,0,0,0,0,6,0
4,0,0,0,4,0,2,10,0
0,0,0,0,0,2,2,2,0
0,0,0,0,0,0,0,2,0
2,0,0,0,2,0,0,4,0
6,2,0,0,2,6,0,4,4
0,0,0,0,6,0,2,6,0
0,0,0,0,14,0,2,6,2
0,0,0,0,2,0,0,4,0
0,0,0,0,0,0,0,4,0
0,0,0,0,2,0,0,4,0
0,0,0,0,2,0,0,8,0
0,0,0,0,2,0,0,4,0
0,0,0,0,2,0,0,4,0
2,0,0,0,4,0,0,0,4
0,0,0,0,0,0,0,4,2
2,0,0,0,2,0,0,2,0
4,2,0,2,0,0,0,4,0
12,0,0,0,8,0,0,8,2
6,0,0,0,6,0,0,8,2
4,0,0,0,4,0,2,4,2
4,2,6,0,6,0,2,8,4
2,0,0,0,0,0,0,6,0
0,0,0,0,6,0,0,4,0
0,0,0,0,2,0,0,6,0
2,0,2,0,2,0,4,6,0
4,2,2,2,2,0,4,4,2
2,6,2,4,2,0,0,4,2
0,2,0,0,6,4,6,4,2
0,4,0,0,2,0,0,6,0
0,0,0,0,8,0,0,4,2
2,2,0,0,4,0,0,6,0
2,2,0,0,2,2,2,0,2
4,0,0,0,2,0,2,0,0
0,0,0,0,2,0,13,4,0
0,0,0,0,0,0,7,6,0
0,0,0,0,0,0,0,2,0
0,2,0,0,4,0,0,2,0
0,0,0,0,0,0,4,4,0
0,0,0,0,4,0,6,2,0
0,0,0,0,0,0,3,6,0
0,0,0,0,2,0,4,2,0
2,0,0,0,2,0,0,0,0
2,0,0,0,2,0,2,2,0
0,0,4,0,2,0,0,4,0
2,0,0,2,6,0,0,6,2
0,0,0,0,2,0,0,6,0
0,0,0,0,4,0,0,4,0
4,0,0,2,0,0,0,8,0
6,0,2,0,2,0,0,9,4
2,0,4,0,4,0,2,8,2
0,0,4,0,0,0,0,7,0
0,0,0,0,2,0,0,4,0
0,0,0,0,2,0,2,4,2
0,0,0,0,2,0,2,6,2
0,0,0,0,2,0,4,8,0
2,0,0,0,7,2,4,2,0
0,0,0,0,0,0,0,2,0
0,0,0,0,4,0,0,4,0
0,0,0,0,5,0,0,4,0
6,10,6,2,6,0,0,4,4
4,0,0,0,2,0,4,4,2
2,0,0,0,6,0,0,2,0
0,0,0,0,2,0,0,4,0
4,0,0,0,2,0,4,4,0
2,0,0,0,0,0,0,4,0
0,0,0,0,2,0,2,8,0
0,0,0,0,4,0,0,4,0
6,0,0,0,2,0,0,7,4
2,0,0,0,4,0,0,4,0
0,0,0,0,2,0,0,2,0
0,0,0,0,2,0,0,6,0
0,0,0,0,2,0,0,4,0
0,0,0,0,0,0,2,8,0
10,2,0,0,6,2,0,4,6
6,2,0,0,6,2,0,6,2
6,2,2,0,10,0,0,8,4
4,10,2,0,10,0,0,4,4
6,0,0,0,4,0,2,8,2
2,0,0,2,6,2,2,6,2
12,2,0,0,4,2,2,8,4
2,0,0,0,2,0,6,6,0
2,0,0,0,2,0,0,6,0
0,0,0,0,4,0,2,4,2
8,2,0,0,2,0,6,6,2
2,0,0,0,2,0,6,6,0
8,2,6,0,2,0,2,10,8
8,4,0,0,4,0,0,4,4
10,4,0,2,6,0,0,8,6
4,2,2,0,4,0,0,6,4
6,0,0,0,0,0,2,8,0
4,2,0,0,2,0,4,11,2
2,0,0,0,0,0,2,2,0
0,0,0,0,4,0,0,5,0
6,6,6,0,6,0,0,3,2
2,0,0,0,0,0,2,2,0
0,0,0,0,0,0,2,4,0
0,0,0,0,4,0,0,4,0
0,0,0,0,0,0,2,4,0
0,0,0,0,0,0,0,2,0
2,10,2,4,4,2,2,4,6
2,0,0,0,4,0,0,8,2
0,0,0,0,2,0,4,5,2
2,0,0,0,4,0,0,10,2
2,0,0,0,4,0,2,2,2
4,0,0,0,4,0,4,4,0
0,0,0,0,2,0,2,6,0
0,0,0,0,6,0,2,4,0
6,0,0,0,4,0,0,2,0
2,0,0,0,2,0,0,6,0
2,2,2,2,4,0,4,4,2
0,0,0,0,0,0,0,6,0
2,0,0,0,8,0,0,4,0
2,2,0,0,6,0,0,4,0
10,2,0,0,13,0,8,6,2
6,0,0,0,4,0,6,3,2
0,0,0,0,2,0,0,2,0
0,0,0,2,6,0,0,2,0
2,0,0,0,2,0,0,6,0
0,0,0,0,0,0,0,4,2
2,0,0,0,0,0,0,2,0
2,0,0,0,2,0,0,2,0
2,0,0,0,0,0,0,4,2
0,0,0,0,0,0,0,0,2
0,0,0,0,0,0,7,4,0
0,0,0,0,0,0,3,2,0
2,0,0,0,0,0,6,0,0
0,0,0,0,0,0,6,0,0
6,2,0,0,4,0,0,4,0
2,0,0,0,2,0,2,4,0
4,0,0,0,2,0,4,6,0
4,0,0,0,0,0,2,6,0
6,2,2,0,2,0,6,6,4
14,2,0,0,7,0,6,8,4
0,0,0,0,2,5,10,6,2
0,0,0,0,6,0,10,6,0
0,0,0,0,6,0,6,8,2
0,0,0,0,6,2,4,12,2
2,0,0,0,4,0,0,6,0
2,2,0,0,2,0,0,8,2
8,0,0,0,4,0,4,4,0
6,0,0,0,6,0,4,4,0
0,0,0,0,6,0,0,6,0
0,0,0,0,8,2,0,4,0
6,2,0,0,5,0,2,2,4
4,2,0,0,6,0,3,2,0
2,0,0,0,2,0,0,6,0
12,2,0,0,2,0,2,18,4
2,0,0,0,2,0,0,4,0
4,0,0,0,2,0,0,4,0
4,4,4,0,2,0,2,6,6
2,8,4,0,0,0,2,8,0
0,0,0,0,0,0,4,4,2
0,2,0,0,2,0,2,6,0
12,6,6,0,4,0,14,10,2
6,6,4,0,4,2,8,10,2
2,4,0,0,14,0,0,12,0
0,0,0,0,2,0,4,6,0
14,4,2,0,2,0,0,6,8
10,0,0,0,6,0,0,2,2
0,0,0,0,6,0,0,6,0
0,0,0,0,2,0,0,6,0
0,2,0,0,4,0,2,6,0
0,0,0,0,2,0,2,6,0
0,0,0,0,4,0,2,6,0
0,0,0,0,2,0,2,6,0
10,0,0,0,2,0,0,4,0
6,0,0,0,2,0,0,6,2
0,0,0,0,2,0,0,8,0
2,0,0,0,2,0,0,6,2
12,2,0,0,6,0,2,6,4
14,2,0,4,2,0,2,4,4
4,8,10,3,0,0,0,6,6
14,0,10,4,2,0,0,15,4
0,0,0,0,2,2,8,5,0
0,0,0,0,4,0,2,4,0
2,0,0,0,0,0,0,4,0
0,0,0,0,1,0,0,4,0
0,0,0,0,4,2,2,6,0
0,0,0,0,12,0,2,8,0
0,0,0,0,6,0,0,4,0
0,0,0,0,4,0,0,6,0
6,2,4,0,2,0,0,4,0
0,0,0,0,4,0,0,6,2
12,6,0,0,4,0,0,10,4
12,8,0,2,2,0,0,10,4
4,4,6,0,6,0,4,8,0
4,2,2,4,10,0,4,6,0
2,0,0,0,6,0,3,6,0
0,0,0,0,4,0,9,4,0
4,10,0,0,8,0,4,2,2
2,2,0,0,0,0,0,4,0
0,0,0,0,4,0,2,4,0
0,2,0,0,4,0,0,2,0
0,0,0,0,4,0,2,6,0
0,2,0,0,6,0,2,2,0
4,4,4,0,14,0,0,4,0
4,0,0,0,2,0,0,4,2
6,2,4,0,2,0,2,6,2
4,2,0,0,2,0,2,2,0
0,0,0,0,2,0,14,6,0
0,0,0,0,2,0,6,4,0
2,0,0,0,8,0,6,4,0
0,0,0,0,2,0,0,4,0
4,2,0,0,6,0,0,4,4
2,0,0,0,4,0,0,6,2
0,2,0,0,10,0,0,2,4
0,0,0,0,6,0,0,6,0
4,0,0,0,6,0,2,5,0
0,0,0,0,6,0,2,2,0
0,2,0,2,2,0,0,2,2
2,0,0,0,2,0,0,2,0
0,0,0,0,4,0,0,2,0
2,2,0,0,4,0,0,4,2
12,6,0,0,17,0,6,6,8
14,4,6,0,10,2,6,6,6
6,2,2,0,4,0,6,8,6
4,0,2,0,0,4,6,8,2
2,2,2,0,8,0,0,4,0
0,0,0,0,2,0,0,6,0
4,0,0,0,0,0,2,2,0
2,2,0,0,4,0,4,4,0
4,6,8,0,0,0,10,2,2
4,6,2,0,6,0,8,4,4
2,0,0,0,2,0,6,2,0
0,0,0,0,0,0,0,2,0
2,0,0,2,8,0,0,6,0
6,0,0,0,8,2,0,8,2
10,0,0,0,6,0,8,6,2
6,0,0,0,4,0,2,4,0
2,0,2,0,2,0,0,5,0
6,4,0,0,6,0,4,8,0
2,0,0,0,4,0,0,8,0
2,0,0,0,2,0,0,4,0
0,0,0,0,2,0,0,2,2
0,0,0,0,2,0,0,4,4
4,0,0,0,0,2,8,6,2
4,2,0,0,6,0,12,8,0
2,0,0,0,2,0,0,4,0
10,0,0,0,0,0,0,6,6
0,0,0,0,0,0,0,2,0
0,0,0,0,2,0,0,3,0
4,4,0,0,0,0,0,4,0
2,0,0,0,3,0,4,4,0
0,0,0,0,2,0,0,4,0
0,0,0,0,2,0,0,2,0
6,2,4,2,2,0,0,4,6
8,2,0,0,8,0,0,6,6
2,2,0,2,2,0,2,2,0
0,0,0,0,2,0,2,2,0
2,0,0,0,0,0,2,2,0
0,0,0,0,2,0,2,2,0
2,2,0,0,4,0,2,6,2
0,0,0,0,4,0,0,4,2
10,4,2,0,2,0,2,12,4
10,10,4,0,2,0,2,10,4
2,6,0,0,4,0,2,10,2
4,6,0,0,2,0,4,8,2
0,2,0,0,2,0,0,4,0
0,0,0,0,2,0,0,4,0
0,0,0,0,4,0,0,4,0
2,0,0,0,2,0,0,4,0
2,0,0,0,0,2,0,6,2
6,2,2,0,5,2,12,4,4
2,0,0,0,0,0,0,6,2
6,0,0,2,6,0,8,4,0
6,2,0,0,0,0,4,6,4
12,2,2,0,0,0,2,6,4
2,0,0,0,6,0,2,4,0
2,0,0,0,2,0,0,6,2
4,4,0,0,0,2,0,6,2
4,0,0,0,0,0,0,4,4
8,10,6,0,0,2,0,4,4
8,2,0,0,0,0,0,6,2
0,0,0,0,2,0,0,6,0
2,4,4,0,12,0,0,4,4
0,0,0,0,2,0,2,4,0
0,0,0,0,6,0,2,2,2
0,0,0,0,2,0,2,4,0
0,0,0,0,0,0,0,6,0
14,2,0,0,2,0,0,12,2
6,2,4,0,2,0,0,8,0
2,0,0,0,2,0,0,4,2
0,2,0,2,6,0,0,2,2
0,0,0,0,2,0,4,8,0
0,0,0,0,4,0,4,4,0
0,0,0,0,2,0,0,6,0
0,0,0,0,2,0,4,6,0
2,2,0,0,2,0,0,2,4
4,0,0,0,4,0,6,6,6
0,0,0,0,8,0,2,6,0
0,0,0,0,6,0,0,4,0
10,2,0,0,4,0,6,10,2
12,4,0,0,4,0,8,6,2
4,0,0,0,2,0,0,6,0
2,6,0,0,0,0,4,6,0
6,4,0,0,4,0,0,6,4
6,4,0,0,0,0,0,6,2
0,0,0,0,0,0,2,4,2
4,0,4,0,4,0,0,5,2
2,0,0,0,8,0,0,6,0
2,0,0,0,2,0,2,2,2
0,4,0,0,12,0,0,6,0
0,0,0,0,2,0,2,4,0
10,4,0,2,2,0,0,4,2
4,2,0,2,2,0,0,2,0
8,4,2,0,6,0,4,4,6
4,2,2,4,6,0,8,4,6
0,2,0,0,4,0,0,2,0
0,4,0,0,2,0,0,4,0
4,0,2,2,2,0,0,2,4
4,6,2,0,2,0,0,4,2
2,0,0,0,4,0,2,8,0
0,0,0,0,2,0,0,4,0
0,0,0,0,4,0,0,2,0
4,2,0,0,8,0,0,4,4
6,0,2,0,12,0,0,2,0
4,0,0,0,6,0,0,4,0
4,0,0,0,10,0,2,8,0
6,0,0,0,6,0,0,8,0
0,6,0,0,6,0,0,6,0
0,2,0,0,0,0,0,6,0
4,6,8,0,0,0,0,4,4
4,4,2,0,6,0,0,0,4
0,0,0,0,2,0,0,8,0
0,0,0,0,0,0,0,4,0
0,0,0,0,6,0,0,4,0
4,0,2,0,10,0,0,6,0
2,0,0,0,6,0,0,2,0
2,0,0,0,6,0,0,8,0
4,0,4,2,4,0,0,4,2
4,2,0,0,2,0,0,6,4
10,2,0,0,8,0,4,4,0
4,0,0,0,2,2,4,4,4
0,4,0,0,2,4,2,4,2
4,2,0,2,2,0,0,0,4
2,2,0,0,2,0,0,0,4
2,4,0,0,2,6,2,6,0
4,0,0,0,2,0,2,2,2
2,0,0,0,0,0,2,8,0
2,2,0,0,2,0,8,8,0
4,0,0,0,4,2,2,6,2
8,0,0,0,4,0,2,4,2
6,4,0,0,4,0,6,6,2
6,0,0,0,4,0,2,6,2
4,0,4,0,4,0,0,10,4
2,2,0,0,2,0,0,8,0
0,0,0,0,2,0,0,2,0
0,0,0,0,0,0,0,0,0
2,2,0,0,0,0,2,6,0
4,1,0,0,2,0,0,6,0
2,0,2,0,4,0,6,6,2
2,8,2,0,0,0,0,6,0
2,0,0,0,2,0,0,12,0
0,0,0,0,2,0,0,8,0
6,4,0,0,2,0,0,6,4
4,6,4,0,1,0,0,6,2
6,2,0,0,2,0,0,2,4
4,2,0,2,6,0,0,4,4
0,0,2,0,3,0,0,2,0
0,0,0,0,0,0,2,4,0
0,2,0,0,4,0,0,2,0
0,0,0,0,2,0,0,0,0
2,0,0,0,8,0,0,4,2
2,0,0,0,10,0,0,4,2
0,0,0,0,2,0,0,4,0
0,0,0,2,4,0,2,2,0
2,0,0,0,8,0,0,2,0
0,0,0,0,4,0,0,2,0
0,0,0,0,0,0,2,4,0
0,0,0,0,4,0,3,2,0
0,0,0,0,0,0,0,2,0
0,0,0,0,2,0,4,2,0
0,0,0,0,4,0,2,2,0
0,0,0,0,2,0,0,2,0
4,0,0,0,2,0,5,4,0
2,4,2,0,4,0,6,5,2
0,4,4,0,0,0,6,8,2
2,4,0,0,4,0,10,4,0
0,2,0,0,2,0,0,6,4
10,4,0,0,8,2,0,4,6
6,2,0,0,4,0,2,4,2
4,2,4,0,4,0,0,4,2
0,0,0,0,2,0,0,6,0
0,0,0,0,5,0,0,4,0
0,0,0,0,2,0,2,6,0
0,2,0,0,4,0,0,2,0
2,0,0,0,4,0,0,6,0
0,0,0,0,2,0,0,4,0
4,2,0,0,6,0,0,4,0
0,0,0,2,0,0,0,4,0
6,4,0,0,10,2,4,8,2
2,0,0,0,4,0,2,3,0
6,4,2,0,6,0,0,6,4
0,4,4,0,8,0,2,5,0
10,4,2,0,4,0,0,2,6
8,2,2,2,2,0,0,6,0
18,0,0,0,5,2,0,4,0
6,0,0,0,4,0,0,4,2
0,0,0,0,2,0,2,4,0
0,0,0,0,4,0,4,4,0
0,0,0,0,4,0,0,2,0
2,0,0,0,4,0,0,0,0
0,0,2,0,2,0,0,10,0
6,0,2,0,8,0,0,8,2
2,0,0,0,2,0,0,4,0
0,0,0,0,0,0,0,2,0
0,0,0,0,2,0,0,2,0
0,0,0,0,4,0,0,2,0
2,4,0,2,2,0,0,2,2
4,2,2,0,2,0,0,4,0
2,4,4,2,2,0,0,2,0
0,0,0,0,3,0,0,4,0
2,4,0,0,0,0,10,4,0
0,2,0,0,0,0,8,10,0
0,0,0,0,0,0,6,4,2
0,0,0,0,0,0,6,4,6
2,2,0,0,10,2,6,12,2
2,0,0,0,4,0,2,6,2
2,0,0,0,6,0,2,4,0
2,0,0,0,6,0,2,6,2
8,2,0,0,7,0,6,4,4
6,2,0,0,6,0,4,4,0
8,4,0,0,6,2,12,4,2
0,0,0,0,2,0,2,6,0
6,0,0,0,4,0,0,4,2
8,6,4,4,6,0,4,10,6
0,0,0,0,2,0,0,8,0
2,0,0,0,2,0,4,4,0
0,0,0,0,4,0,2,8,0
2,0,0,0,2,0,8,2,0
4,0,4,0,4,0,0,4,0
0,2,0,0,2,0,0,4,0
6,2,0,2,4,0,0,4,4
6,2,2,2,4,0,0,4,6
2,0,0,0,2,0,2,4,0
0,0,0,0,2,0,4,6,0
8,0,0,0,0,0,0,6,0
4,0,0,0,0,0,0,8,0
10,2,2,0,4,0,2,6,4
10,4,2,4,8,0,0,4,2
2,0,0,0,2,0,0,4,0
0,0,0,0,2,0,0,4,0
4,0,0,0,2,0,0,2,0
4,0,0,0,6,0,0,4,0
0,2,0,0,2,0,0,2,0
0,0,0,0,0,0,0,8,0
6,2,4,2,2,0,2,2,4
8,2,2,0,4,0,0,8,2
2,0,0,0,2,0,4,6,4
0,0,0,0,2,0,4,4,2
2,0,0,0,4,0,2,4,0
0,0,0,0,0,0,0,2,0
0,0,0,0,6,2,2,2,0
0,0,0,0,4,0,0,6,0
10,0,2,0,8,0,2,8,0
4,0,0,0,2,0,4,8,0
8,4,0,0,6,0,2,4,0
2,2,0,0,2,0,0,8,0
0,0,0,0,0,0,2,4,0
2,0,0,0,3,0,4,6,0
6,0,0,0,8,2,2,1,0
2,0,0,0,5,2,0,4,0
2,0,2,0,4,0,2,6,2
2,0,2,0,4,0,2,8,2
8,2,0,0,0,0,2,6,0
10,0,6,0,4,0,0,7,2
6,0,0,0,4,2,0,10,2
6,0,0,0,4,4,0,6,2
8,0,2,0,4,0,0,8,0
6,2,2,0,4,0,0,2,0
2,2,0,0,6,0,2,6,0
4,0,0,0,12,0,0,4,0
2,4,4,0,2,0,2,6,0
4,6,0,0,2,2,2,6,0
0,2,0,0,3,2,2,8,4
0,4,0,0,2,0,6,8,4
10,4,2,2,4,0,0,2,8
6,4,2,0,4,0,0,4,6
0,2,0,0,6,0,0,0,0
0,0,0,0,8,0,0,2,0
4,2,4,0,2,0,0,5,6
10,8,8,0,0,0,4,5,2
0,0,0,0,4,0,0,2,0
0,0,0,0,4,0,0,2,0
6,4,0,2,4,0,0,4,2
2,0,0,0,3,0,0,4,0
4,5,0,0,2,0,4,8,0
4,4,0,0,0,0,0,4,2
0,0,0,0,2,0,4,8,0
0,0,0,0,2,0,0,4,0
0,0,0,0,2,2,0,2,0
2,0,0,0,2,0,0,2,0
4,0,0,0,4,0,0,4,0
2,0,0,0,2,0,0,4,0
6,2,0,0,6,0,3,4,2
10,2,0,0,10,0,7,6,0
2,0,0,0,6,0,6,6,2
10,2,0,0,4,0,2,4,2
0,0,0,0,4,0,10,8,0
0,0,0,0,2,0,2,2,0
0,0,0,0,13,0,8,0,0
0,0,0,0,10,0,6,0,0
2,0,0,0,5,0,2,4,0
0,0,0,0,6,2,0,2,0
6,2,0,0,10,0,0,4,2
2,2,0,0,7,0,0,10,2
4,0,0,0,2,0,2,8,2
2,0,0,0,4,0,0,8,2
0,0,0,0,4,0,0,0,0
0,0,0,0,2,0,0,2,0
0,2,0,0,0,0,0,2,0
0,0,0,0,0,0,0,2,0
0,0,0,2,0,0,0,10,0
2,0,2,0,2,6,0,0,2
0,0,0,0,4,0,2,8,0
0,0,0,0,4,2,0,6,0
2,0,0,0,11,0,2,2,0
2,0,0,0,8,0,8,3,0
0,4,0,0,1,0,0,6,0
0,0,0,0,0,0,0,6,0
0,0,0,0,0,0,0,4,0
0,0,0,0,2,0,0,2,0
2,0,0,0,2,0,2,6,4
2,4,0,0,6,0,0,10,0
4,2,0,0,2,0,4,4,4
6,4,0,0,8,0,0,4,6
0,0,0,0,4,0,0,8,0
0,0,0,0,6,0,0,2,0
8,0,0,0,2,0,2,4,0
8,0,2,0,0,0,0,6,2
2,0,0,0,6,0,0,2,0
0,0,0,0,4,0,0,4,0
2,0,0,0,4,0,0,10,0
0,0,0,0,2,0,2,8,0
6,0,2,0,2,4,0,2,0
2,2,0,2,2,0,0,2,0
4,0,2,0,6,0,2,4,2
0,0,0,0,8,0,4,6,0
0,0,0,0,2,0,0,8,0
2,0,0,0,6,0,0,6,0
0,0,0,0,6,0,2,4,0
0,0,0,0,2,0,2,4,0
2,2,0,0,4,0,4,8,4
2,6,4,0,4,0,2,6,4
2,0,0,0,0,0,4,6,0
0,0,0,0,4,0,2,4,0
2,2,0,0,4,0,0,0,0
4,0,0,0,0,0,0,4,2
2,2,4,2,4,0,0,8,0
2,0,0,0,2,0,0,10,0
2,0,0,0,2,0,0,6,2
2,0,0,0,10,0,0,4,0
0,4,0,0,10,0,0,18,0
4,0,4,0,2,2,0,6,0
6,2,0,2,4,0,2,2,2
6,0,0,4,4,0,2,6,4
2,0,0,0,4,0,0,4,4
0,0,0,0,6,0,0,6,4
2,6,10,0,4,0,6,6,6
6,0,2,0,6,0,4,4,8
10,4,0,0,2,0,4,4,2
0,0,0,0,0,0,4,5,0
0,0,0,0,4,0,10,4,0
0,0,0,0,6,0,6,2,0
4,0,0,0,4,0,0,2,2
2,0,0,2,2,0,2,2,2
4,2,4,0,6,0,0,4,0
2,2,2,0,4,0,2,2,0
4,2,2,0,8,0,2,4,0
2,0,0,0,4,0,2,0,0
4,2,0,2,4,2,2,4,6
4,2,0,0,2,0,2,6,4
0,0,0,0,2,0,0,6,0
4,2,0,0,0,0,6,4,4
4,0,0,0,4,0,2,0,0
2,0,0,0,2,0,0,6,0
4,0,0,0,6,0,0,4,4
4,0,0,0,8,0,0,2,6
0,0,0,0,2,0,0,2,2
0,0,0,0,4,0,0,4,2
2,0,0,0,2,0,0,4,0
0,0,0,0,0,0,0,2,0
0,0,0,0,0,0,2,4,0
0,0,0,0,2,0,0,2,0
0,0,0,0,4,0,0,4,0
0,0,0,0,2,0,4,0,0
10,2,2,0,2,0,4,6,2
8,2,0,0,6,0,4,8,2
4,0,0,0,4,0,0,8,0
4,0,0,0,4,0,0,12,2
4,4,0,0,8,0,0,2,2
2,0,0,0,2,0,2,2,0
0,0,0,0,10,0,2,4,0
0,0,0,0,4,0,0,0,0
2,0,0,0,6,0,0,8,0
0,0,0,0,2,0,0,6,0
4,8,10,4,6,0,2,6,8
4,4,4,0,4,0,0,4,4
2,0,0,0,2,2,2,6,0
0,0,0,0,3,0,4,4,0
4,2,0,2,0,0,0,6,0
8,0,0,0,0,0,0,8,0
0,0,0,0,0,0,2,4,0
0,0,0,0,2,0,2,4,0
0,0,0,0,4,2,0,6,0
0,2,0,0,4,0,4,4,0
0,0,0,0,2,0,4,2,0
0,0,0,0,4,0,2,0,0
2,0,0,0,2,4,4,6,0
0,0,0,0,2,0,4,0,2
0,0,0,0,2,0,6,6,0
0,0,0,0,2,0,4,8,0
2,2,0,0,2,0,0,4,2
6,0,0,0,0,0,0,2,0
0,0,0,0,2,0,2,4,0
2,0,0,0,2,0,0,4,0
8,4,2,0,10,0,0,6,2
2,0,0,0,2,0,0,4,0
6,0,0,0,6,0,2,3,0
2,0,0,0,4,0,0,4,0
6,2,2,0,0,0,2,8,2
2,2,0,0,0,0,4,4,2
2,0,0,0,5,0,0,0,2
0,2,0,0,7,0,0,2,2
4,0,0,0,5,0,0,0,0
2,2,0,0,3,0,0,0,0
0,4,6,0,2,0,0,6,4
2,0,2,0,0,1,0,2,2
2,0,0,0,2,0,0,6,2
0,0,0,0,0,4,0,4,0
4,6,2,0,14,0,0,4,0
8,0,0,0,15,0,6,8,0
0,2,0,0,2,0,0,6,2
6,0,0,0,4,0,0,4,0
2,0,2,0,2,0,0,10,2
4,0,0,0,2,0,2,8,2
0,0,0,0,0,0,0,2,0
0,0,0,0,0,0,0,0,0
0,2,0,0,0,0,3,8,4
2,0,4,0,0,0,0,6,0
4,2,0,0,2,0,2,6,10
6,4,8,2,8,0,2,6,6
6,0,0,0,2,0,2,4,0
2,3,2,0,2,0,0,2,0
4,2,0,0,7,0,0,0,0
2,0,0,0,0,0,4,0,0
0,0,0,0,5,2,6,0,0
0,2,0,0,0,0,9,2,0
0,0,0,0,0,2,4,8,0
2,0,4,2,1,0,6,8,2
0,0,0,0,0,0,0,6,0
0,4,0,0,2,0,2,9,0
12,2,2,0,10,0,0,4,6
4,0,0,0,4,0,0,6,2
0,0,2,0,0,0,0,6,2
2,0,2,0,2,0,0,6,0
0,0,0,0,2,0,0,6,0
0,0,0,0,6,0,0,4,0
0,2,0,0,6,0,0,5,0
4,0,0,0,2,0,0,7,0
4,0,2,2,6,0,4,4,2
4,0,2,0,2,0,4,5,0
2,0,0,0,6,0,0,4,2
4,0,0,0,6,0,0,2,2
6,4,6,0,2,0,4,4,2
12,6,0,0,16,0,4,6,0
6,0,4,2,6,0,0,6,4
6,2,0,0,2,0,0,4,4
6,0,0,0,5,0,0,6,0
2,2,0,0,1,0,0,2,0
0,0,0,0,2,0,0,4,0
0,2,0,0,11,0,2,2,2
0,0,0,0,2,0,8,6,0
0,0,0,0,2,0,7,4,0
2,2,2,0,4,0,4,3,0
0,2,2,0,0,0,2,4,0
10,0,2,2,4,2,2,10,4
2,0,0,0,5,0,0,10,0
4,0,0,2,4,0,0,10,4
0,0,0,2,4,0,0,6,0
0,0,0,0,0,0,0,2,0
2,2,2,0,4,0,0,3,2
4,0,0,2,4,0,0,0,6
0,0,0,0,3,0,8,4,0
0,0,0,0,5,0,12,2,0
0,0,0,0,6,0,6,2,0
0,0,0,0,4,0,0,2,0
0,0,0,0,8,0,4,4,0
0,0,0,0,6,0,4,6,0
10,2,0,0,2,0,2,4,2
6,2,0,0,2,0,4,4,4
4,2,6,4,4,0,2,8,6
8,0,2,4,0,0,6,8,2
0,2,0,0,4,0,0,4,0
2,0,0,0,4,0,0,4,0
4,4,2,0,6,0,2,2,2
6,4,0,0,6,0,0,4,2
0,0,0,0,4,0,4,8,0
0,2,2,0,10,0,8,6,0
2,4,0,0,2,0,0,4,0
0,2,2,0,4,0,2,6,4
4,0,0,2,0,0,0,4,0
2,6,0,0,0,4,0,5,2
0,0,0,0,4,0,0,4,0
0,0,0,0,0,0,0,4,0
0,0,0,0,0,0,0,6,0
0,0,0,0,0,0,0,0,0
0,0,0,0,4,0,0,4,0
0,0,0,0,2,0,0,0,0
0,0,0,0,2,0,0,4,0
0,0,0,0,2,0,0,0,0
0,0,4,0,4,0,0,2,0
2,0,0,0,2,0,0,4,2
0,0,0,0,0,0,0,2,0
2,4,4,0,6,0,6,8,4
2,2,0,0,2,0,6,8,2
0,0,0,0,8,0,4,4,0
2,0,0,0,2,0,2,8,0
8,0,0,0,0,0,0,2,2
10,2,0,2,2,0,2,4,0
2,0,0,0,8,0,0,4,0
2,0,0,0,6,0,0,6,0
4,0,0,0,4,0,2,6,0
4,0,0,0,2,0,0,8,0
2,0,0,0,10,0,0,6,0
2,0,0,0,10,0,0,4,0
10,2,2,2,2,0,0,10,4
10,6,0,0,0,0,2,8,2
8,2,0,0,2,0,0,6,2
2,0,0,0,4,0,0,8,0
0,2,0,0,4,0,0,3,4
0,0,0,0,2,0,0,4,2
6,2,0,0,2,0,0,4,4
4,2,0,0,2,0,0,2,4
4,0,0,0,6,2,0,12,2
2,0,2,0,12,2,0,8,2
4,0,0,0,2,0,2,4,2
2,2,0,0,4,0,0,4,2
0,0,0,0,0,0,0,6,0
0,0,0,0,4,0,0,4,0
2,0,2,0,4,0,0,6,2
2,2,2,0,6,0,0,6,2
6,0,0,2,8,0,0,4,6
4,0,0,0,4,0,0,8,4
4,0,0,0,2,0,0,6,0
2,0,0,0,2,0,0,6,0
2,0,2,0,2,0,0,4,0
2,0,0,0,4,0,2,2,0
0,2,0,0,4,0,2,6,0
2,2,0,0,3,0,2,6,0
0,0,0,0,1,0,2,4,0
2,0,0,0,5,0,2,6,0
0,0,0,0,2,0,2,6,0
0,0,0,0,4,0,2,4,0
2,0,0,0,4,0,0,8,0
2,0,0,0,4,0,0,4,0
2,0,2,0,8,0,0,6,2
4,2,2,0,12,0,0,6,2
2,0,0,0,4,0,0,6,0
4,0,0,0,4,0,4,2,0
4,2,0,0,2,0,0,4,0
6,2,0,0,4,0,0,4,2
0,6,2,0,4,2,4,10,2
2,2,0,0,4,2,2,6,0
2,2,0,0,2,0,2,8,2
2,0,0,0,2,0,0,6,2
0,0,0,0,4,0,0,4,2
0,0,0,0,6,0,0,5,0
0,0,0,0,4,0,0,2,0
0,0,0,0,2,0,0,6,0
4,4,2,0,2,0,4,4,2
4,6,0,0,2,0,2,4,2
4,0,0,0,0,0,2,3,2
4,2,4,4,0,0,2,2,0
2,0,0,0,0,0,2,4,2
4,2,0,0,0,0,2,4,2
0,0,0,0,2,0,0,2,0
2,0,0,0,4,0,2,4,0
0,0,0,0,2,0,0,4,0
4,0,0,0,0,0,2,4,0
6,0,0,0,9,0,2,6,0
4,0,0,0,8,0,2,8,0
4,0,0,0,2,4,9,6,0
2,0,0,0,3,2,6,6,0
6,0,0,0,4,0,7,10,2
8,0,0,0,7,2,6,4,0
6,0,0,0,6,0,8,6,0
0,0,0,0,2,2,6,8,0
2,0,4,0,7,0,4,6,2
4,4,4,0,9,0,10,2,0
4,0,2,2,0,0,4,8,2
2,4,0,0,0,0,4,10,2
2,4,0,0,0,0,6,8,2
2,0,2,0,0,0,4,8,2
0,0,0,0,4,0,2,8,2
2,0,0,0,2,0,2,4,2
4,2,0,0,2,0,0,4,6
8,2,0,0,6,0,0,2,0
2,0,0,0,2,0,0,2,2
0,0,0,0,2,0,0,6,0
0,0,0,0,4,0,8,6,0
0,0,0,0,0,0,7,6,0
2,2,0,0,4,0,2,6,0
2,2,0,0,2,0,0,4,2
6,2,0,0,6,0,4,6,6
8,2,0,0,0,0,2,6,4
2,0,0,0,2,0,0,2,0
6,0,0,0,6,0,0,4,0
2,0,4,2,2,0,2,4,0
8,0,0,0,2,0,0,0,0
4,0,4,0,4,0,0,6,2
6,2,0,0,2,0,0,8,2
0,0,0,0,2,0,2,4,0
4,0,0,0,2,0,2,5,0
0,0,0,0,0,0,0,5,0
0,0,0,0,3,0,0,6,0
0,0,0,0,4,0,0,10,0
0,0,0,0,0,0,0,6,0
10,6,0,0,0,0,2,8,0
8,8,0,0,0,0,0,6,6
4,4,0,0,4,0,2,6,2
10,2,0,0,0,0,0,6,6
2,2,0,0,2,0,0,8,6
2,2,0,0,2,0,0,6,0
0,0,0,0,6,0,0,4,0
0,0,0,0,2,0,0,2,0
0,0,2,0,4,0,5,6,2
2,0,4,0,2,0,0,6,0
4,0,0,0,2,0,0,6,0
0,0,0,0,6,0,0,0,2
2,2,0,0,12,0,0,2,2
0,0,0,0,2,0,0,5,0
0,0,0,0,10,0,0,4,0
0,0,0,0,4,0,4,4,0
0,0,0,0,8,0,0,4,0
0,0,0,0,2,0,2,2,0
0,0,0,0,0,0,0,2,0
0,0,0,0,8,0,0,4,0
2,2,0,0,4,0,2,8,2
2,0,0,0,1,0,0,4,0
0,0,0,0,2,0,0,4,0
2,2,4,0,2,0,2,6,2
4,0,2,0,2,0,6,4,2
2,0,2,2,2,0,6,4,0
2,0,0,0,5,2,0,4,0
2,2,0,0,3,0,2,4,0
4,4,0,0,2,0,4,4,4
2,0,0,2,2,2,2,4,2
8,6,6,4,4,0,0,4,3
6,2,0,0,2,2,0,6,2
8,2,0,0,6,0,0,12,2
10,2,0,0,0,0,2,6,0
4,2,0,0,2,0,0,4,2
0,0,0,0,2,0,0,8,2
2,0,0,2,2,0,0,4,0
4,0,0,2,4,2,0,6,0
4,2,0,0,4,0,0,10,0
6,0,0,2,2,0,0,6,2
2,0,0,0,4,0,2,8,0
2,0,0,0,2,0,2,4,0
4,8,0,2,3,0,4,4,4
12,6,0,0,10,0,6,7,4
4,2,0,2,9,0,2,6,2
4,2,0,0,7,0,4,4,2
2,2,0,0,0,0,0,8,0
2,0,0,2,4,0,0,8,0
0,6,0,2,4,2,0,4,0
4,2,0,0,2,0,0,2,0
2,0,0,0,4,0,0,4,0
8,0,0,0,2,0,0,2,6
2,0,0,0,4,0,0,6,0
0,0,0,0,2,0,0,4,0
8,0,0,0,8,0,4,2,2
6,0,0,0,4,0,0,4,2
2,8,0,0,8,2,4,8,8
0,6,2,0,4,0,0,2,6
0,0,0,0,10,0,4,4,2
0,0,0,0,2,0,0,4,2
4,0,0,0,0,0,0,6,2
2,0,0,0,0,0,0,7,0
0,0,0,0,2,0,4,6,0
0,0,0,0,3,0,2,2,0
4,0,2,0,6,0,0,4,0
4,2,0,2,4,0,4,4,2
0,0,0,0,4,0,0,4,0
0,0,0,0,8,0,0,4,0
4,2,0,0,0,0,0,4,0
8,0,0,0,2,0,0,2,0
2,0,0,2,2,0,0,2,0
0,0,0,0,4,0,0,4,0
10,2,0,0,2,0,0,6,6
6,4,2,0,2,0,0,4,4
6,4,0,0,4,0,0,2,6
8,2,4,0,4,0,0,8,4
8,8,4,0,4,0,2,4,6
4,6,2,0,8,0,2,2,4
0,2,0,0,2,0,0,0,4
0,2,0,0,6,0,2,8,2
4,4,2,2,0,0,0,8,4
6,2,2,0,4,0,2,4,2
0,6,0,0,0,0,0,4,0
0,2,0,0,2,0,2,4,0
0,0,0,0,0,2,0,4,0
2,0,0,0,6,0,0,4,2
2,2,6,2,0,0,4,6,0
4,0,0,0,2,0,2,4,2
0,0,0,0,0,0,0,2,0
0,0,0,0,4,0,0,4,0
18,4,4,0,6,0,0,7,4
10,6,4,0,0,0,2,4,2
2,0,0,0,0,0,4,4,0
0,2,0,0,2,0,6,10,0
2,0,0,0,2,0,0,6,0
10,4,2,2,4,0,2,4,2
2,2,2,0,0,0,2,4,4
4,0,0,0,0,0,0,6,2
0,0,0,0,4,0,0,6,0
2,4,0,0,6,0,2,8,2
6,0,4,2,12,0,0,6,0
4,0,0,0,2,0,0,12,0
0,0,0,0,8,0,4,2,0
0,0,0,0,2,0,2,4,0
6,0,0,0,2,0,0,4,0
4,0,0,0,2,0,0,6,0
2,2,0,2,4,0,0,6,0
2,2,0,2,6,0,2,6,2
6,8,0,0,6,0,2,4,2
4,6,4,0,6,0,0,8,0
4,4,0,0,2,0,0,6,2
2,4,0,0,6,0,0,8,2
0,0,0,0,4,0,0,6,0
0,0,0,0,2,0,2,6,0
0,0,0,0,2,0,0,8,0
2,0,0,0,4,2,0,6,2
0,4,10,4,0,0,0,8,2
0,2,2,0,0,0,0,4,4
4,2,0,0,4,0,2,4,0
0,0,0,0,5,2,2,4,2
6,2,2,0,2,0,2,6,2
2,2,2,2,2,0,0,6,2
0,0,0,0,2,0,2,4,0
4,0,0,2,6,0,2,2,0
0,0,0,0,2,0,0,6,0
0,0,0,0,2,0,0,6,0
4,0,2,0,4,0,0,4,0
2,0,0,0,4,0,0,4,0
0,0,0,0,6,0,0,0,0
2,0,0,0,2,0,0,6,0
2,2,2,0,4,0,0,16,0
4,4,4,0,4,0,0,6,2
4,0,0,0,10,0,0,8,2
4,0,0,2,6,0,2,7,4
0,0,0,0,2,0,2,18,0
2,0,0,0,0,0,0,10,0
4,0,0,0,2,0,0,4,0
0,0,0,0,2,0,0,4,0
14,4,2,0,4,0,0,4,4
14,4,0,2,2,0,0,6,4
6,4,0,2,2,0,0,6,8
2,4,2,0,2,0,8,6,2
6,0,0,0,6,0,0,6,2
2,0,0,0,2,0,0,10,0
4,0,0,0,4,0,2,4,0
2,0,0,0,2,0,0,6,0
2,2,0,0,2,0,0,2,2
2,2,0,0,2,2,0,6,2
4,0,0,0,6,0,0,4,4
6,0,0,0,6,0,0,4,4
0,0,0,0,10,0,2,4,2
0,0,0,0,6,0,2,4,2
4,2,0,0,4,4,0,8,2
4,2,0,2,2,2,0,6,0
4,0,0,0,4,0,2,4,2
0,2,2,0,6,0,0,10,2
4,2,0,0,6,0,0,0,0
4,0,0,0,4,0,0,4,2
6,2,0,0,0,0,2,8,2
6,4,4,0,3,0,2,6,2
0,0,0,0,0,0,0,2,0
2,2,0,0,0,0,2,4,0
4,0,0,0,2,0,0,0,0
0,0,0,0,7,0,0,0,2
6,0,0,0,10,0,0,6,0
2,0,0,0,6,0,0,8,0
10,0,4,0,4,0,2,6,2
4,4,2,0,0,0,2,6,2
0,0,0,0,0,0,4,6,0
0,0,0,0,0,0,6,2,0
0,0,0,0,2,0,2,2,0
2,0,0,0,2,0,0,2,0
0,0,0,2,2,0,2,4,2
0,0,0,2,4,0,0,4,2
0,0,0,0,6,4,4,2,0
0,2,0,0,5,2,4,2,2
0,0,0,0,2,0,0,4,0
6,0,0,0,2,0,0,4,0
4,0,0,0,2,0,0,8,2
2,0,0,0,2,0,0,6,0
0,0,0,0,8,0,0,4,0
6,0,0,0,4,0,2,7,0
0,0,0,0,4,2,0,0,0
0,0,0,0,4,0,0,8,0
2,0,0,0,3,0,6,2,0
4,0,0,0,2,0,7,4,0
4,2,0,0,7,0,2,4,0
2,0,0,0,0,0,0,6,0
0,0,0,0,1,0,0,4,0
0,0,0,0,2,0,0,0,0
4,2,0,0,2,0,0,4,0
4,0,0,0,2,0,0,4,0
2,0,0,2,2,0,0,4,0
4,0,0,0,8,0,0,4,2
0,0,0,0,2,0,0,4,0
0,0,0,0,2,0,0,4,0
0,0,0,0,4,0,0,6,0
2,0,0,0,0,0,0,2,0
0,0,0,0,6,0,0,4,0
0,0,0,0,2,0,0,6,0
2,0,0,0,8,0,4,4,4
2,0,0,0,2,0,0,8,2
10,2,0,0,4,6,2,10,8
6,8,2,2,0,0,2,4,4
0,0,0,0,0,0,0,4,0
0,0,0,0,0,0,0,4,0
4,0,0,0,4,0,0,8,0
2,0,0,0,6,0,0,4,2
0,0,0,0,2,0,2,2,0
0,0,0,0,0,0,4,2,0
0,0,0,0,2,0,4,4,0
0,0,0,0,2,0,0,6,0
0,0,0,0,2,0,0,2,0
0,0,0,0,6,0,4,4,0
4,0,0,0,2,0,0,6,0
2,0,0,0,2,0,2,2,0
0,0,0,0,2,0,2,4,0
0,0,0,0,0,0,2,2,0
2,0,0,0,4,0,0,4,0
2,0,0,0,6,0,0,4,0
6,2,0,2,6,0,0,4,4
4,2,0,0,6,0,0,4,2
0,0,0,0,2,0,0,4,0
0,0,0,0,0,0,0,2,0
2,2,0,0,6,0,0,6,2
4,1,2,0,2,0,0,2,0
0,0,0,0,0,0,0,6,0
2,0,0,0,4,0,0,4,0
0,0,0,0,2,0,2,6,0
2,0,0,0,0,0,4,4,0
0,0,0,0,0,0,3,0,0
0,0,0,0,0,0,0,2,0
2,2,0,0,4,0,0,6,0
2,2,0,0,2,0,0,4,0
6,4,0,0,7,0,0,2,0
0,0,0,0,1,0,0,2,0
6,0,0,0,4,0,0,4,0
4,0,0,0,2,0,0,12,0
0,0,0,0,6,0,0,6,0
0,0,2,0,0,0,2,6,0
2,0,0,0,2,0,0,4,0
2,0,0,0,2,0,0,4,0
4,0,0,0,0,0,0,10,2
10,0,0,0,2,0,0,7,2
4,0,0,0,2,0,0,4,2
0,2,0,0,0,0,0,4,2
6,6,0,0,4,0,0,14,2
6,2,4,0,2,0,0,4,4
2,0,0,2,0,0,4,4,0
0,0,0,0,0,0,0,6,0
0,0,0,0,2,0,7,2,2
0,2,0,0,2,0,6,0,0
6,2,2,0,6,0,2,2,0
2,0,0,0,2,0,2,4,0
0,0,0,0,4,0,4,6,0
0,0,0,0,6,0,0,6,0
2,0,0,0,4,0,4,4,0
0,0,0,0,2,0,0,2,0
0,0,0,0,2,0,6,8,0
0,0,0,0,0,0,2,10,0
2,0,0,0,8,0,0,10,2
2,2,4,0,12,0,0,6,2
4,0,0,2,4,0,0,6,4
8,4,0,0,8,0,2,2,2
0,0,0,0,4,0,0,6,0
0,0,0,0,4,0,0,4,0
0,0,0,0,4,0,2,10,0
0,0,0,0,10,0,10,6,0
4,0,0,0,6,0,10,2,2
8,2,2,0,6,0,4,4,2
4,0,0,0,2,0,0,4,4
4,2,0,0,6,0,0,4,4
2,2,0,0,2,0,0,6,0
2,0,0,0,4,0,0,4,0
0,2,0,0,2,0,2,4,0
4,0,0,0,4,0,0,6,2
2,0,0,0,0,0,0,0,0
2,2,0,0,0,0,0,2,0
0,0,0,0,6,0,0,2,0
0,0,0,0,2,0,0,0,0
2,6,2,2,2,0,0,7,2
6,0,4,0,3,0,4,4,2
0,0,2,0,8,0,0,6,0
0,0,0,0,5,0,0,6,0
0,0,0,0,3,0,2,6,4
0,2,0,0,6,0,4,3,0
4,0,0,0,2,0,0,4,2
0,0,0,0,2,0,0,8,0
0,0,0,0,2,0,0,6,0
0,0,0,0,2,0,0,8,0
0,0,0,0,2,0,0,2,0
0,0,0,0,4,0,2,4,0
0,0,0,0,2,0,0,4,0
2,0,0,0,0,2,0,6,2
0,0,0,2,2,0,0,2,0
2,0,4,4,2,4,0,8,2
4,2,0,0,9,0,0,4,0
6,0,0,0,10,0,0,4,0
2,0,0,0,8,0,0,6,0
2,0,0,0,6,0,0,2,0
0,0,0,0,0,0,0,0,0
0,0,0,0,2,0,0,0,0
4,2,0,0,0,0,0,4,0
4,2,0,0,2,0,0,8,0
8,2,0,0,0,4,0,6,4
4,4,0,0,2,2,0,8,6
2,6,2,0,0,0,0,6,4
2,2,0,0,2,0,2,6,0
4,2,2,0,9,0,2,4,0
2,2,0,0,7,0,4,6,0
4,0,0,0,1,0,0,2,0
0,0,0,0,0,0,0,6,2
2,0,0,0,6,0,0,4,0
2,0,0,0,5,0,0,4,0
2,0,2,0,0,0,0,4,0
2,2,2,0,2,0,0,5,2
0,0,0,0,4,0,0,2,0
6,2,0,0,8,0,2,4,2
4,2,2,0,4,0,2,8,2
4,6,0,0,4,0,0,6,0
0,2,0,2,4,0,0,8,0
6,0,0,0,4,0,2,10,0
0,0,0,0,2,0,0,5,0
0,0,0,0,2,0,0,5,0
2,0,2,0,4,0,2,7,2
2,2,0,0,0,0,0,5,0
6,4,0,0,12,0,8,8,2
10,2,0,0,8,0,4,4,0
8,2,2,0,6,0,6,4,4
6,2,2,0,4,0,10,4,6
2,2,0,0,4,0,0,4,0
2,0,0,0,1,0,0,2,0
0,2,0,0,2,0,2,6,0
4,2,0,0,0,0,2,4,2
4,0,2,0,4,0,2,4,2
10,0,4,0,4,0,0,6,2
0,2,0,0,2,0,2,2,0
0,0,0,0,4,0,8,2,0
2,0,0,0,2,0,0,4,0
4,0,0,0,6,0,0,6,2
0,0,0,2,2,0,0,4,0
2,0,0,2,2,0,2,2,0
0,0,0,0,4,0,0,6,0
2,0,0,0,2,0,0,4,0
4,0,0,0,4,0,0,6,0
6,0,0,0,4,0,0,4,0
0,0,0,0,2,2,0,2,0
0,0,0,0,4,0,0,4,0
8,0,2,0,2,0,0,6,0
4,0,0,0,4,0,0,8,0
12,2,6,0,4,0,2,6,6
6,2,0,0,2,0,2,4,8
0,0,0,0,4,0,4,4,0
2,0,0,0,4,0,0,2,0
2,0,0,0,4,0,0,4,2
2,2,0,0,4,0,0,6,2
2,0,0,0,4,0,2,2,0
0,0,0,0,4,0,0,4,0
2,0,0,0,2,0,4,4,0
0,0,0,0,0,0,4,8,0
0,0,0,0,2,0,0,4,0
0,0,0,0,0,0,0,2,0
2,0,0,0,4,0,2,10,2
0,0,0,0,0,0,2,8,0
6,2,0,0,4,0,0,8,0
4,0,0,0,0,2,0,6,0
2,0,0,0,6,0,4,8,2
2,0,0,0,8,0,2,8,0
4,2,4,0,2,0,8,8,6
2,2,0,0,0,0,2,6,0
4,4,0,0,0,4,0,4,0
0,0,0,0,0,0,0,4,0
8,4,0,0,0,2,2,2,10
4,4,0,0,0,2,0,2,6
0,0,0,0,2,0,0,6,0
2,0,0,0,2,0,0,4,0
4,0,0,0,0,0,6,6,0
2,0,0,0,0,0,5,6,0
0,0,0,0,2,2,0,6,6
0,0,0,0,2,4,0,6,0
2,0,0,0,2,0,0,6,2
2,4,4,0,8,0,0,7,6
12,2,4,2,2,2,2,4,2
10,2,0,0,2,0,2,4,2
0,0,0,0,4,0,4,6,0
2,0,0,0,16,0,4,6,0
2,0,0,0,2,0,5,6,2
2,0,0,0,2,0,6,10,0
2,2,0,0,0,0,0,4,0
0,0,0,0,0,0,0,2,0
6,2,0,0,0,0,4,13,2
6,6,0,2,0,0,2,10,2
4,0,0,0,2,0,0,6,0
2,0,0,0,1,0,0,6,0
4,0,2,0,6,0,2,8,4
2,0,0,0,6,0,4,6,0
4,0,0,0,12,0,8,4,4
4,0,0,2,6,0,4,4,0
10,0,0,0,2,0,6,2,0
4,2,0,0,2,0,10,4,0
0,2,0,0,0,0,0,6,2
4,4,0,0,0,0,0,6,0
0,0,0,0,2,0,0,2,0
2,0,0,0,4,0,4,2,0
0,0,0,0,6,0,0,4,0
0,0,0,0,4,0,2,4,0
4,0,2,0,4,4,2,4,0
2,0,0,0,2,0,0,0,0
0,0,0,0,2,0,2,6,0
0,0,0,0,4,0,2,6,0
2,0,0,0,12,0,4,2,0
4,0,0,0,6,0,4,2,2
4,6,0,0,2,0,0,2,0
2,0,0,0,2,0,0,4,0
4,0,0,0,4,0,0,6,0
4,0,0,0,0,0,0,6,0
6,2,0,0,6,2,2,6,0
8,2,8,0,2,0,0,6,0
10,0,0,0,2,0,8,10,4
6,0,0,0,4,0,2,8,2
0,0,0,0,2,0,2,4,0
2,0,0,0,6,0,2,4,0
0,0,0,0,0,0,2,4,0
0,0,0,0,2,0,1,8,0
2,0,0,0,2,0,0,8,0
2,0,0,0,4,0,0,6,0
2,2,0,0,4,0,0,2,0
2,2,0,0,0,0,0,4,0
2,0,0,0,2,0,7,6,2
4,0,0,0,3,0,6,8,2
4,2,4,0,2,0,3,8,4
6,2,2,2,1,0,2,10,4
8,2,0,0,4,0,0,10,0
2,0,0,0,2,0,0,2,0
0,0,0,0,6,0,0,8,0
2,0,0,0,2,0,0,4,0
4,0,4,2,0,0,0,4,0
2,0,4,0,2,0,0,4,0
4,0,0,0,10,0,2,6,0
0,0,0,0,2,0,0,4,0
4,2,0,0,0,0,0,2,4
2,0,2,0,0,0,2,4,2
0,0,0,0,3,0,0,6,0
2,0,2,0,6,0,11,4,2
0,0,0,0,3,0,0,4,0
4,0,2,0,4,0,6,3,0
4,0,0,0,4,0,0,10,0
8,2,0,0,8,0,0,14,4
2,0,0,0,2,0,0,4,0
0,0,0,0,4,0,0,6,0
4,0,0,0,4,0,0,4,0
6,0,0,0,2,0,0,4,0
2,2,0,0,0,0,4,4,2
2,6,4,0,2,0,0,4,2
2,2,0,0,4,0,2,8,2
0,0,0,0,2,2,0,10,0
2,6,2,0,2,0,0,2,2
2,8,8,0,1,0,0,2,0
0,2,0,0,4,0,4,3,0
4,6,0,0,3,0,2,4,0
0,0,0,0,4,0,4,4,0
0,0,0,0,0,0,0,4,0
2,2,0,0,6,0,6,4,4
6,4,0,0,6,0,4,4,0
0,0,0,0,2,0,0,4,0
0,0,4,0,4,2,0,8,0
4,2,4,0,4,0,2,6,2
6,0,4,0,6,0,0,8,0
0,0,0,0,2,0,2,2,0
0,0,0,0,2,0,0,4,0
0,0,0,0,4,0,0,6,0
2,0,0,0,4,0,2,6,0
2,0,0,0,0,2,2,2,0
2,0,0,0,4,0,2,8,0
2,0,0,0,4,2,4,10,0
2,0,0,0,2,0,0,4,0
2,2,0,0,4,2,0,4,0
8,2,0,0,6,0,2,6,2
0,0,0,0,0,0,0,6,0
0,2,0,0,2,0,0,6,0
4,0,0,0,2,0,0,4,0
0,2,0,0,0,0,0,4,0
2,0,0,0,4,0,0,4,0
4,0,0,0,2,0,0,4,0
8,0,2,0,8,2,4,8,2
4,0,0,0,4,0,0,6,0
4,0,0,0,6,0,2,6,0
0,0,0,0,2,0,2,4,0
8,6,0,2,2,0,0,8,2
2,0,0,0,6,0,0,6,2
6,0,0,0,4,0,2,6,0
0,0,0,0,6,0,0,8,0
0,0,0,0,4,0,0,6,0
0,0,0,0,0,0,0,2,0
8,0,0,0,8,0,0,4,2
8,0,2,0,10,0,0,4,6
2,0,0,0,8,0,4,4,2
2,0,0,0,10,0,2,4,2
2,0,0,0,2,0,2,4,4
10,0,6,0,18,0,2,4,6
0,0,0,0,2,0,2,6,2
2,0,4,0,15,0,0,4,0
0,0,0,0,0,2,0,6,0
0,0,0,0,0,0,0,6,0
0,0,0,0,4,0,0,4,0
0,0,0,0,2,0,0,0,0
2,2,0,0,2,0,0,6,0
2,2,0,0,4,0,2,6,0
8,0,2,0,0,0,0,4,6
2,0,0,0,0,0,0,6,2
0,0,0,0,2,0,0,6,0
0,0,0,0,8,0,0,2,0
0,0,0,0,2,0,0,6,0
2,0,0,0,2,0,0,4,0
4,0,0,0,8,0,0,6,0
6,2,2,0,4,0,0,8,2
10,2,0,0,4,0,0,6,4
10,4,0,0,6,0,0,4,0
2,0,0,0,2,0,2,4,2
2,4,0,0,6,0,2,4,4
4,0,4,0,4,0,2,4,4
2,0,0,0,2,0,2,6,0
0,0,0,0,4,0,2,4,0
0,0,0,0,2,0,0,4,0
4,4,0,0,8,0,2,4,2
2,4,6,0,8,0,0,8,4
2,0,0,0,2,0,4,6,0
0,0,0,0,0,2,2,8,0
0,2,0,0,4,0,2,4,0
2,0,0,0,2,0,0,4,0
0,0,0,0,5,0,0,4,0
0,0,0,0,2,0,0,2,0
0,0,0,0,5,0,2,2,0
2,0,0,0,2,0,2,2,0
0,2,0,0,4,0,4,4,2
0,2,0,0,4,0,4,6,2
0,0,0,0,0,0,0,2,0
4,4,0,0,6,0,0,4,2
0,0,0,0,5,0,2,0,0
0,0,0,0,2,0,2,4,0
16,6,4,0,4,0,0,6,6
2,2,0,0,0,0,2,10,0
2,0,0,0,0,0,0,4,2
6,4,0,0,2,0,2,4,2
6,0,0,0,4,0,7,4,4
6,0,0,0,2,0,4,6,0
0,0,0,0,2,0,0,6,0
0,0,0,0,2,0,0,4,0
2,0,0,2,2,0,0,2,0
2,0,0,0,2,0,2,2,2
2,0,0,0,2,2,2,6,0
2,0,0,0,2,2,2,2,0
0,0,2,0,4,2,0,6,4
0,0,0,0,4,0,0,2,4
2,0,2,0,2,0,2,5,0
4,0,0,0,2,0,0,8,0
0,0,0,0,6,0,0,4,0
2,0,0,0,0,2,0,6,0
6,2,0,2,1,0,0,2,2
4,0,0,0,4,0,0,4,2
0,0,0,0,2,0,0,4,2
0,0,0,0,2,0,2,4,2
2,0,0,0,4,0,0,4,0
4,0,0,0,6,0,5,6,0
0,0,0,0,5,0,2,6,0
0,0,0,0,7,0,6,8,2
0,0,0,0,2,0,0,4,0
0,0,0,0,4,0,0,4,0
0,0,0,0,4,0,0,4,0
0,0,0,0,4,0,4,2,0
0,0,0,0,4,0,2,6,0
0,0,0,0,2,0,2,2,0
6,0,6,0,4,0,0,4,4
4,0,2,0,4,0,0,4,4
0,0,0,0,6,0,0,2,0
0,0,0,0,6,0,0,2,0
0,0,0,0,2,0,0,10,8
8,0,0,0,8,0,0,10,4
16,4,6,0,2,0,4,8,2
8,4,6,0,2,2,4,8,0
8,2,0,0,4,0,0,4,6
8,0,4,0,4,2,0,4,4
0,0,0,0,4,0,0,7,0
0,0,0,0,4,0,0,5,0
6,0,0,0,0,0,2,6,4
4,0,0,0,2,0,0,2,0
0,0,0,0,2,0,4,4,2
2,0,0,0,0,0,0,4,0
2,2,0,0,6,0,0,6,2
4,0,0,0,4,0,0,6,2
8,4,0,0,14,0,0,4,4
2,0,0,0,10,0,0,4,2
4,0,2,2,2,0,2,2,4
2,0,2,0,0,0,0,4,0
6,2,8,4,6,0,0,8,4
6,4,4,6,6,0,0,4,8
0,0,0,0,8,0,0,6,0
0,2,0,0,6,0,0,4,0
2,0,2,0,0,0,2,4,4
4,2,0,2,2,0,0,3,2
0,0,0,0,0,0,0,6,0
0,0,0,0,2,0,0,2,0
0,0,0,0,2,0,0,6,0
0,0,0,0,4,2,4,7,0
0,0,0,0,2,0,0,4,0
0,0,0,0,2,0,0,4,0
6,2,2,0,4,0,2,5,2
6,0,0,0,2,0,2,5,2
2,0,0,0,6,0,0,8,0
6,0,0,0,2,0,0,6,6
0,2,0,0,2,0,10,4,0
0,2,0,0,4,2,4,4,0
10,2,0,0,2,0,2,2,8
10,2,0,0,4,2,0,6,6
4,0,0,0,10,0,0,4,4
4,0,0,0,4,0,0,4,4
10,2,0,2,2,0,0,6,6
10,4,8,4,4,0,2,8,4
8,2,2,0,4,0,6,2,4
6,10,6,0,2,0,0,4,0
0,8,0,0,2,0,2,3,0
0,0,0,0,2,0,0,4,0
6,4,2,0,0,0,2,2,6
4,2,2,0,2,0,0,6,6
4,0,0,0,2,0,0,4,0
2,0,0,0,9,0,2,2,0
8,2,2,0,6,0,6,6,4
6,0,0,0,2,0,2,4,4
0,0,0,0,4,0,0,6,0
0,0,0,0,2,0,0,6,0
4,2,2,0,6,0,6,4,0
2,0,0,0,2,0,2,4,0
2,0,0,0,6,0,6,4,2
0,0,0,0,2,0,0,6,2
6,2,6,4,2,0,2,6,4
6,0,6,0,4,0,0,10,6
0,0,0,0,2,0,0,6,0
0,0,0,0,2,0,0,6,0
0,0,0,0,4,0,0,6,0
0,0,2,0,0,0,0,8,0
2,0,0,0,2,0,0,6,0
2,0,0,0,2,0,2,6,0
2,0,0,0,2,0,0,4,0
4,0,0,0,4,0,0,7,0
0,2,0,0,6,0,0,6,0
4,4,8,0,4,0,0,8,2
2,0,0,2,4,0,2,6,0
0,0,0,2,4,0,0,4,0
4,0,0,0,6,0,2,6,4
0,0,0,0,6,0,4,2,0
2,0,0,0,2,0,0,4,2
2,0,0,0,2,0,2,6,2
0,0,0,0,2,0,0,6,2
2,0,0,0,2,0,0,6,2
0,0,0,0,2,0,4,4,0
0,0,0,0,2,0,4,4,0
4,0,0,0,0,4,6,5,0
4,0,0,0,0,2,4,4,0
0,0,0,0,2,0,0,4,0
0,0,2,0,4,0,0,2,0
0,0,0,0,7,0,0,8,2
0,0,0,0,4,0,0,4,2
2,0,0,0,4,0,0,4,0
6,4,0,0,6,0,0,10,0
0,0,0,0,6,0,0,6,0
0,0,0,0,4,0,0,6,0
4,0,0,0,8,0,0,6,4
4,0,0,0,2,0,4,6,0
0,0,0,0,10,0,0,4,0
0,0,0,0,6,0,0,6,0
2,0,0,0,8,4,0,6,0
0,0,0,0,2,2,0,6,0
2,0,0,0,4,0,0,8,0
2,0,0,0,6,0,0,9,0
4,0,0,0,2,0,2,8,0
6,2,4,0,2,0,0,2,2
0,0,0,0,2,0,2,4,2
0,0,0,0,4,0,0,2,0
0,0,0,0,4,0,0,2,0
0,0,0,0,6,0,0,4,0
2,0,0,0,2,0,0,6,2
0,0,0,0,6,0,2,4,0
2,0,0,0,2,0,4,4,2
0,0,2,0,4,0,0,6,0
6,0,0,0,2,0,6,2,0
6,0,0,0,2,0,6,3,0
0,0,0,0,6,0,0,2,0
0,0,0,0,6,0,0,2,0
6,6,0,0,2,0,0,2,2
10,4,6,2,4,0,0,4,2
0,0,0,0,6,0,0,2,0
0,0,0,0,2,0,0,4,0
2,0,0,0,0,0,2,11,0
6,2,0,0,6,0,4,6,0
4,2,0,0,4,0,3,8,2
4,2,2,6,0,0,8,14,0
4,0,0,0,2,0,0,4,0
16,2,0,0,2,2,0,6,0
2,2,0,0,2,0,4,4,0
4,2,0,0,0,0,0,8,2
2,0,2,2,8,0,0,4,6
0,0,0,0,2,0,0,4,0
0,0,0,0,4,0,0,4,0
2,2,0,0,2,0,0,6,0
8,6,4,0,5,2,8,6,2
6,2,0,0,0,0,0,8,0
0,4,0,0,1,0,0,2,2
0,0,2,0,0,2,8,4,2
0,0,0,0,6,2,6,2,0
0,0,0,0,2,6,0,4,0
2,0,0,0,6,0,0,0,0
2,0,0,0,2,0,0,0,0
0,0,0,0,2,0,0,2,0
0,0,0,0,2,0,0,2,0
2,0,0,0,6,0,2,8,0
2,0,0,0,2,0,2,2,0
0,0,0,0,2,0,4,6,0
0,0,0,0,0,0,4,6,0
0,0,0,0,0,0,0,6,0
2,0,0,0,0,0,0,6,0
0,0,0,0,0,0,0,4,0
0,0,0,0,0,2,0,4,0
4,2,0,0,2,0,14,2,0
8,8,4,0,0,2,8,2,2
0,0,0,0,0,0,0,0,0
0,0,0,0,2,0,0,0,0
6,0,8,2,2,0,0,7,6
2,0,6,0,2,0,0,8,4
2,2,0,0,2,4,0,2,4
0,0,0,0,0,0,0,4,0
0,0,0,0,6,0,4,5,0
2,0,0,0,4,0,0,4,0
0,0,0,0,3,0,0,6,0
0,0,0,0,2,0,4,2,2
4,1,0,0,0,0,2,4,0
2,0,0,0,3,0,0,4,2
4,0,0,0,3,0,2,6,2
2,0,0,0,2,0,0,4,0
2,0,0,0,6,0,2,4,0
0,0,0,0,0,0,6,0,0
0,0,0,0,4,0,0,0,0
0,0,0,0,8,2,2,2,0
4,2,0,0,3,0,0,4,2
0,0,0,0,2,0,0,4,0
2,4,0,0,5,0,0,2,4
4,6,0,0,2,0,0,8,6
0,0,0,0,2,0,0,6,2
0,0,0,0,4,0,0,6,2
0,0,0,0,2,0,0,6,2
0,0,0,0,4,0,0,6,2
0,0,0,0,0,0,0,6,2
0,0,0,0,0,0,0,4,0
6,6,0,0,0,0,2,2,4
4,2,0,0,2,0,2,4,2
2,0,0,0,4,2,2,8,0
0,2,0,0,0,2,0,6,0
6,2,2,0,2,0,0,6,2
6,2,2,0,0,0,0,8,2
0,0,0,0,2,0,2,6,0
0,0,0,0,2,0,0,8,0
8,6,8,0,4,0,2,8,8
6,2,2,0,4,0,0,6,2
2,4,2,0,2,0,2,4,4
0,0,0,0,4,0,0,0,2
6,0,0,0,8,0,0,6,2
0,0,0,0,6,0,0,6,2
4,0,2,0,5,0,0,2,4
2,0,0,2,5,0,0,2,2
2,0,2,0,6,0,2,6,0
0,0,0,0,2,0,0,6,0
8,0,0,0,2,0,0,6,2
6,4,2,0,4,0,0,6,0
0,0,2,0,6,0,4,6,6
0,0,0,0,2,2,0,6,0
0,2,0,0,8,0,2,6,2
0,0,0,0,0,0,0,4,0
2,2,0,0,4,0,0,4,2
2,0,0,0,4,0,0,6,4
0,0,0,0,8,0,0,4,0
0,0,0,0,4,0,0,4,0
2,0,0,0,2,0,6,2,2
6,0,0,0,2,0,2,2,2
10,2,0,0,4,0,0,4,4
8,0,0,0,4,0,0,6,6
2,0,4,0,8,0,0,6,2
2,2,2,0,2,0,0,4,2
0,2,0,0,12,0,2,4,0
0,0,0,0,0,0,0,8,0
2,2,0,0,6,0,0,2,2
0,0,0,0,5,2,4,2,0
4,2,0,0,7,0,2,4,0
0,0,0,0,2,0,0,3,0
6,0,0,0,4,0,2,4,0
0,0,0,0,6,0,0,6,0
2,0,0,0,4,0,0,4,0
0,0,0,0,0,0,0,4,0
2,0,0,0,0,0,0,4,0
0,0,0,0,0,0,0,4,0
4,0,0,0,7,0,2,4,0
2,2,0,0,5,4,0,4,0
2,0,0,0,6,0,6,8,0
0,2,0,0,14,0,8,6,2
4,2,0,0,4,0,2,6,0
6,2,0,0,2,0,0,8,2
4,0,0,0,6,0,2,6,0
2,2,0,0,6,0,2,6,2
0,0,0,0,4,0,0,6,2
2,0,2,0,2,0,0,6,0
0,0,0,0,4,0,0,6,0
2,0,0,0,0,0,0,6,2
8,2,0,0,10,2,2,8,2
16,4,6,2,4,2,2,4,2
0,2,2,0,4,0,0,6,0
4,2,2,0,2,0,0,4,2
0,0,0,0,4,0,0,4,0
0,0,0,0,2,0,0,6,0
0,0,0,0,2,0,4,4,0
0,0,0,0,4,0,0,6,0
0,0,0,0,4,0,0,4,0
0,0,0,0,2,0,0,6,0
2,0,0,0,2,0,2,6,0
4,0,4,0,0,0,0,10,6
0,0,0,0,4,0,0,2,0
0,0,0,0,2,0,2,2,0
2,4,0,0,2,0,0,4,2
0,0,0,0,2,0,0,6,0
2,0,0,0,0,0,2,6,0
0,0,0,0,2,0,2,6,0
6,6,0,2,0,0,0,5,0
8,2,0,4,2,0,0,4,2
2,0,0,0,6,0,0,0,0
4,0,0,0,0,0,2,2,0
2,2,0,0,2,0,0,6,0
8,2,0,0,4,0,0,4,0
4,0,0,0,4,0,2,2,2
6,2,0,0,9,2,0,2,0
2,0,0,0,4,2,0,2,2
2,0,0,2,4,2,0,2,2
6,0,0,0,0,0,2,4,0
2,0,0,0,0,0,0,4,0
6,2,0,0,0,0,0,8,2
4,0,0,0,0,0,0,6,0
0,0,0,0,4,0,0,4,0
2,0,0,0,2,0,0,4,2
0,0,0,0,2,0,0,2,0
0,0,0,0,2,0,0,4,0
12,2,4,2,8,0,2,4,6
12,2,0,0,8,0,2,6,4
4,0,0,0,16,0,0,4,0
0,0,0,0,14,0,0,6,0
6,4,2,2,4,2,2,6,4
8,2,0,0,2,2,0,14,2
4,0,0,0,4,0,6,14,0
4,6,0,0,2,0,8,10,0
4,4,0,0,8,0,2,4,2
4,0,0,0,4,0,2,6,2
6,2,8,2,4,0,2,4,2
6,0,0,0,2,0,2,6,6
0,0,0,0,4,0,4,10,0
2,6,4,2,4,0,10,8,0
10,4,0,0,4,0,6,2,4
6,0,0,0,4,0,0,2,0
0,4,0,0,0,0,0,4,0
2,0,0,0,2,0,0,2,0
0,0,0,0,4,0,0,2,0
0,0,0,0,4,0,0,0,0
2,4,0,0,2,0,0,6,0
0,0,0,0,0,0,0,4,0
0,0,0,0,0,0,0,2,0
0,0,0,0,0,0,0,4,0
0,0,0,0,2,0,0,10,0
0,0,0,0,2,0,4,8,0
2,0,0,0,4,0,0,4,0
0,2,0,0,2,0,0,6,0
0,0,0,0,2,2,2,4,0
0,0,0,0,2,0,6,4,0
0,0,0,0,2,2,2,6,0
0,0,0,0,0,0,0,4,0
0,0,0,0,2,0,0,0,0
2,0,0,0,0,0,0,2,0
6,2,0,0,4,0,0,2,0
0,0,0,0,2,0,0,0,0
0,0,0,0,0,0,0,2,0
0,0,0,0,2,0,0,0,0
0,0,0,0,3,0,0,4,0
2,0,0,0,4,0,0,6,0
6,8,2,2,2,0,0,4,6
4,2,0,0,4,0,0,6,4
0,0,0,0,4,0,0,4,0
0,0,0,0,4,0,0,6,0
0,4,0,0,2,0,0,0,0
0,2,0,0,4,0,0,2,0
0,0,0,0,0,0,0,2,0
0,2,0,0,2,0,0,4,0
4,0,0,0,2,0,0,2,0
2,0,0,0,2,0,0,4,0
0,2,0,0,2,0,2,2,0
0,0,0,0,2,0,0,4,0
0,4,0,0,6,0,3,0,0
0,0,0,0,4,0,3,4,0
0,0,0,0,2,0,0,4,0
0,0,0,2,2,0,2,4,0
4,2,4,0,4,0,4,4,2
0,2,2,2,0,0,4,4,2
0,0,0,0,1,0,0,4,0
0,0,0,0,6,0,4,2,0
2,0,0,0,4,0,4,2,0
0,0,0,0,2,0,0,4,0
2,0,0,0,4,0,0,4,2
0,0,0,0,8,0,0,2,0
8,4,0,0,4,0,0,6,2
6,2,2,0,2,0,0,4,4
10,2,0,0,4,4,0,6,0
6,2,0,0,2,2,0,10,2
4,0,0,0,8,0,0,2,0
0,0,0,0,3,0,4,6,0
0,0,0,0,2,0,0,4,0
0,0,0,0,2,0,0,2,0
0,2,0,0,2,0,0,6,0
0,2,0,0,0,0,2,2,0
12,2,8,2,2,0,0,4,8
24,10,4,0,0,0,4,6,6
2,2,0,0,6,0,4,6,0
0,0,0,0,2,0,2,6,0
4,0,0,0,2,0,0,4,0
4,0,0,0,0,0,2,0,0
8,0,0,0,0,0,8,12,0
8,2,0,0,8,0,0,6,2
2,0,0,0,0,0,4,6,0
4,2,0,0,2,0,8,6,0
10,8,4,0,4,0,4,8,6
10,6,2,0,0,0,2,6,4
0,0,0,0,4,0,0,4,0
4,2,0,0,8,0,4,6,0
6,2,0,0,14,0,0,8,0
4,0,2,0,14,0,0,4,2
6,0,0,0,2,0,0,0,0
2,0,0,0,0,0,0,2,0
0,0,0,0,2,0,2,2,0
0,0,0,0,3,0,0,4,0
8,0,0,0,4,0,2,4,0
2,0,0,0,2,0,2,6,0
0,0,0,0,4,0,0,2,0
0,0,0,0,0,0,0,0,0
10,8,4,0,4,0,0,9,2
12,9,0,4,2,2,4,6,4
0,0,0,0,2,0,0,4,2
4,0,0,0,2,0,4,8,2
4,4,0,2,0,0,0,8,6
6,4,0,0,4,0,2,6,4
14,0,0,0,2,0,0,8,2
6,0,2,0,2,0,0,6,2
0,0,0,0,2,2,0,4,0
2,0,0,0,4,0,2,2,2
2,0,0,0,2,0,0,6,0
0,0,0,0,4,0,2,2,0
2,2,4,0,4,0,0,4,4
0,2,0,0,2,0,0,2,0
2,0,0,0,4,0,2,4,2
2,2,0,0,4,0,0,4,2
0,0,0,0,0,0,6,2,2
2,0,0,0,0,0,10,2,2
4,0,0,0,8,0,0,4,2
4,0,2,0,8,0,0,4,0
16,10,12,0,2,0,6,6,8
10,0,0,0,2,0,2,10,6
2,2,0,0,4,0,0,8,0
0,2,0,0,2,0,0,8,0
2,0,0,0,2,0,0,10,2
0,0,0,0,2,0,2,4,0
8,4,0,0,4,0,2,3,0
8,0,0,0,6,0,0,2,4
4,0,0,2,2,0,4,11,0
4,0,0,2,8,0,2,10,2
4,0,0,0,0,0,0,6,0
6,0,0,0,9,0,0,10,0
2,0,0,0,4,0,2,8,0
2,0,0,0,2,0,4,6,0
0,0,0,0,2,0,9,6,0
0,0,0,0,0,0,6,10,0
2,2,2,0,10,0,0,10,4
4,2,2,0,6,0,0,6,0
0,0,0,0,2,0,4,2,0
0,0,0,0,2,0,0,4,0
0,0,0,0,8,0,2,8,0
2,2,2,0,6,0,0,8,0
12,0,0,0,4,0,2,2,2
8,2,2,0,6,0,2,4,2
2,0,0,0,8,0,4,8,0
4,0,0,0,0,0,0,7,0
2,0,0,0,3,2,6,8,0
10,4,4,0,5,0,10,8,2
0,0,0,0,0,2,2,6,0
0,0,0,0,0,2,0,2,0
0,0,0,0,0,2,2,8,0
4,0,0,0,2,0,2,6,0
0,0,0,0,6,0,0,6,0
0,0,0,0,0,0,0,4,0
0,0,0,0,6,0,0,6,0
0,0,0,0,2,0,0,4,0
2,2,0,0,3,0,0,4,0
2,0,2,0,2,0,0,4,0
0,0,0,0,2,0,2,4,0
0,0,0,0,4,0,6,2,0
8,0,0,0,5,0,2,8,0
4,0,2,0,0,0,2,6,0
4,4,0,0,2,0,10,6,0
8,6,0,0,4,0,0,4,0
4,0,0,0,2,0,0,6,0
10,4,2,0,2,0,2,8,2
0,0,0,0,0,0,0,4,0
4,0,0,0,0,0,0,4,0
0,0,0,0,4,0,0,10,0
0,0,0,0,5,0,4,6,0
6,4,0,0,6,2,6,4,2
2,2,0,0,2,0,2,4,0
8,4,2,0,4,0,0,4,0
6,0,0,0,2,0,0,4,2
4,0,0,0,0,0,7,6,2
2,0,0,0,2,0,7,4,0
0,0,0,0,3,2,2,6,0
0,0,0,0,2,0,0,4,0
2,6,2,2,4,0,0,6,4
8,4,4,0,4,0,0,2,6
0,0,0,0,4,0,0,0,0
2,2,0,0,6,0,0,2,0
0,0,0,0,0,0,2,6,0
8,0,0,0,4,0,6,4,0
2,2,2,0,2,0,4,4,0
2,2,0,0,0,0,0,4,0
12,0,6,2,6,0,6,5,4
2,0,2,0,3,0,2,4,0
4,0,0,2,8,0,2,3,4
0,0,0,0,6,0,0,4,0
2,0,0,0,0,0,0,2,0
4,0,0,0,0,0,0,8,0
2,0,0,0,4,0,0,4,0
2,2,0,2,0,0,6,4,0
2,0,0,0,2,0,0,6,2
0,2,0,0,6,0,0,6,2
0,0,0,0,2,0,0,2,0
6,2,0,0,4,0,0,8,0
2,0,0,0,4,0,2,2,0
2,2,0,0,2,0,2,6,0
6,2,0,2,6,0,2,5,0
4,0,0,0,6,2,0,5,0
4,0,0,0,6,0,0,2,2
6,0,0,0,2,4,2,4,6
0,0,0,0,2,0,0,5,0
4,0,0,0,4,2,0,6,0
0,0,0,0,0,0,0,2,0
2,0,0,0,6,0,4,4,4
2,0,0,0,0,0,0,2,0
0,0,0,0,3,0,0,2,0
2,0,0,0,8,0,0,2,0
0,0,2,2,2,0,0,4,0
4,2,0,0,4,0,2,6,2
6,2,2,0,6,2,0,10,2
4,2,0,0,0,0,4,6,2
0,2,0,0,2,0,2,4,2
0,0,2,0,2,0,0,2,0
4,0,2,2,4,0,2,6,0
4,2,0,0,2,0,0,2,0
2,0,0,0,2,0,0,4,0
0,0,0,0,2,0,0,4,0
2,0,0,0,2,2,2,4,0
0,0,0,0,2,0,0,2,0
2,0,0,0,4,0,0,6,0
6,2,2,0,0,0,8,6,4
4,6,4,0,0,0,7,4,2
2,4,4,0,8,0,0,4,0
4,0,0,0,4,0,2,4,2
0,0,0,0,0,0,4,10,0
0,0,0,0,2,0,4,6,0
0,2,0,0,0,0,2,4,0
0,0,0,0,4,0,2,2,0
2,0,0,0,2,0,2,8,0
0,0,0,0,2,0,0,2,0
2,2,0,2,2,0,2,6,4
0,0,2,0,0,0,2,8,2
2,0,0,0,0,0,0,4,2
0,0,0,0,0,0,0,2,0
2,0,0,0,0,0,0,4,0
2,0,0,0,2,0,0,2,0
4,2,2,2,2,0,0,2,2
6,0,2,0,4,0,0,6,4
0,0,0,0,6,0,0,4,0
0,0,0,0,4,0,0,4,0
0,0,0,0,4,0,6,4,0
0,0,0,0,6,0,2,4,0
2,0,0,0,0,0,4,4,2
0,0,0,0,0,0,0,6,0
0,0,0,0,4,0,0,6,0
0,0,0,0,6,0,0,4,0
2,0,0,0,2,0,0,0,0
0,0,0,0,2,0,0,4,0
0,0,0,0,0,0,0,2,0
2,0,0,0,0,0,2,6,0
0,0,0,0,0,0,0,4,0
4,0,2,0,4,0,4,4,0
2,0,2,0,2,0,0,4,0
2,0,0,0,4,0,0,4,0
0,0,0,0,2,0,0,2,0
0,0,0,0,0,0,0,4,0
4,0,0,0,6,0,6,4,6
4,0,0,0,4,0,0,6,6
2,4,2,0,2,4,2,7,2
2,2,2,0,6,2,0,6,0
2,0,0,0,2,0,4,2,2
0,0,0,0,0,0,2,2,0
4,4,2,0,4,0,2,4,2
10,2,2,0,6,0,6,7,4
0,0,0,0,2,0,2,4,0
0,0,0,0,0,0,0,2,0
0,0,0,0,2,3,0,2,0
4,0,0,0,0,0,0,4,0
0,0,0,0,4,0,8,8,0
0,0,0,0,0,0,0,6,0
2,0,0,0,12,2,0,2,0
2,0,0,0,6,4,2,6,0
0,0,0,0,0,0,0,0,0
0,0,0,0,0,0,0,0,0
0,0,0,0,6,0,0,2,0
0,0,0,0,2,0,3,4,0
0,0,0,0,3,0,0,2,0
0,0,0,0,0,0,0,2,0
8,0,0,0,2,0,0,4,2
4,0,0,0,4,0,2,6,0
4,0,2,0,8,0,0,8,2
2,0,0,0,2,0,0,6,2
8,0,0,0,6,2,0,2,4
2,0,0,0,4,0,0,4,8
0,0,0,0,0,0,0,2,0
0,0,0,0,0,0,0,2,0
4,0,0,2,0,0,0,6,0
2,4,4,0,0,0,2,2,0
0,0,0,0,2,0,2,2,0
0,0,0,0,2,0,0,0,0
2,0,0,0,4,0,0,8,4
2,0,0,0,4,0,0,3,2
4,4,0,0,6,2,4,8,0
4,4,2,2,4,2,0,4,6
2,2,0,0,4,2,0,4,2
0,0,0,0,5,0,0,4,2
2,2,0,0,4,0,4,8,2
2,0,0,0,4,0,0,4,2
2,2,0,0,8,2,6,6,2
4,2,0,0,8,2,6,4,0
4,2,0,0,10,2,0,4,4
0,0,0,0,0,0,0,0,0
2,0,2,0,3,4,6,4,6
2,0,0,0,11,2,4,4,2
10,0,0,0,4,0,4,9,0
6,2,0,0,4,0,3,8,0
4,0,0,0,0,0,0,8,0
4,0,0,0,4,0,0,2,0
0,0,0,0,0,0,0,6,0
0,0,0,0,2,0,0,4,0
2,0,0,0,4,0,2,8,0
2,0,0,0,6,0,2,12,0
14,10,2,0,8,0,2,4,4
16,10,2,0,6,0,0,6,6
4,2,0,0,14,6,0,6,6
2,0,2,0,6,4,4,4,0
2,0,0,0,2,0,4,6,0
4,0,0,0,2,0,6,2,0
4,2,0,0,2,0,0,6,2
4,0,2,2,2,2,0,6,4
4,2,0,0,2,0,0,2,0
4,2,0,2,4,0,0,2,0
0,2,0,0,6,0,0,4,0
2,2,0,0,2,0,0,7,2
6,0,4,0,4,0,2,6,0
8,2,0,0,2,0,2,4,6
2,8,0,0,8,0,0,6,4
2,0,0,0,6,0,0,6,2
2,2,0,0,4,0,2,8,4
2,0,0,2,4,0,0,4,4
4,4,0,2,4,0,2,4,0
2,0,0,0,2,0,2,3,0
0,0,0,0,6,0,4,4,0
0,0,0,0,2,0,0,2,0
6,4,2,0,6,0,0,8,2
4,2,0,0,6,0,0,8,2
6,4,0,0,2,2,8,6,2
6,4,4,0,4,2,2,5,0
0,0,0,0,4,0,0,4,0
0,0,0,0,6,0,0,6,0
2,6,2,0,0,0,2,6,0
2,0,4,0,2,0,0,6,0
0,0,0,0,0,0,6,8,0
0,0,0,0,6,0,2,6,0
0,0,0,0,4,0,0,4,0
6,2,0,0,6,0,2,8,4
2,4,0,0,0,2,4,5,4
6,14,4,0,0,0,2,6,6
2,2,0,0,0,0,0,3,0
10,12,0,0,0,0,2,4,8
4,4,0,2,2,0,0,6,2
2,8,0,0,0,0,4,10,2
0,0,0,0,2,0,0,4,0
0,0,0,0,0,0,0,6,0
2,0,0,0,6,2,3,4,0
0,0,0,0,5,0,2,2,0
0,6,0,0,10,0,0,8,0
2,2,0,0,0,0,0,2,0
0,2,0,0,6,0,6,0,0
0,0,0,0,0,0,4,6,0
4,0,0,0,0,0,0,4,0
0,0,0,0,0,0,0,4,0
4,0,0,0,4,0,0,2,2
0,0,0,0,0,0,0,4,0
6,1,0,0,2,0,2,2,0
6,4,0,0,6,0,1,4,2
2,0,0,0,5,0,2,2,0
2,0,0,4,8,0,6,2,0
12,2,2,0,4,0,2,0,4
2,2,0,0,2,0,0,8,0
4,0,0,0,4,0,1,4,0
0,0,0,0,0,0,0,2,0
0,0,0,0,0,0,0,2,0
0,0,0,0,2,0,0,2,0
0,0,0,0,0,2,0,0,2
0,0,0,0,2,0,2,4,0
0,0,0,0,4,0,0,0,0
0,0,0,0,2,0,0,4,0
0,0,0,0,4,0,2,4,0
0,0,0,0,0,0,0,2,0
0,0,0,0,2,2,0,4,2
0,0,0,0,2,0,0,8,0
4,0,2,0,2,0,0,4,6
4,4,6,0,2,0,0,4,4
0,2,0,0,2,0,6,4,2
0,0,0,0,2,0,0,2,0
0,0,0,0,4,0,0,6,0
0,0,0,0,2,0,0,2,0
0,0,0,0,8,0,2,2,0
0,0,0,0,4,0,0,0,0
0,0,0,0,2,0,4,8,0
2,0,0,0,8,0,0,4,2
4,0,0,0,9,0,0,4,0
2,0,0,0,5,0,2,6,2
4,0,0,0,8,0,0,4,0
6,2,4,2,4,0,2,5,2
0,2,0,0,9,0,10,4,2
0,2,0,0,7,0,6,2,0
2,0,0,0,6,0,2,12,0
8,0,0,0,10,0,2,12,2
8,0,2,0,2,0,0,6,0
4,2,2,0,4,0,0,6,4
2,2,2,0,6,0,2,6,2
2,0,0,0,6,0,4,8,0
6,4,2,0,2,0,0,8,6
4,2,0,2,4,0,0,6,6
4,2,0,0,2,0,0,6,6
6,2,0,0,2,0,0,6,6
8,2,0,0,2,0,0,0,6
4,2,0,0,2,0,0,4,2
0,0,0,0,8,0,2,6,2
0,0,0,0,4,0,4,8,2
4,2,0,0,6,0,0,8,2
2,0,0,0,0,0,0,5,0
0,0,0,0,0,0,0,6,0
2,0,0,0,0,0,0,4,0
4,2,0,0,4,0,4,4,2
2,2,0,0,4,0,2,6,0
0,2,0,0,4,0,0,2,0
2,0,0,0,2,0,0,4,0
0,0,0,0,2,0,0,6,0
0,0,0,0,6,0,2,4,0
4,4,0,2,2,0,0,6,2
2,10,0,0,2,2,0,4,0
2,0,0,0,2,4,0,8,0
8,0,0,0,2,0,0,4,0
0,0,0,0,8,0,2,9,2
4,0,0,0,9,0,2,6,4
4,2,0,0,5,0,0,6,0
2,0,0,0,2,0,0,6,0
0,0,0,0,2,0,0,6,0
0,0,0,0,0,0,0,4,0
4,4,0,0,2,0,13,4,2
2,0,0,0,4,0,9,4,0
2,2,0,0,1,0,8,6,0
0,0,0,0,3,0,0,4,0
2,0,0,0,2,0,0,8,0
2,0,0,0,2,0,0,2,0
6,0,0,0,10,0,0,0,0
6,2,0,0,13,0,0,4,0
0,4,2,0,8,0,0,4,0
0,0,0,0,6,0,0,4,0
0,0,0,0,2,0,0,0,0
2,2,0,0,2,0,0,2,0
6,2,0,0,0,0,2,4,2
2,0,0,0,0,0,0,4,0
2,0,0,0,0,0,2,4,0
8,6,2,0,0,0,2,0,2
2,4,0,0,4,0,0,4,0
0,0,0,0,2,0,4,4,0
0,0,0,0,2,0,2,4,0
0,0,0,0,2,0,4,2,0
4,0,2,0,2,0,0,2,0
4,0,0,0,4,0,0,0,0
2,2,0,0,2,0,0,8,0
6,2,2,2,2,0,0,4,0
0,0,0,0,2,0,0,4,0
0,0,0,0,2,0,0,4,0
0,0,0,0,2,0,0,5,0
0,2,0,0,2,0,0,4,0
2,2,0,0,0,0,0,10,2
2,0,2,0,4,0,0,4,0
8,2,0,0,6,0,0,8,4
4,0,0,0,8,0,0,4,4
4,0,0,0,0,0,0,1,0
0,0,0,0,0,0,0,0,0
0,0,0,0,0,0,0,1,0
0,0,0,0,0,0,0,0,0
2,2,0,0,4,2,2,4,4
4,4,2,0,2,0,4,6,2
0,0,0,0,2,0,2,6,0
0,0,0,0,4,0,4,4,0
0,0,0,0,2,0,0,4,0
0,0,0,0,6,0,2,4,0
2,6,2,0,2,0,0,8,0
8,0,2,0,4,0,0,6,4
6,2,0,0,8,2,0,5,0
2,0,0,0,2,0,0,6,0
0,0,0,0,2,2,4,6,0
0,0,0,0,2,0,0,8,0
4,0,0,0,8,0,0,8,2
0,0,4,0,2,0,2,8,0
0,0,0,0,0,0,2,3,0
0,0,0,0,0,0,2,4,0
0,0,0,0,2,0,4,4,0
0,0,0,0,4,0,10,2,0
0,0,0,0,2,0,2,4,0
4,0,0,0,6,0,0,6,0
4,2,0,0,6,0,0,8,2
6,0,0,0,6,0,0,8,4
0,0,0,0,4,0,0,4,0
0,0,0,0,6,0,2,4,0
0,0,0,0,0,0,0,0,0
0,0,0,0,5,0,0,2,0
7,0,0,0,6,0,0,2,0
4,0,0,0,7,0,0,4,0
2,0,0,0,0,0,0,4,0
0,0,0,0,0,0,2,4,0
2,2,0,2,6,0,0,0,0
4,2,0,0,6,0,2,2,0
0,0,0,0,2,0,2,2,0
0,0,0,0,4,0,0,2,0
0,0,0,0,6,0,0,0,0
0,0,0,0,6,0,0,2,0
4,0,0,0,2,0,2,4,0
2,2,2,0,0,0,2,0,0
0,0,0,0,2,0,0,6,0
0,0,0,0,3,0,0,4,0
0,0,0,0,2,0,2,10,0
0,0,0,0,0,2,0,4,0
0,0,0,0,2,0,0,6,0
2,0,0,0,4,0,0,6,0
8,2,0,0,2,0,3,0,8
6,0,0,0,2,0,1,4,4
2,0,0,0,0,0,6,4,0
0,0,0,0,2,0,3,4,0
0,0,0,0,0,0,0,4,0
0,0,0,0,0,0,0,2,0
4,0,0,0,2,0,0,12,0
2,0,0,2,6,0,2,6,2
2,0,0,0,8,0,2,2,0
4,0,0,0,6,0,4,2,0
2,0,2,0,4,0,3,4,0
2,2,2,0,10,0,4,4,0
4,4,4,0,8,0,0,2,0
2,0,0,0,4,0,0,4,0
2,4,0,0,6,0,0,2,0
10,4,0,0,4,4,0,2,4
4,4,0,0,6,0,0,6,0
0,0,0,0,0,0,2,4,0
6,4,0,0,6,0,0,4,4
6,0,0,0,2,0,0,4,6
2,0,0,0,2,0,0,4,0
0,0,0,0,4,0,0,4,0
2,0,0,2,2,0,0,2,0
2,0,0,0,2,2,0,2,2
2,2,0,0,3,0,2,4,0
6,0,0,0,9,0,4,2,0
4,0,0,4,8,2,5,8,0
2,0,0,0,2,2,4,8,0
8,4,0,2,2,0,0,4,2
6,2,0,0,2,0,2,6,4
2,0,0,0,5,0,0,6,0
2,0,0,0,5,0,0,6,0
8,0,0,0,4,0,4,6,0
2,2,0,0,2,0,0,4,0
2,0,0,0,4,0,0,4,0
0,0,0,0,4,0,0,2,0
4,2,2,2,2,0,0,4,4
8,2,2,0,1,0,0,2,6
0,0,0,0,2,0,0,4,0
2,2,0,0,2,0,0,2,0
2,0,0,0,0,0,0,4,2
2,0,0,2,4,0,0,2,2
0,0,0,0,2,0,0,0,0
0,0,0,0,0,0,0,4,0
0,0,0,0,2,0,2,0,0
0,0,0,0,2,0,6,0,0
2,0,0,0,0,0,0,2,0
0,0,0,0,0,0,0,4,0
6,0,2,0,7,0,0,2,6
8,1,2,0,6,0,0,0,6
0,0,0,0,4,0,0,2,0
0,0,0,0,2,0,2,2,0
0,0,0,0,2,0,5,0,0
0,1,0,0,6,0,2,0,2
0,0,0,0,2,0,0,2,0
0,0,0,0,4,0,0,0,0
0,0,0,0,2,0,0,6,2
0,0,0,0,7,0,0,6,4
0,0,0,0,2,0,5,2,0
2,0,0,0,0,0,2,4,0
0,0,4,0,2,0,0,2,0
0,0,0,0,0,0,0,4,0
0,0,0,0,4,0,2,0,0
2,0,0,0,0,0,0,5,0
4,0,0,0,2,0,2,2,4
4,2,0,0,0,0,2,2,2
2,0,0,0,2,0,2,4,0
0,0,0,0,0,0,0,4,0
0,0,0,0,2,0,0,6,0
2,0,0,0,2,0,2,4,0
4,0,0,0,2,0,2,3,0
2,0,0,0,4,0,0,2,0
0,0,0,0,0,0,0,4,0
2,0,2,0,4,0,0,4,4
2,0,0,0,2,0,0,4,0
4,0,2,0,3,0,2,4,0
2,0,0,0,2,0,0,8,0
2,0,0,0,0,0,2,4,0
0,0,0,2,6,0,6,0,0
0,0,0,0,0,0,0,4,0
4,2,0,0,4,0,4,1,2
8,2,2,0,2,0,2,2,4
0,0,0,0,2,0,0,2,0
0,0,0,0,4,0,0,2,0
10,4,0,4,6,0,2,2,6
10,6,2,0,4,0,0,2,4
2,0,0,0,2,0,0,4,0
2,0,0,0,2,0,2,6,0
0,0,0,0,0,2,0,2,0
0,0,0,0,0,0,0,2,0
0,0,0,0,2,0,0,1,0
0,0,0,0,2,0,0,0,0
12,0,0,0,4,0,0,8,0
4,0,0,0,2,0,0,0,0
0,0,0,0,4,0,0,2,0
0,0,0,0,4,0,0,2,0
0,0,0,0,2,0,0,2,0
0,0,0,0,2,0,0,0,0
2,2,4,0,0,0,0,6,0
0,0,0,0,0,0,0,4,0
0,0,0,0,0,0,0,5,0
0,0,0,0,0,0,0,7,0
0,0,0,0,2,0,0,2,0
0,0,0,0,0,0,0,2,0
0,0,0,0,6,0,0,6,0
0,0,0,0,6,0,0,2,0
0,0,0,0,4,0,0,2,0
0,0,0,0,4,0,0,2,0
0,0,0,0,4,0,0,2,0
0,0,0,0,4,0,0,2,0
0,0,0,0,0,0,0,2,0
0,0,0,0,0,0,0,2,0
4,0,0,0,2,0,4,12,2
6,0,0,0,0,0,4,14,0
2,0,0,0,4,0,2,2,0
2,0,0,0,4,0,0,2,0
0,0,0,0,2,0,0,4,0
0,0,0,0,4,0,0,2,0
0,0,0,0,2,0,0,4,0
0,0,0,0,4,0,0,2,0
0,0,0,0,4,0,0,4,0
0,0,0,0,4,0,0,2,0
0,0,0,0,4,0,0,4,0
0,0,0,0,4,0,0,2,0
2,0,0,0,0,0,0,4,0
2,0,0,0,0,0,0,4,2
2,0,0,0,2,0,4,6,0
2,2,0,0,2,0,2,4,0
0,0,0,0,0,0,2,4,0
2,0,0,0,0,0,5,4,0
4,2,2,0,8,0,0,8,0
4,0,0,0,2,0,0,6,2
0,0,0,0,0,0,0,2,0
2,0,0,0,4,2,0,0,0
8,0,0,0,6,0,6,10,0
2,2,4,0,0,0,6,8,0
0,0,2,0,3,0,0,4,0
2,0,0,0,2,0,0,4,2
2,0,0,0,4,0,0,4,2
2,0,0,0,6,0,0,6,4
0,0,0,2,4,0,0,8,0
0,2,0,0,4,0,0,6,0
2,0,0,2,7,0,0,4,0
0,0,0,0,6,0,0,1,2
4,0,0,0,1,2,0,4,2
2,0,0,0,2,2,0,4,2
2,4,4,4,8,2,0,2,2
2,0,0,0,2,0,4,2,0
0,2,0,0,9,0,0,2,0
0,2,2,0,8,0,0,0,0
0,0,0,0,0,0,0,10,0
2,6,2,2,4,0,0,10,2
2,0,0,0,4,0,2,6,2
0,4,2,2,2,0,2,12,2
0,0,0,2,2,0,0,6,0
2,2,0,0,2,0,0,4,0
4,0,0,0,6,0,8,6,0
2,0,0,0,14,0,0,8,0
0,0,0,0,6,0,6,6,0
0,0,0,0,4,0,0,8,0
0,0,0,0,6,0,6,6,0
0,0,0,0,4,0,0,4,0
4,2,0,0,2,0,0,0,0
4,0,2,0,2,0,0,4,0
10,4,6,0,8,0,0,6,8
2,0,0,0,1,0,0,6,4
0,0,0,0,4,0,0,6,2
0,0,0,0,3,0,0,4,0
6,2,0,0,4,0,0,10,2
8,2,0,0,0,0,2,12,4
2,0,0,0,6,0,0,4,2
2,0,0,0,4,0,0,8,2
0,0,0,0,4,0,0,4,0
0,0,0,0,2,0,0,4,0
4,2,0,0,4,0,2,6,0
4,0,0,0,1,0,0,4,2
8,2,0,0,4,0,0,2,2
2,0,0,0,2,0,0,2,0
4,4,2,0,8,0,8,2,0
0,2,0,0,4,0,2,2,2
0,0,0,0,3,0,10,2,0
0,0,0,0,1,0,10,2,0
2,0,0,0,0,0,0,12,0
4,2,2,0,2,0,0,6,0
2,0,0,0,8,0,0,4,0
2,0,0,0,2,0,0,2,2
0,0,0,0,0,0,5,6,0
0,0,0,0,0,0,0,6,0
8,4,4,0,4,6,0,10,0
4,6,0,0,2,2,4,6,2
0,2,0,0,0,0,0,2,0
2,6,0,0,4,2,0,2,0
4,4,4,0,4,0,8,4,0
6,4,8,0,2,0,2,8,4
2,0,0,0,4,0,0,4,0
14,4,0,0,10,0,6,8,4
6,2,0,0,8,0,2,4,4
6,4,2,0,6,0,0,10,2
2,0,0,0,2,0,0,2,0
2,0,0,0,2,0,0,6,0
0,0,0,0,4,0,4,4,0
0,0,0,0,6,0,7,6,0
0,0,0,0,8,0,2,4,0
0,0,0,0,6,0,5,4,0
4,2,0,0,6,0,0,4,4
10,2,0,0,10,0,0,6,2
2,2,0,0,4,0,0,4,0
2,0,0,0,2,0,0,4,0
2,0,0,0,2,0,2,6,0
4,0,2,0,0,0,2,2,2
4,0,4,0,2,0,0,4,6
4,0,0,0,2,0,0,2,0
2,0,0,0,6,0,4,2,0
0,0,0,0,8,0,0,4,0
0,0,0,0,2,0,6,5,0
0,0,0,0,0,0,0,4,0
0,0,0,0,2,0,0,4,0
2,0,0,0,2,0,0,4,0
4,2,0,0,2,0,2,8,0
0,2,0,0,0,0,0,2,0
6,2,4,2,4,0,0,9,4
0,2,0,0,0,2,0,4,0
2,0,0,0,2,0,2,2,0
2,0,0,0,2,0,2,2,2
4,2,2,2,2,0,2,2,0
2,6,6,4,2,0,0,2,6
8,0,0,0,0,0,0,2,2
6,2,0,0,0,0,0,6,4
0,0,0,0,0,0,0,2,0
2,0,0,0,0,0,0,2,0
0,2,0,0,2,0,2,2,2
0,0,0,0,4,0,2,2,0
2,2,4,2,2,0,0,6,0
2,2,2,0,2,0,0,4,0
4,0,0,0,2,0,0,2,0
4,0,2,0,3,0,2,6,4
2,0,0,0,4,0,4,5,2
2,0,0,0,2,0,2,4,2
4,0,0,0,0,0,0,4,0
0,4,4,0,2,0,0,4,0
0,0,0,0,6,0,2,2,0
2,0,0,0,2,0,7,4,0
8,0,4,0,4,0,0,4,0
4,0,0,0,4,0,0,2,2
6,2,0,0,4,0,0,4,4
6,2,0,0,4,0,0,4,2
0,4,0,0,12,0,2,4,2
0,0,0,0,2,0,0,2,0
10,6,2,2,4,0,0,2,4
8,0,2,0,4,0,2,6,6
20,6,2,0,12,0,0,10,6
10,2,0,0,10,0,0,6,8
0,0,0,0,8,0,4,8,0
0,2,0,0,12,0,0,6,0
0,2,0,0,4,0,2,8,0
4,2,0,0,12,0,2,8,0
2,0,0,0,3,0,0,4,0
0,0,0,0,4,0,0,0,0
4,4,2,0,6,0,2,8,4
4,0,2,0,8,0,4,3,4
2,0,2,0,10,2,0,0,2
0,0,0,0,4,2,0,2,2
6,0,0,0,6,0,0,4,0
6,2,2,0,4,0,0,2,0
4,0,0,0,0,0,0,0,0
6,4,0,0,0,0,0,0,0
0,0,0,0,2,0,0,0,0
0,0,0,0,0,0,0,0,0
0,0,0,0,0,0,0,6,0
0,0,0,0,2,0,4,6,0
0,0,0,0,0,0,0,2,0
0,0,0,0,0,0,0,4,0
2,0,0,0,0,0,0,4,0
0,0,0,0,2,0,0,2,0
4,4,8,2,0,0,6,6,4
6,4,0,0,6,0,2,6,0
0,2,0,0,4,0,2,8,2
4,0,0,0,8,0,2,4,0
0,4,0,0,4,0,4,8,0
0,2,0,0,6,0,2,4,2
6,0,2,0,8,0,0,4,2
6,4,0,0,8,0,0,6,4
0,0,0,0,11,0,0,4,0
0,0,0,0,11,0,0,6,0
0,0,0,0,3,0,2,6,0
0,0,0,0,5,0,8,6,0
4,4,0,0,10,2,0,8,2
6,4,4,0,10,2,0,6,4
0,0,0,0,3,0,0,6,0
0,0,0,0,5,0,2,4,2
0,0,2,0,3,0,0,6,0
10,0,2,0,7,0,0,0,4
6,4,0,0,4,0,0,10,6
2,0,2,0,4,0,0,6,4
6,4,2,2,4,0,10,8,4
8,6,4,4,12,0,11,4,0
6,4,0,2,4,0,4,10,2
8,4,2,0,8,0,2,6,2
0,0,0,0,0,0,2,3,0
0,0,0,0,9,0,12,6,0
0,0,0,0,6,0,8,8,2
0,0,0,0,6,0,10,0,0
13,4,6,2,2,2,4,2,4
10,6,0,0,8,0,2,6,4
0,0,0,0,8,0,0,8,0
4,2,0,0,11,2,0,4,0
0,0,0,0,6,0,0,6,0
0,0,0,0,8,0,2,4,2
2,0,0,0,10,0,2,2,0
0,0,0,0,6,0,2,4,2
12,0,0,0,2,0,14,6,2
16,0,2,0,2,0,4,4,0
4,4,0,0,6,0,0,5,6
4,0,0,0,2,0,2,6,0
4,4,4,0,4,0,2,8,2
6,4,0,0,0,0,2,6,6
2,12,0,0,0,7,2,18,2
4,0,0,0,0,0,0,12,0
2,2,0,0,0,2,0,10,0
4,0,0,0,0,0,0,10,0
4,0,0,0,6,0,0,8,0
2,0,0,0,6,0,0,2,2
0,0,0,0,4,0,0,4,0
0,0,0,0,10,0,0,0,2
0,0,0,0,0,0,0,0,0
0,0,0,0,0,0,0,6,0
0,0,0,0,0,0,0,4,0
0,0,0,0,0,0,0,4,0
0,0,0,0,7,0,2,4,2
0,2,2,0,6,0,0,4,0
6,6,2,0,4,0,0,6,0
4,2,2,0,2,0,0,4,4
0,2,0,2,2,0,6,4,0
8,2,0,2,4,0,10,4,0
4,4,2,2,6,0,6,8,0
2,0,4,0,4,0,10,6,0
0,0,0,0,0,0,0,3,0
2,4,10,0,0,0,2,5,2
4,0,0,0,4,0,0,6,2
10,4,2,2,6,2,6,6,2
0,0,0,0,0,0,0,4,0
0,0,0,0,2,0,6,2,0
0,0,0,0,4,0,5,8,0
2,2,0,0,4,0,3,6,0
0,0,0,0,4,0,0,5,0
0,2,0,0,7,0,0,4,0
4,2,0,0,2,0,2,4,0
12,4,2,0,0,0,4,8,2
2,6,0,0,6,2,4,6,2
0,8,0,0,2,0,0,6,2
8,2,0,2,8,0,0,6,4
10,4,4,4,10,0,0,5,4
4,0,0,0,6,0,4,4,0
2,0,0,0,0,0,0,2,0
2,4,0,0,0,0,0,5,0
2,0,0,0,2,0,0,6,0
2,2,0,0,0,0,2,7,0
0,0,0,0,0,0,0,8,0
0,0,0,0,0,0,4,8,0
0,0,0,0,6,0,2,10,0
0,8,4,0,18,10,0,8,4
2,16,8,0,22,8,0,8,4
0,0,0,0,2,0,0,6,0
0,0,0,0,2,0,0,5,0
6,0,0,0,6,0,0,5,0
2,0,4,0,6,0,2,10,0
0,0,0,0,0,0,0,2,0
0,0,0,0,2,0,0,2,0
0,0,0,0,4,0,0,4,0
0,0,0,0,4,0,0,2,0
2,0,0,0,0,0,0,5,0
6,0,0,0,6,2,2,10,2
2,0,0,0,0,0,0,0,0
0,0,0,0,4,0,0,0,0
4,2,0,0,0,0,0,8,6
4,10,0,0,3,0,0,8,4
0,0,0,0,4,0,0,4,0
2,0,0,0,0,0,0,4,0
3,0,0,0,8,0,0,10,2
3,0,0,0,4,0,0,14,0
8,6,0,0,6,0,0,6,5
9,2,0,0,8,0,0,6,6
0,0,0,0,2,0,4,6,0
0,0,0,0,4,0,8,6,0
0,0,0,0,4,0,4,6,0
0,0,0,0,6,0,2,8,0
6,0,0,0,2,0,2,4,2
2,0,0,0,2,0,2,8,2
0,0,0,0,4,0,0,8,0
0,0,0,0,10,0,2,6,0
0,0,0,0,0,0,2,0,0
0,0,0,0,0,0,2,0,0
0,0,0,0,2,0,2,6,0
6,0,2,0,6,0,2,6,2
8,0,0,0,6,0,0,4,6
2,4,2,0,4,0,0,4,2
4,0,0,0,4,0,0,4,0
0,4,0,0,4,0,0,4,0
18,0,8,2,0,0,0,2,6
6,0,4,0,0,0,0,6,4
0,2,0,0,4,0,0,4,2
14,2,4,0,10,0,0,5,8
2,0,0,0,8,0,2,6,2
2,2,0,0,4,0,0,8,0
12,14,4,4,10,0,2,6,2
8,6,2,0,4,2,2,6,0
0,2,0,0,4,2,0,8,0
0,4,4,2,4,4,0,10,2
0,0,0,0,6,2,0,6,0
0,2,0,0,4,0,2,8,2
2,0,0,0,4,0,0,2,0
0,0,0,0,2,0,0,6,0
0,0,0,0,0,2,0,2,0
0,0,0,0,2,0,0,4,0
4,8,4,0,2,0,2,8,4
2,0,4,0,2,0,2,6,2
4,2,4,0,2,0,4,8,0
0,0,0,0,2,0,2,8,2
0,0,0,0,2,0,2,8,0
0,0,0,0,2,0,0,8,0
0,0,0,0,4,0,4,6,0
0,0,0,0,0,0,0,10,0
0,0,0,2,2,0,8,8,2
0,2,0,0,4,0,0,6,4
6,0,0,0,0,0,0,4,0
2,0,0,0,2,0,0,6,0
6,0,0,0,0,0,0,2,1
0,2,0,0,2,0,0,2,2
2,0,0,0,4,0,0,6,0
2,0,0,0,2,0,0,4,2
2,0,0,0,7,0,8,8,0
0,0,0,2,0,0,0,10,0
6,0,2,0,0,0,0,8,0
4,4,0,0,2,0,0,6,0
0,0,0,0,4,0,2,16,0
0,0,0,0,4,0,2,12,0
0,0,0,0,4,0,2,8,0
0,2,0,2,2,0,2,4,0
0,0,0,0,2,0,0,6,0
0,0,0,0,2,0,0,6,0
0,0,0,0,4,0,4,4,0
0,0,0,0,2,0,2,4,0
0,0,0,0,6,0,0,6,0
0,0,0,0,6,0,0,4,0
0,0,2,0,2,0,2,5,4
0,0,2,0,0,0,4,6,0
4,0,0,0,0,0,0,4,2
0,0,0,0,0,0,0,8,0
0,0,0,0,0,0,0,2,0
4,2,0,0,2,0,0,2,2
0,0,0,0,0,0,0,3,0
2,0,0,0,0,0,0,6,0
6,2,4,0,4,0,4,6,2
0,2,0,0,4,0,0,8,0
2,0,0,2,8,0,0,2,2
6,2,2,2,4,0,0,2,0
6,0,0,0,10,0,0,2,0
6,0,2,0,6,0,4,4,0
3,0,0,0,6,0,0,8,0
0,0,0,0,3,0,0,8,0
4,6,8,4,2,0,2,6,6
6,4,0,0,4,0,0,4,2
2,2,0,0,0,2,0,6,2
0,0,0,0,3,0,0,6,0
6,0,0,0,4,0,0,6,2
2,0,0,0,2,0,0,4,2
0,0,0,0,8,0,2,6,0
0,0,0,0,4,0,0,2,2
4,0,0,2,4,0,0,2,0
2,0,0,0,4,0,0,2,0
0,0,0,0,0,0,0,4,0
0,0,0,0,0,0,2,2,0
0,0,0,0,4,0,0,9,0
0,0,0,0,4,0,0,6,0
6,2,2,0,4,0,0,7,0
4,2,2,0,4,0,0,4,2
0,0,0,0,0,0,0,4,0
0,0,0,0,0,0,0,4,0
2,0,0,0,4,0,2,4,2
4,2,2,0,0,0,0,4,0
0,0,0,0,4,0,0,2,0
0,0,0,0,2,0,0,2,0
0,0,2,0,2,0,0,2,0
4,0,4,0,6,0,0,2,0
2,2,2,2,6,0,2,4,4
2,4,0,0,4,0,0,5,0
4,0,0,0,4,0,4,6,4
0,2,0,0,4,0,6,4,0
0,6,0,0,4,2,0,8,6
0,0,0,0,2,0,8,8,4
10,4,2,4,4,0,0,8,0
6,6,4,0,2,0,0,6,2
6,2,0,0,2,0,0,10,2
6,2,0,0,0,2,0,4,2
2,8,4,0,8,0,0,4,0
4,10,2,0,8,0,0,4,4
0,0,0,0,8,0,4,6,0
0,4,0,0,4,0,4,6,0
0,0,0,0,8,0,6,6,0
0,4,0,0,4,0,4,6,0
6,2,0,2,4,0,2,6,0
4,0,2,2,4,0,0,6,2
0,0,0,0,3,0,0,6,0
6,0,0,0,4,0,0,6,0
6,2,0,0,4,0,0,4,0
2,0,0,0,2,0,0,6,0
0,0,0,0,6,0,2,5,0
4,0,0,0,10,0,0,4,0
0,0,0,0,2,0,2,6,0
4,0,0,0,10,0,0,8,2
8,4,6,0,4,0,0,4,6
4,0,2,0,2,0,0,4,0
2,0,0,0,0,0,0,2,0
4,0,0,0,4,0,0,4,0
8,0,0,0,8,0,4,16,4
2,2,0,0,8,0,2,6,0
0,0,0,0,2,0,0,5,0
4,0,0,0,4,0,0,3,2
0,2,0,0,2,0,4,3,2
0,0,0,0,2,0,0,6,0
2,0,0,0,4,0,0,7,0
2,0,0,0,4,0,0,4,0
2,0,0,0,6,0,0,2,0
0,0,0,0,8,0,0,6,0
2,0,0,0,2,0,2,4,0
2,0,0,0,2,0,0,1,2
6,0,2,0,5,0,2,6,0
2,0,0,0,2,0,0,6,2
0,2,0,0,0,0,2,6,0
0,2,0,0,4,0,6,6,4
2,0,8,2,0,0,2,2,0
4,6,6,0,2,2,0,4,2
0,0,0,0,0,0,2,0,0
0,0,0,0,4,0,2,2,0
4,0,0,0,4,0,0,2,2
4,0,0,0,6,0,0,2,4
2,0,0,0,0,0,0,7,0
2,0,0,0,7,0,2,4,0
4,0,0,2,8,0,0,6,2
2,2,0,0,10,0,0,4,2
6,2,4,0,8,0,0,2,4
10,2,0,0,6,0,0,2,4
2,0,0,2,2,0,0,7,0
2,2,0,0,3,0,0,4,0
0,2,0,0,6,0,4,2,2
0,2,0,0,2,0,2,2,0
4,2,0,0,0,0,0,2,6
2,0,4,2,0,0,0,2,4
0,0,0,0,0,0,0,6,0
0,0,0,0,0,0,2,2,2
2,0,0,0,2,0,0,10,2
10,4,2,0,4,2,0,10,6
2,0,0,0,0,0,0,6,0
4,2,0,6,2,0,0,2,0
0,2,0,0,10,0,0,2,0
0,0,0,0,2,0,0,0,0
2,0,0,0,2,0,0,6,0
0,0,0,0,4,0,0,0,0
0,0,0,0,4,0,0,4,0
0,0,0,0,4,0,0,3,0
10,0,0,0,6,0,2,7,2
6,2,4,4,2,0,0,6,2
2,2,2,2,4,0,0,6,0
6,2,0,0,4,0,0,4,0
6,2,4,4,8,0,0,4,0
2,0,0,0,2,0,0,2,0
0,0,0,0,8,0,0,4,0
0,0,0,0,4,0,0,2,0
0,2,0,0,0,0,2,4,0
2,0,0,0,0,0,0,6,0
4,2,0,0,4,0,4,4,2
0,0,0,0,4,0,0,4,0
0,0,0,0,0,0,0,2,0
0,0,0,0,0,0,0,4,0
2,0,0,0,0,0,2,2,0
4,0,0,0,2,0,2,6,0
0,0,0,0,0,0,0,2,0
0,0,2,0,2,0,0,2,0
4,2,0,0,2,0,2,8,0
4,4,0,0,0,0,2,6,0
2,0,0,0,2,0,0,4,0
2,0,0,0,2,0,2,8,0
4,0,0,0,2,0,0,8,4
0,0,0,0,0,0,0,6,0
2,2,0,0,0,0,2,4,0
2,0,0,0,4,0,2,0,0
0,0,0,0,0,4,0,4,0
0,0,0,0,4,0,0,4,0
2,0,0,0,0,2,0,4,0
4,0,0,0,4,2,0,5,0
4,0,0,0,6,0,6,4,6
0,0,0,0,2,0,2,2,0
2,0,0,0,0,0,4,6,0
0,0,0,0,5,2,2,4,0
6,2,0,0,2,0,0,6,2
6,0,0,2,4,0,2,4,2
4,4,0,0,0,0,2,7,0
0,2,0,0,2,0,2,8,0
2,0,0,0,0,0,2,4,4
0,0,0,0,2,0,0,6,0
0,2,0,0,0,0,9,4,0
4,2,0,0,0,0,6,4,0
12,2,0,0,0,0,10,6,2
8,4,0,0,0,0,8,6,0
16,2,6,2,0,0,0,10,4
10,0,0,0,2,0,0,14,0
10,8,0,2,6,3,0,8,6
6,0,0,0,2,0,0,14,4
2,2,0,0,4,2,0,10,0
0,2,0,0,6,0,0,6,0
2,4,0,0,0,4,0,4,2
2,2,0,0,0,0,2,8,0
8,0,0,0,4,0,2,5,2
12,0,0,0,10,4,2,3,2
6,0,0,0,4,0,0,8,2
12,0,4,0,4,0,2,4,4
4,6,0,0,10,0,0,4,2
0,0,0,0,0,0,0,6,2
8,0,0,0,10,0,0,6,0
2,0,0,0,8,0,0,6,0
0,0,0,0,4,0,2,6,0
2,0,0,0,2,0,0,2,0
4,4,0,0,2,0,0,4,0
6,2,0,0,2,0,0,10,2
4,4,2,0,0,0,0,6,0
8,6,6,0,2,0,0,6,4
6,0,0,0,2,0,0,6,0
8,2,0,0,4,0,0,8,2
12,0,0,0,0,2,0,4,0
8,0,0,0,0,0,0,4,0
8,2,2,0,4,0,0,6,4
4,0,0,2,6,0,2,8,2
0,0,0,0,6,0,0,8,0
4,0,0,0,8,0,0,6,2
8,0,0,0,6,0,0,4,0
6,0,0,0,10,0,0,6,0
0,0,0,0,4,0,2,6,0
6,0,0,0,8,2,2,4,2
8,2,4,4,4,0,0,4,2
6,2,0,0,2,0,0,2,4
0,0,0,0,6,0,0,6,0
2,0,0,0,4,0,0,4,0
2,8,0,0,6,0,2,4,2
6,4,0,0,8,0,0,4,0
4,4,0,0,6,0,0,4,6
4,2,0,0,8,0,2,2,2
6,2,0,0,7,0,2,2,2
2,2,0,0,2,0,0,4,0
2,0,0,0,6,0,0,8,0
2,0,0,0,2,0,0,4,2
0,0,0,0,2,0,0,0,0
0,0,0,0,2,0,2,2,0
4,0,0,0,4,0,6,2,0
2,0,0,0,2,0,2,4,0
4,6,2,0,2,0,4,7,6
6,6,0,0,4,0,0,6,6
6,0,0,0,3,2,4,4,0
2,0,0,0,5,0,2,8,0
2,0,0,0,4,0,0,2,2
2,4,2,0,4,0,0,8,0
0,2,0,0,8,2,2,4,0
0,2,0,0,6,0,2,4,0
0,0,0,0,0,0,2,3,0
4,0,0,0,10,0,1,4,0
0,0,0,0,0,0,0,6,0
2,2,2,0,2,0,0,2,2
2,0,2,0,2,0,0,2,4
0,0,0,0,0,0,0,2,2
0,0,0,0,2,0,3,6,0
0,0,0,0,0,0,0,4,0
4,2,0,2,10,0,2,4,4
12,0,0,0,8,0,2,4,4
4,4,2,0,0,0,0,8,2
0,2,0,0,4,0,0,10,0
8,2,0,0,14,0,0,4,2
10,0,2,0,10,0,0,0,0
2,0,0,0,4,6,0,4,0
4,0,0,0,6,7,0,2,0
4,0,0,0,6,0,0,4,2
6,0,0,0,8,0,0,6,2
0,0,0,0,4,0,0,10,0
0,0,0,0,6,0,0,10,0
2,0,0,0,2,0,2,2,2
8,2,10,4,8,6,4,4,2
2,0,0,0,4,0,0,8,0
0,0,0,0,2,0,0,6,0
8,6,0,0,10,0,4,6,2
6,2,0,0,4,0,2,6,4
0,0,0,0,8,0,0,2,2
0,4,0,0,4,0,0,6,0
8,0,0,0,2,0,8,10,0
0,0,0,0,6,0,2,8,0
2,0,0,0,2,0,2,6,0
0,0,0,0,6,0,0,6,0
0,2,0,0,4,0,6,4,4
0,0,2,0,4,0,4,5,0
4,2,2,0,4,0,4,4,6
4,4,6,2,4,0,4,4,2
0,2,0,0,2,6,0,8,0
0,0,0,0,6,0,2,4,0
6,0,0,0,2,0,0,2,0
2,0,0,0,4,0,0,4,0
2,6,8,2,8,2,2,8,4
4,4,0,0,0,0,0,6,6
2,4,0,0,3,0,2,10,0
2,0,0,0,2,0,0,6,2
0,2,0,0,7,0,0,6,0
0,0,0,0,0,0,4,8,0
2,0,0,0,0,0,0,8,0
2,0,2,0,6,2,2,3,0
6,2,2,0,6,2,4,8,0
6,4,0,0,6,2,2,8,0
2,2,0,0,0,0,0,4,0
0,0,0,0,0,0,0,0,0
6,2,2,2,0,0,2,0,4
4,2,4,0,0,2,2,6,4
2,0,0,0,0,0,2,8,0
2,0,0,0,0,0,2,6,0
0,0,0,0,0,0,0,4,0
0,2,0,2,2,0,0,6,0
0,0,0,0,0,0,3,2,0
0,2,0,0,1,0,0,8,0
0,0,0,0,0,0,0,2,0
0,2,0,0,2,0,0,4,0
0,0,0,0,0,0,0,4,0
0,2,0,0,2,0,2,4,2
4,0,2,0,0,0,0,8,0
0,4,2,0,2,0,0,6,4
10,6,0,0,4,0,0,4,0
4,0,0,0,6,0,0,6,0
2,0,0,0,2,0,2,2,0
2,0,0,0,0,0,2,4,0
0,0,0,0,2,0,0,2,0
0,0,0,0,6,0,0,2,0
6,0,2,0,2,0,4,8,0
4,2,0,0,2,2,0,2,0
8,4,0,0,1,0,4,4,4
2,2,4,0,2,0,2,4,4
4,0,0,0,0,0,0,8,0
2,0,0,0,2,0,0,4,0
0,0,0,0,0,0,0,4,0
4,0,0,0,0,0,0,5,4
2,0,0,0,0,0,0,2,0
4,0,0,0,0,0,0,2,0
4,4,0,0,0,0,4,8,0
2,2,2,0,0,0,2,4,0
0,0,0,0,0,0,6,4,2
6,0,0,0,4,0,4,4,4
10,2,2,0,0,0,0,2,2
10,4,0,0,2,0,0,8,4
0,0,0,0,0,0,0,2,0
0,0,0,0,4,0,0,4,0
6,2,6,2,4,0,4,2,6
6,0,0,0,2,0,4,4,0
0,0,0,0,0,0,0,2,0
2,0,0,0,0,0,0,2,0
2,0,0,0,2,0,0,6,0
0,0,0,0,0,0,0,4,2
2,0,0,0,2,0,2,2,2
2,0,0,0,0,1,0,4,2
0,0,0,0,2,0,4,6,0
0,0,0,0,4,0,6,4,0
10,0,0,0,10,0,0,4,0
6,0,0,0,8,0,0,4,0
4,4,0,0,7,0,4,4,2
2,0,0,0,7,0,2,6,0
2,0,0,0,2,0,0,2,0
2,4,0,0,2,2,2,4,0
2,0,0,2,2,0,0,2,2
2,0,0,0,2,0,0,2,0
0,0,0,0,2,0,0,6,0
0,0,0,0,0,0,0,2,0
0,0,0,0,2,0,0,4,0
0,0,0,0,0,0,0,6,0
4,0,0,0,4,0,0,8,2
8,2,0,0,4,0,2,6,2
8,8,8,2,6,0,8,4,6
6,6,4,2,4,2,0,6,8
0,0,0,0,10,0,0,4,0
0,0,0,0,12,0,0,4,0
0,0,0,0,8,0,20,4,0
0,0,0,0,4,0,18,4,0
2,2,0,0,2,0,4,9,4
2,2,6,0,3,0,2,8,0
2,0,0,0,8,0,4,4,4
2,2,0,0,2,0,4,5,2
2,0,0,2,4,0,0,2,2
0,2,0,0,4,0,0,4,0
2,0,0,0,0,0,2,6,0
2,2,0,0,2,0,6,6,0
2,6,0,0,7,0,4,0,0
2,0,0,0,1,0,2,6,0
0,0,0,2,4,0,0,6,0
0,0,0,2,4,0,0,6,2
0,0,0,0,4,0,2,6,0
2,0,0,0,4,0,4,9,0
4,2,0,0,2,0,2,0,0
2,0,0,0,6,0,0,0,0
6,4,2,0,4,0,0,0,0
2,0,2,0,6,0,0,0,0
2,2,0,0,6,0,0,6,0
0,0,0,0,4,0,0,2,0
0,0,0,0,4,0,0,4,0
0,0,0,0,4,0,0,2,0
6,0,0,0,4,0,0,4,4
4,4,0,0,8,0,0,4,2
2,2,0,0,8,0,2,2,2
8,4,2,0,9,0,0,2,2
0,0,0,0,2,0,2,8,0
2,0,0,0,0,0,2,6,0
6,0,0,0,2,2,3,2,0
2,0,0,0,7,2,4,6,2
0,0,0,0,2,0,4,4,0
0,0,0,0,8,0,8,4,0
4,6,0,0,4,0,0,2,0
2,4,0,0,4,0,0,4,0
0,0,0,0,2,0,0,4,2
0,0,0,0,0,0,0,4,0
0,0,0,0,4,0,6,4,0
0,0,0,0,0,0,0,4,0
0,2,0,0,2,0,6,4,2
0,0,0,0,0,0,2,4,0
10,2,0,0,2,0,0,6,2
6,8,0,0,6,2,2,10,2
0,0,0,0,2,0,0,8,0
0,0,0,2,2,0,0,6,0
0,0,0,0,2,0,0,2,0
0,0,0,0,2,0,0,2,0
2,0,0,0,2,0,0,4,2
0,0,0,0,4,0,0,4,4
10,2,0,0,4,0,0,4,6
10,2,0,0,2,0,0,2,10
0,0,0,0,2,0,0,10,0
0,0,0,0,2,0,0,8,0
2,2,0,0,6,0,2,6,2
0,0,0,0,2,0,0,10,0
2,0,0,0,4,0,2,6,2
0,2,0,0,0,0,4,10,2
4,2,0,0,4,0,2,2,2
6,2,0,0,6,0,2,4,0
0,0,0,0,5,0,2,2,0
0,2,0,0,10,0,2,5,0
0,0,0,0,0,0,0,6,0
0,2,0,0,2,0,0,8,2
4,0,2,0,0,0,4,2,0
2,0,0,0,2,0,2,2,0
0,0,0,0,2,0,4,4,0
0,0,0,0,2,0,2,0,0
2,0,0,0,4,0,0,2,2
4,0,2,0,4,0,0,4,2
0,0,0,0,4,0,0,8,0
0,0,0,0,2,0,0,2,0
0,4,0,0,2,0,0,4,2
0,0,0,0,2,0,0,6,2
2,0,0,0,2,0,2,0,0
2,0,0,0,1,0,4,2,0
2,0,0,0,4,2,0,4,0
4,0,0,0,4,0,0,4,2
6,0,4,0,4,2,2,12,2
6,2,0,0,2,0,2,10,2
2,0,0,0,2,0,0,6,0
0,2,0,0,6,0,2,5,2
4,0,0,0,0,2,2,2,0
6,2,0,0,2,2,2,4,0
2,2,0,0,2,0,2,6,2
8,0,4,0,4,0,2,8,4
0,0,0,0,5,0,2,2,0
0,0,0,0,4,0,0,2,0
2,4,0,0,10,0,0,4,6
2,0,0,0,2,0,0,6,2
0,4,2,0,2,0,2,2,0
8,2,0,0,2,0,6,8,2
2,4,2,0,2,0,0,4,0
8,8,2,0,2,0,6,4,2
0,4,0,0,0,0,6,4,0
0,2,0,0,2,0,6,8,0
2,0,0,0,0,0,0,4,0
8,0,4,2,2,0,0,4,2
4,0,0,0,5,0,2,2,0
2,0,0,0,7,0,0,2,0
0,0,0,0,4,0,0,2,2
0,4,0,0,5,0,0,4,0
2,2,0,2,4,0,2,2,0
2,4,2,0,4,0,0,2,0
10,2,0,0,8,0,0,10,0
6,2,0,0,10,0,2,8,2
4,2,0,2,4,0,4,8,4
8,6,0,2,4,0,4,6,4
2,0,0,0,11,0,0,8,2
0,0,0,0,8,0,0,12,0
4,0,4,2,2,0,2,10,4
4,0,0,0,4,0,0,4,0
2,0,0,0,2,0,0,5,0
0,0,2,0,2,0,0,2,2
8,4,0,0,0,2,0,9,4
8,4,4,0,2,2,2,15,8
2,0,0,0,4,0,4,7,0
4,2,0,0,2,0,6,11,4
4,4,2,0,4,0,0,2,2
2,6,0,0,2,0,0,2,4
0,0,0,0,0,0,0,2,0
0,0,0,0,0,0,0,2,0
0,0,0,0,8,0,0,4,0
0,0,0,0,4,0,0,4,0
0,2,0,0,8,0,2,6,0
0,2,0,0,4,0,0,4,0
0,0,0,0,4,0,2,2,0
0,2,0,0,4,0,2,4,0
4,2,2,2,7,0,2,8,4
8,2,0,2,2,2,0,12,6
2,2,2,0,9,2,0,6,0
6,0,0,0,4,0,2,8,4
0,0,0,0,0,0,4,4,2
2,2,2,0,2,0,2,8,2
6,6,6,0,4,0,0,6,4
4,2,8,0,6,0,0,0,2
2,2,0,0,4,0,0,12,0
0,0,0,0,7,0,0,4,0
8,4,0,0,2,0,0,6,2
6,2,2,0,2,0,4,4,2
0,4,0,0,4,2,6,6,0
6,4,6,0,6,0,6,7,4
0,0,0,0,0,0,0,6,0
0,0,2,0,2,0,0,2,0
8,4,4,2,4,0,0,2,4
4,0,0,0,12,0,0,2,2
6,0,2,2,2,0,0,6,0
18,2,2,0,4,0,0,4,6
0,2,0,0,6,0,2,7,0
0,0,0,0,2,0,0,3,0
8,2,0,0,2,0,0,8,2
4,0,0,0,8,0,0,8,2
10,4,6,0,8,0,6,4,8
10,0,2,0,8,0,2,2,4
0,0,0,2,4,0,0,2,0
4,0,0,0,14,0,0,2,2
0,0,0,0,6,0,4,8,0
4,0,0,0,6,0,2,4,0
0,2,0,0,2,0,4,4,0
2,0,0,0,4,0,4,4,0
2,0,0,0,6,0,4,4,0
4,0,0,0,4,0,4,6,0
2,0,0,0,2,0,0,6,4
2,0,0,0,4,0,0,6,2
4,4,2,0,0,0,0,8,2
4,2,0,2,4,0,0,6,4
6,4,2,0,6,0,2,8,4
10,0,0,0,2,0,6,6,2
2,0,4,0,2,0,2,4,2
4,0,0,0,2,0,2,2,2
0,0,0,0,0,0,2,4,0
2,0,0,0,4,0,6,4,0
2,0,2,0,2,0,0,6,0
8,0,0,0,4,0,2,6,0
2,6,2,0,0,2,0,4,2
8,2,0,0,2,2,0,6,2
2,0,0,0,4,0,6,6,6
0,0,2,0,2,0,4,10,0
2,2,2,0,2,0,5,4,0
4,0,2,0,4,0,0,6,0
0,0,0,0,0,0,2,4,0
2,2,0,0,2,0,2,4,0
0,0,0,0,0,0,0,14,2
0,2,0,0,0,0,0,4,2
0,2,0,0,2,0,0,6,4
6,0,8,0,3,0,0,2,2
0,0,0,0,2,0,0,6,0
0,0,0,0,2,0,0,2,2
0,0,0,0,4,0,0,6,0
0,0,0,0,2,0,4,4,0
2,0,4,2,4,0,2,8,0
4,0,2,0,2,0,2,6,0
2,0,0,0,2,0,4,6,2
4,0,0,2,8,0,6,6,0
2,0,0,0,2,0,4,3,0
2,0,0,0,0,0,2,6,0
2,4,0,0,0,0,0,4,0
2,0,0,0,2,0,2,4,0
2,2,0,0,0,0,2,6,0
2,0,0,0,0,0,0,6,0
6,2,0,0,6,0,2,4,4
2,2,2,0,2,0,2,4,2
2,0,0,0,0,0,0,4,2
8,4,0,2,0,0,0,4,0
6,2,0,0,10,0,4,2,0
0,0,0,0,8,0,0,2,0
0,0,0,0,0,0,0,2,0
2,0,4,0,6,0,0,4,2
0,0,0,0,4,0,0,6,0
0,0,0,0,10,0,4,6,0
0,0,0,0,6,0,0,6,0
0,0,0,0,4,0,2,4,0
0,0,0,0,10,0,2,2,0
0,0,0,0,4,0,0,2,0
4,2,0,0,6,2,0,10,0
2,4,0,0,8,0,0,8,0
0,0,2,0,4,0,0,4,0
0,0,0,0,4,0,0,5,0
0,0,0,0,2,0,0,2,0
2,0,0,0,6,0,0,2,0
4,0,0,0,2,0,0,4,0
4,0,0,0,2,0,0,2,0
6,2,2,0,4,0,2,10,2
8,0,0,0,2,0,2,6,6
2,0,0,0,2,0,0,6,0
8,0,0,0,8,0,0,4,8
8,10,16,0,4,0,2,6,6
8,4,6,0,4,0,0,8,4
0,0,0,0,8,0,0,4,0
4,0,0,0,6,0,0,6,0
2,0,0,0,2,0,0,6,0
0,0,0,0,2,0,0,6,0
0,0,0,0,6,0,0,2,0
0,0,0,0,0,0,0,4,0
0,0,0,0,14,0,0,2,0
0,0,0,0,2,0,0,8,0
8,0,0,0,2,0,2,8,0
6,2,2,0,4,0,4,10,0
2,0,0,0,0,0,2,6,0
4,0,0,0,0,0,0,10,0
10,8,4,0,4,0,0,8,6
12,6,0,2,4,0,4,8,6
2,0,0,0,2,0,0,6,0
0,0,0,0,4,0,2,6,2
0,2,0,0,3,0,6,2,0
2,0,0,0,0,0,4,2,0
0,0,0,0,4,0,8,0,0
2,0,0,0,0,0,2,4,0
2,2,2,0,0,0,0,4,2
2,6,6,0,0,0,0,4,4
4,0,4,0,0,0,2,4,2
2,0,0,0,0,0,0,8,0
0,2,0,4,4,0,6,8,0
0,4,0,0,6,0,0,4,0
2,0,0,0,2,2,6,6,0
0,0,0,0,4,0,2,6,0
0,0,0,0,6,0,8,0,0
0,2,0,0,6,0,2,2,0
4,6,0,0,6,0,4,6,4
8,8,2,0,6,2,2,10,6
2,0,0,0,6,2,3,6,2
0,0,2,0,5,0,0,6,0
8,4,0,0,4,0,4,5,0
10,6,0,0,2,0,2,8,0
8,6,0,0,2,0,2,12,10
22,10,6,0,0,0,0,10,6
6,2,4,0,4,0,4,4,0
2,6,2,0,4,0,0,8,0
0,0,0,0,2,0,0,6,0
2,0,0,0,2,0,0,4,0
12,8,6,2,2,0,2,6,4
14,2,0,0,2,0,0,6,2
4,0,0,0,2,0,2,8,0
0,2,0,0,2,0,0,8,4
4,0,0,0,4,0,3,6,0
6,2,0,0,2,0,0,6,0
0,2,0,0,0,0,2,4,2
8,2,0,0,3,0,4,8,2
2,0,0,0,2,0,0,16,2
6,4,0,0,4,0,2,6,2
4,2,6,0,9,2,2,4,6
0,0,0,0,3,0,0,4,0
10,2,0,0,8,2,8,10,2
10,0,6,0,8,0,2,6,4
4,0,0,0,10,0,0,0,0
0,2,0,0,10,4,0,0,0
4,2,0,0,5,0,2,8,0
6,0,0,0,5,0,4,6,4
2,0,4,0,6,0,0,6,0
4,0,0,0,5,0,0,6,2
0,0,0,0,0,0,0,4,0
0,0,0,0,4,0,2,3,0
0,0,0,0,4,0,2,6,0
0,0,0,0,2,0,8,4,0
4,0,0,0,6,0,2,2,0
2,0,0,0,0,5,0,4,0
2,0,0,0,2,0,0,8,4
6,0,0,0,4,0,0,6,2
4,2,0,0,4,0,2,9,0
4,2,0,0,6,0,0,10,0
0,2,0,0,6,0,4,7,2
0,0,0,0,8,0,8,8,2
2,0,0,0,2,0,2,0,0
0,0,0,0,1,0,0,0,0
2,0,0,0,10,0,0,2,0
0,0,0,0,2,0,0,6,0
0,0,0,0,4,0,4,0,0
0,0,0,0,0,0,0,0,0
2,0,0,0,4,0,0,4,2
0,4,4,0,6,0,0,6,2
0,0,0,0,2,0,2,4,0
4,2,0,0,2,2,2,4,0
0,0,0,0,2,0,2,2,0
0,0,0,0,0,0,0,2,0
2,2,0,0,2,0,0,4,0
4,0,0,0,0,2,2,4,0
2,0,0,0,2,0,0,0,0
0,0,0,0,6,0,0,2,0
6,2,0,0,4,0,0,4,2
4,0,2,0,0,0,4,4,0
4,0,0,0,2,0,0,6,2
4,0,0,0,2,0,0,4,0
0,0,0,0,0,2,0,8,2
2,2,0,0,3,0,0,8,0
0,0,0,0,2,0,0,2,0
2,0,0,0,0,0,0,6,0
8,2,0,0,4,0,4,6,2
2,0,0,0,4,2,4,6,2
4,0,0,0,4,0,0,4,4
8,0,0,0,4,0,0,6,4
0,0,2,0,3,0,0,4,0
0,0,0,0,4,0,2,2,0
2,0,0,0,4,0,0,4,0
2,0,0,0,2,0,0,2,2
6,0,0,0,2,0,0,4,0
2,0,0,0,6,0,0,8,0
2,0,0,0,2,0,6,0,0
2,0,0,0,4,0,2,4,0
0,0,0,0,4,0,2,2,0
0,2,0,0,2,0,0,2,0
0,0,0,0,4,0,4,2,0
0,0,0,0,2,0,2,2,0
2,2,0,0,2,0,6,4,0
6,2,4,0,2,0,4,4,0
0,4,0,0,4,0,0,6,0
0,0,0,0,2,0,0,6,0
0,0,0,0,0,0,8,6,0
0,0,0,0,0,0,4,4,0
10,2,0,0,6,0,0,6,0
12,0,0,0,2,0,0,12,0
4,0,0,0,2,0,0,4,4
4,2,0,0,2,0,0,6,2
8,0,2,0,8,0,0,2,2
8,0,0,0,2,0,0,4,2
4,4,0,2,2,0,0,6,2
4,2,0,0,0,0,0,6,2
4,0,0,0,2,0,0,6,2
6,4,0,0,0,0,0,6,0
2,0,0,0,6,0,0,4,0
2,2,0,0,4,0,0,4,0
0,0,0,0,2,0,0,6,0
4,4,0,0,10,0,2,8,0
0,0,0,0,4,2,4,10,0
0,0,0,0,6,0,2,8,0
6,2,2,0,8,0,0,4,2
6,0,0,0,10,0,0,6,4
2,8,2,0,6,0,0,8,0
2,2,0,0,2,0,0,4,0
0,2,0,0,8,0,0,4,0
0,0,0,0,6,0,2,6,0
6,0,0,0,4,0,0,2,2
6,2,0,0,4,0,0,0,0
0,0,0,0,6,0,0,2,0
2,0,0,0,6,0,0,4,2
2,0,0,0,8,0,0,4,0
4,0,0,0,2,0,0,4,2
2,0,0,0,4,0,0,4,0
0,0,0,0,4,0,0,6,0
8,0,0,0,9,4,8,4,2
0,0,0,0,5,2,2,6,0
4,2,0,2,4,0,0,0,2
6,0,0,0,6,0,0,4,2
2,0,0,0,2,0,0,3,0
6,0,0,0,4,0,2,4,4
2,6,2,0,0,2,2,6,0
2,0,0,0,2,0,6,4,2
0,0,0,0,0,0,4,6,0
0,0,0,0,0,0,4,8,0
2,0,0,0,4,0,4,8,2
2,4,2,0,2,0,4,7,0
2,2,0,0,2,0,4,6,0
6,0,0,0,8,0,2,4,4
10,6,2,0,2,0,2,6,4
2,6,0,0,2,0,0,8,0
4,0,0,0,0,0,2,10,4
8,2,0,0,4,0,8,2,8
0,0,0,0,2,0,4,4,0
0,0,0,0,4,0,0,4,0
4,2,0,0,2,0,0,4,0
4,6,4,0,2,0,2,6,4
6,4,2,2,2,2,2,5,4
2,0,0,2,2,0,0,2,2
2,0,0,0,2,2,6,5,0
4,0,0,0,2,2,0,2,2
4,2,0,2,4,0,0,6,0
0,0,0,0,3,0,0,6,2
0,0,0,0,2,0,2,6,2
0,0,2,0,8,0,0,10,2
8,2,2,2,2,0,0,10,4
8,6,2,0,0,0,0,10,0
2,0,0,2,0,0,6,4,0
0,0,0,0,0,0,4,4,2
4,2,0,0,2,2,2,3,2
2,0,0,0,4,0,0,2,6
0,2,0,0,2,0,0,6,0
0,0,0,0,2,0,0,6,0
6,2,0,0,9,0,2,6,0
2,0,0,0,5,0,0,2,0
0,0,0,0,0,2,2,5,0
0,0,0,0,5,0,4,4,0
6,0,0,0,4,0,0,8,2
2,0,0,0,6,0,4,4,2
4,2,2,0,4,0,0,5,6
6,2,0,0,4,0,0,6,6
8,0,0,0,0,0,0,4,2
2,0,0,0,0,0,0,5,0
0,0,0,0,2,0,0,8,2
6,0,0,0,2,0,0,6,0
6,0,6,2,4,0,0,4,2
8,0,4,0,2,0,0,4,4
2,0,0,0,4,0,2,4,0
0,0,0,0,4,0,2,4,0
0,0,0,0,0,0,0,4,0
2,2,4,0,2,0,2,2,4
2,2,8,0,2,0,2,6,2
6,2,2,0,2,0,2,4,0
4,0,0,0,8,0,4,4,0
0,2,0,0,0,0,0,4,0
2,0,0,0,6,0,2,3,2
4,0,0,0,3,0,0,4,2
0,2,0,0,8,0,0,6,0
2,2,2,0,5,0,0,4,2
6,2,4,0,2,0,2,6,2
6,0,8,2,4,0,2,4,0
2,0,0,0,8,0,0,4,4
2,0,0,0,2,2,0,4,4
0,2,2,0,8,0,2,10,0
0,0,0,0,4,0,4,8,2
0,0,0,0,2,0,0,2,2
0,0,0,0,4,0,2,2,2
6,4,2,2,2,0,2,6,0
2,2,0,0,2,0,0,6,0
0,0,0,0,4,0,0,4,0
0,0,0,0,6,0,4,2,0
6,0,0,0,0,2,0,6,0
0,0,0,0,0,0,0,4,0
0,2,0,0,2,2,0,6,2
4,4,0,0,2,0,2,6,0
6,0,0,0,0,0,4,7,0
6,4,0,0,3,2,2,4,0
8,10,0,0,2,0,4,2,0
2,2,0,0,2,0,0,2,0
0,2,0,0,0,0,2,8,0
2,6,2,0,8,0,4,4,0
6,6,2,2,2,2,4,8,2
2,0,0,2,0,0,2,4,0
10,4,2,0,6,0,4,4,6
8,4,4,0,8,0,6,6,4
2,0,0,0,0,0,0,6,2
0,0,0,0,0,0,2,6,0
0,2,2,0,0,0,0,2,0
4,2,2,0,0,0,0,6,0
4,0,0,0,6,0,8,4,0
0,0,2,0,2,0,2,6,0
0,0,0,0,9,0,0,2,0
2,0,0,0,6,0,4,4,0
4,4,0,0,4,0,0,1,4
8,4,0,2,4,0,0,6,2
4,4,2,0,8,0,0,4,4
14,6,6,0,7,0,0,6,4
0,0,4,2,6,0,6,6,0
2,0,0,0,2,0,2,4,0
2,4,2,0,2,0,0,2,0
4,6,6,0,4,0,2,0,0
4,6,0,0,13,2,0,2,0
6,2,0,0,4,0,0,2,0
4,10,4,0,2,0,0,4,2
6,2,0,0,4,0,0,6,4
0,0,0,0,0,0,0,2,0
0,0,0,0,0,0,0,0,0
4,0,0,0,0,0,0,6,2
6,0,0,0,2,0,0,4,0
6,0,0,0,4,0,2,10,0
2,0,0,0,6,0,2,2,4
2,0,0,0,2,0,0,2,0
4,0,0,0,2,0,0,2,0
2,2,0,0,2,0,0,4,0
4,0,0,0,2,0,0,2,0
2,0,0,0,15,0,6,2,0
2,0,0,0,2,0,0,7,0
2,2,0,0,8,0,0,6,4
0,2,0,0,4,0,0,4,0
2,0,0,2,4,0,0,2,0
4,0,0,0,6,0,2,6,0
8,0,2,4,0,0,0,4,2
6,0,2,2,2,0,2,4,2
0,0,0,0,2,0,0,6,0
0,0,0,0,2,0,0,6,2
2,0,0,0,0,0,4,6,2
0,0,0,0,0,0,2,6,0
2,2,4,0,4,0,2,2,2
2,0,0,0,2,0,2,4,0
2,0,0,0,8,0,0,4,0
2,2,2,0,8,0,0,4,2
4,8,2,0,0,0,0,8,4
12,4,0,0,4,0,2,6,2
10,2,2,0,6,0,0,6,4
10,2,0,0,4,0,2,10,2
6,0,0,0,4,0,2,5,2
6,0,0,0,0,0,2,7,0
0,2,0,0,2,0,4,6,0
2,0,0,0,6,0,0,4,2
2,0,0,0,2,2,2,8,2
6,0,0,0,4,0,2,4,2
2,2,0,0,2,0,0,4,0
10,0,0,0,2,0,2,2,8
0,0,0,0,2,0,2,2,2
0,0,0,0,4,0,4,4,0
8,2,6,0,2,0,0,4,0
6,2,2,0,2,0,0,2,0
6,2,2,2,4,6,6,3,4
4,2,4,0,6,2,0,8,0
10,0,0,0,4,0,2,8,6
12,0,0,0,8,0,0,4,2
2,0,0,0,7,0,0,2,0
4,0,0,0,5,0,0,2,0
2,0,0,0,6,0,2,8,2
0,0,0,0,2,0,4,2,0
0,0,0,0,4,0,0,8,4
2,0,0,0,2,0,0,6,6
6,4,0,0,8,0,0,4,2
4,0,0,0,4,0,0,4,4
0,0,0,0,4,0,0,8,4
0,2,0,0,2,0,2,4,4
4,0,2,2,8,0,0,7,2
2,4,0,0,0,0,0,2,2
2,0,0,0,2,0,0,4,0
6,2,0,0,2,0,0,0,2
8,0,0,0,10,0,0,4,4
2,0,0,0,10,0,0,0,2
0,0,0,0,2,0,8,2,0
0,0,0,0,2,0,2,4,0
0,0,0,0,6,0,12,4,0
0,0,0,0,6,0,16,2,0
2,2,2,2,2,0,0,6,4
0,0,2,0,0,0,0,5,0
2,2,0,0,2,0,0,4,0
2,0,0,2,2,0,0,2,0
0,0,0,0,2,3,0,2,2
0,0,0,0,0,0,0,2,0
2,0,0,0,0,5,0,6,2
2,0,0,0,0,0,0,6,0
6,0,0,2,8,0,6,6,2
2,0,0,0,6,0,2,6,4
8,6,0,2,2,2,2,4,4
6,0,0,0,2,0,2,2,4
4,0,0,0,4,0,2,4,2
2,0,0,0,0,0,2,6,2
2,0,0,0,2,0,0,4,0
4,0,0,0,0,0,0,2,0
0,0,0,0,2,0,2,10,0
4,0,0,0,2,0,0,8,0
6,2,2,0,2,0,0,10,4
2,2,6,0,0,0,0,10,0
2,2,0,0,6,0,0,2,0
0,0,0,0,4,0,0,4,0
4,0,0,0,2,0,0,4,2
2,0,0,0,0,0,4,8,0
0,0,0,0,3,0,4,4,0
2,0,0,0,7,0,4,2,0
12,4,0,0,5,0,0,2,4
10,0,0,0,5,0,0,2,6
0,0,0,0,5,0,0,6,0
0,0,0,0,5,0,0,2,0
4,2,0,0,2,0,2,6,2
2,0,8,0,4,2,4,4,0
2,4,0,0,2,0,0,2,0
4,4,2,0,2,0,0,0,0
6,2,0,0,2,0,0,2,0
4,2,0,0,2,0,0,0,0
0,0,0,0,6,0,4,4,0
0,0,0,0,4,0,2,2,0
4,0,0,0,2,0,4,11,2
4,0,0,0,6,0,2,8,4
0,0,0,0,10,0,4,6,0
0,0,0,0,10,0,2,4,0
0,0,0,0,2,0,6,4,0
0,0,0,0,8,0,4,4,0
2,2,0,0,4,0,0,4,2
2,0,0,0,2,0,0,4,2
0,0,0,0,4,0,0,6,0
0,0,0,0,0,0,0,6,0
4,0,0,0,2,0,0,6,0
2,2,0,0,4,0,0,6,0
0,0,0,0,0,0,0,4,0
0,2,0,0,6,0,2,4,0
6,0,2,0,10,2,0,2,2
8,2,0,0,2,0,0,2,2
0,0,0,0,6,0,2,5,2
0,0,0,0,4,0,0,3,0
22,10,4,4,0,0,4,6,8
16,4,8,2,0,0,4,7,4
0,0,0,0,8,0,0,6,0
2,0,0,0,2,0,2,8,0
0,0,0,0,4,0,4,5,2
0,0,2,0,4,0,8,2,0
0,0,0,0,4,0,0,4,0
0,0,0,0,2,0,4,2,2
0,0,0,0,2,0,7,2,0
2,0,0,0,0,0,1,4,0
0,0,0,0,2,0,3,4,0
0,0,0,0,2,0,3,4,0
4,0,0,0,4,0,4,4,2
8,0,0,0,0,0,4,6,4
2,0,0,0,6,0,0,4,2
4,0,0,0,6,0,0,4,6
0,0,0,0,4,0,2,11,0
4,6,0,0,2,0,2,17,0
6,2,0,0,6,0,6,7,0
8,10,0,0,4,0,4,12,2
4,0,8,0,6,0,10,6,0
2,2,0,0,0,0,4,6,0
12,4,6,0,6,0,4,4,2
10,4,4,0,10,0,8,6,2
0,0,0,0,12,0,0,2,6
0,0,2,0,14,0,0,4,4
10,4,4,6,6,0,2,10,6
6,0,0,0,6,0,0,12,2
0,2,0,0,4,0,0,4,4
0,2,0,0,2,0,0,4,4
4,0,0,0,9,0,4,4,2
4,0,0,0,6,0,2,6,4
4,4,0,2,8,0,4,3,2
2,0,0,0,6,0,0,8,4
2,0,0,2,4,4,0,6,2
4,2,0,0,0,2,0,6,2
0,0,0,0,4,0,2,4,0
0,0,0,0,4,0,0,8,0
6,2,0,0,6,0,2,2,4
4,0,0,0,7,0,0,6,2
2,2,2,0,4,0,6,4,6
4,0,0,0,2,0,4,5,2
0,4,0,0,4,0,0,6,0
2,2,0,0,8,0,0,6,0
0,0,0,0,0,0,0,10,0
0,0,0,0,0,0,0,8,0
16,6,8,0,2,0,6,12,2
2,0,2,0,0,0,0,8,0
1,0,0,2,2,2,2,8,0
0,0,2,0,0,2,3,8,0
8,6,6,0,8,0,0,14,4
4,4,2,0,3,0,2,10,0
4,2,0,0,8,0,4,10,0
8,2,0,0,5,4,4,14,4
2,2,4,2,2,0,0,4,0
4,0,0,0,2,0,0,4,0
2,2,0,0,0,2,4,4,4
4,0,4,0,0,0,2,6,4
8,6,0,0,0,2,4,10,4
0,0,0,0,0,0,0,6,2
0,0,0,0,2,2,0,10,0
0,0,0,0,2,2,0,6,0
0,0,0,0,2,2,4,6,0
2,0,0,0,2,0,0,4,0
0,0,0,0,3,0,0,4,0
2,0,0,0,2,0,0,6,0
0,2,0,0,2,0,0,9,0
0,0,0,0,4,0,0,9,0
6,2,0,2,4,0,0,4,2
4,2,2,0,8,0,2,4,2
2,0,0,2,4,0,2,2,0
4,0,0,0,2,0,2,4,0
2,4,0,0,6,0,2,4,0
2,0,0,0,0,0,0,6,0
8,4,2,0,6,0,0,4,0
8,8,6,0,8,0,0,6,2
6,0,2,0,12,2,2,3,0
4,2,0,0,11,0,4,4,2
0,0,0,0,4,6,2,5,0
0,0,0,0,4,8,0,4,0
2,0,0,0,8,0,5,0,0
0,0,0,0,10,0,4,0,0
2,0,0,0,2,0,2,6,2
2,0,0,0,4,0,0,8,0
2,0,0,0,0,0,4,4,0
2,2,0,0,4,0,4,4,2
8,4,6,0,6,2,4,4,2
6,4,0,0,6,0,0,6,0
2,2,0,0,0,0,0,4,0
4,0,0,0,8,0,0,7,0
0,0,0,0,2,0,0,2,0
0,0,0,0,2,0,0,4,0
2,0,0,0,2,0,0,4,0
4,0,0,0,0,0,0,2,0
0,0,0,0,0,0,0,2,0
0,0,0,0,0,0,0,2,0
6,2,0,0,0,0,0,6,2
4,4,2,0,4,0,0,6,6
0,0,0,0,0,2,0,2,0
0,0,0,0,2,2,4,2,0
0,0,0,0,3,0,2,8,0
0,0,0,0,2,0,0,2,0
0,0,0,0,0,0,0,2,0
0,0,0,0,2,0,0,12,0
0,0,0,0,2,0,0,2,0
0,0,0,0,2,0,0,0,0
2,0,0,0,4,0,4,2,0
0,0,0,0,4,0,0,4,0
2,0,0,0,6,0,0,8,2
0,2,0,0,4,0,0,8,0
6,0,4,0,6,2,2,4,2
2,2,2,0,2,0,0,6,0
2,0,0,0,5,0,0,6,2
2,0,0,0,4,0,0,6,2
4,2,0,0,4,0,8,6,2
4,2,0,0,2,0,10,8,2
8,8,10,2,2,6,8,10,4
6,2,0,0,2,4,2,8,0
0,0,0,0,0,0,0,6,0
2,0,0,0,2,0,0,6,0
0,0,0,0,2,0,2,8,0
0,0,0,0,2,0,0,6,0
6,0,0,0,3,2,0,4,0
6,0,0,0,2,0,0,2,0
6,0,8,0,4,0,4,4,0
6,0,2,0,4,0,10,6,0
2,0,0,2,6,0,0,6,2
4,4,0,2,6,0,2,10,4
0,0,0,0,4,0,0,8,0
0,0,0,0,8,0,4,6,0
14,2,0,0,4,2,0,6,4
8,4,0,0,4,0,0,8,2
10,0,0,0,4,2,6,6,2
2,4,0,0,4,2,10,6,2
0,2,0,0,2,0,2,4,0
0,0,0,0,2,0,4,2,0
0,0,0,0,2,2,0,4,2
2,2,0,0,4,0,0,4,4
10,2,6,2,2,0,2,12,4
10,2,6,0,2,0,4,6,4
6,0,0,0,0,0,0,10,2
4,0,0,0,0,0,0,8,2
6,2,0,0,8,0,4,4,0
0,0,0,0,2,0,0,6,0
2,0,0,0,6,0,0,4,0
0,0,0,0,2,0,0,2,0
2,0,0,0,2,0,6,8,0
0,2,0,0,4,0,0,8,0
4,2,0,0,2,0,0,6,6
6,2,0,0,4,0,4,6,6
4,0,0,0,4,2,0,4,0
2,2,0,0,2,0,0,4,0
8,2,0,0,14,0,0,4,2
6,0,0,0,6,0,0,3,2
8,2,4,2,6,0,2,6,4
8,0,0,2,2,0,2,6,2
0,0,0,0,6,0,0,4,0
4,4,0,0,8,0,4,4,0
0,0,0,0,4,0,0,4,0
0,0,0,0,2,0,2,4,0
0,2,0,0,4,0,2,6,0
6,2,0,0,4,0,2,6,0
4,4,0,0,6,0,4,6,2
2,4,0,0,6,0,2,8,0
4,0,0,0,5,0,10,0,2
2,0,0,0,3,0,6,2,2
2,2,0,0,6,0,2,2,0
6,4,0,0,4,0,4,0,0
10,2,0,0,0,0,0,4,4
6,2,0,2,2,4,0,6,4
12,8,0,0,2,0,0,8,6
10,4,0,0,2,0,0,8,2
0,0,0,0,2,0,0,8,0
2,0,0,0,0,2,0,8,0
0,0,0,0,0,0,0,4,0
4,0,2,0,4,0,0,0,4
0,0,0,0,0,0,8,2,0
0,0,0,0,4,0,2,2,0
6,2,0,0,6,4,6,4,4
4,6,0,0,2,0,2,4,4
0,0,2,2,6,0,0,10,0
6,0,2,0,4,0,0,4,0
10,6,6,0,14,0,0,6,2
6,4,2,0,4,0,2,2,2
0,0,0,0,6,0,4,4,0
0,0,0,0,4,2,2,4,0
0,0,0,0,4,2,0,6,0
0,0,0,0,2,0,0,8,0
6,2,2,0,5,0,0,6,2
6,0,0,0,4,0,0,9,2
2,0,2,0,4,0,0,4,0
2,0,0,0,8,0,0,4,0
6,4,2,0,4,0,0,4,6
2,0,0,0,2,0,0,4,6
8,2,4,0,6,0,0,4,6
2,2,0,0,4,2,0,4,2
2,0,0,2,8,0,0,10,0
0,0,0,0,0,0,0,6,0
2,0,0,0,8,0,0,6,0
2,0,0,0,2,0,0,6,0
14,0,0,0,2,0,0,4,0
0,0,0,0,10,0,0,2,0
0,2,0,0,4,0,0,7,4
6,0,0,0,4,0,2,11,4
2,4,2,0,8,0,0,8,2
2,0,0,0,4,0,0,6,2
2,0,0,0,6,0,0,10,2
4,0,0,0,4,0,0,8,0
4,0,0,0,6,0,0,8,0
2,2,0,0,6,0,2,6,2
2,0,0,0,2,0,0,2,2
4,0,0,0,4,0,0,2,2
12,0,0,0,0,0,0,4,6
10,6,4,0,6,0,0,4,2
0,0,0,2,0,0,2,10,0
4,0,2,0,4,0,0,4,2
6,0,0,0,6,0,0,6,0
6,0,0,0,6,0,0,4,2
0,0,0,0,4,0,0,4,0
0,0,0,0,4,0,0,4,0
6,6,2,4,2,0,0,8,0
6,6,10,2,6,0,2,6,8
0,0,0,0,0,0,2,6,0
0,0,0,0,8,0,0,6,0
0,0,0,0,2,0,0,6,0
4,2,0,0,6,0,0,6,0
0,0,0,0,0,0,4,8,0
2,0,0,0,2,0,12,8,0
2,2,2,2,4,0,0,6,2
2,0,4,2,2,0,0,8,2
2,0,0,0,8,0,0,2,0
6,0,0,0,6,0,0,2,4
8,4,4,0,4,0,0,4,0
10,2,0,2,4,0,0,6,4
8,6,8,0,4,0,4,4,4
8,2,4,0,4,0,2,8,4
2,0,0,0,6,0,4,4,0
2,0,0,0,7,0,4,6,0
6,2,0,0,0,0,14,2,0
4,0,0,0,0,0,8,6,0
0,0,0,0,6,4,0,4,0
0,0,0,0,2,0,2,4,0
0,0,0,0,2,0,2,4,0
0,0,2,0,4,0,0,5,0
6,0,0,0,8,0,0,6,6
0,0,0,0,0,0,0,2,0
0,0,0,0,6,0,0,6,0
0,0,0,0,8,0,0,2,0
8,2,0,0,2,4,2,10,10
10,2,2,0,2,0,0,13,6
0,0,0,0,0,0,8,0,0
0,0,0,0,4,0,2,2,0
4,2,0,0,2,0,0,4,0
12,0,0,0,10,0,0,4,4
4,0,0,0,2,0,0,2,0
4,0,0,0,0,0,0,3,0
4,0,0,2,3,0,0,2,2
2,0,0,0,2,0,2,4,0
6,2,0,2,2,0,2,4,6
10,2,0,0,2,0,4,8,4
4,2,0,0,4,2,4,2,0
4,2,0,0,4,0,2,0,0
2,0,0,0,4,2,0,6,2
4,6,0,0,4,4,4,6,4
2,0,0,0,2,0,2,6,6
4,0,0,0,2,0,0,2,2
2,0,0,0,2,0,0,4,0
0,0,0,0,0,0,0,0,0
4,0,0,0,2,0,2,6,0
2,0,2,0,0,0,2,8,0
0,4,0,0,2,4,2,4,0
0,0,0,0,0,0,0,8,0
2,0,2,0,6,6,0,6,4
4,2,0,0,8,0,0,4,4
2,0,0,0,2,0,0,6,2
2,2,0,0,2,0,0,6,2
0,0,0,0,2,0,0,6,0
0,0,0,0,8,0,0,4,0
2,0,0,0,0,0,0,6,0
0,0,0,0,0,0,0,8,0
2,0,0,0,6,0,0,10,0
2,2,0,0,10,0,0,10,0
12,6,10,0,8,0,0,6,8
14,2,0,2,6,0,0,8,6
0,0,0,0,6,0,0,8,0
0,2,0,0,6,0,0,10,0
4,2,0,0,2,0,0,6,0
0,0,0,0,4,0,0,2,0
2,2,0,0,4,0,0,2,0
0,0,0,0,2,0,0,5,0
2,4,2,0,5,0,2,4,0
6,2,4,0,6,0,0,8,0
10,0,0,0,0,0,2,6,2
4,0,0,0,1,0,0,6,0
4,0,0,0,6,0,0,4,2
2,0,0,0,6,0,2,6,0
6,0,0,0,8,0,0,6,2
4,2,4,2,4,0,0,8,0
0,2,0,0,2,0,4,6,4
2,0,0,0,4,0,2,4,0
2,4,0,0,2,2,0,6,2
2,2,2,0,4,6,4,2,4
0,0,0,0,2,0,4,4,2
0,0,0,0,2,0,0,6,0
4,0,4,2,6,0,4,8,4
6,2,0,4,10,0,0,6,2
2,0,0,0,2,0,0,4,0
4,0,0,0,2,0,2,4,0
4,0,0,0,2,0,0,4,4
4,0,0,0,4,0,0,4,0
2,0,2,0,2,2,0,0,0
2,0,2,0,2,0,0,6,0
6,0,0,2,6,0,4,4,4
0,4,0,0,2,0,2,10,2
0,4,2,0,0,0,8,8,2
0,2,0,0,2,0,0,8,2
4,0,0,0,0,0,0,4,0
0,0,0,0,0,0,0,4,0
0,0,0,0,2,0,6,4,0
0,0,0,0,0,0,6,2,0
10,2,0,0,4,2,4,6,2
8,0,0,0,6,0,3,6,0
2,4,0,0,0,0,4,6,0
10,4,2,0,2,0,0,6,4
0,2,0,0,2,0,2,4,0
0,0,0,0,4,0,2,4,0
0,2,0,0,5,0,4,2,0
0,2,0,0,5,0,2,4,0
0,0,0,0,4,0,0,2,0
0,0,0,0,4,0,0,2,0
0,0,0,0,8,0,4,2,0
0,0,0,0,4,0,6,2,0
0,0,0,0,0,0,0,4,0
0,0,0,0,1,0,0,4,0
0,0,0,0,4,0,2,6,0
0,2,6,0,8,0,2,7,0
0,0,0,0,2,0,2,6,0
4,0,0,0,2,0,0,4,0
0,0,0,0,2,0,0,4,0
0,0,0,0,0,0,0,4,0
2,2,0,0,2,0,0,6,2
0,0,0,0,0,0,0,2,0
4,0,0,0,8,0,0,6,0
2,0,0,0,8,0,0,4,0
2,0,0,0,6,0,0,0,2
2,2,0,0,4,0,0,0,0
4,4,0,0,0,0,0,4,4
2,4,0,0,0,0,2,4,6
0,0,0,0,0,0,2,4,0
2,0,0,0,0,0,4,2,0
10,0,2,0,2,0,2,10,0
6,2,2,0,6,0,0,6,2
6,0,0,0,2,0,0,6,0
6,2,6,0,2,0,6,4,0
2,0,0,0,2,0,0,8,0
4,0,0,0,2,0,0,8,0
0,0,0,0,1,0,0,2,0
0,0,0,0,0,0,0,2,0
0,0,0,0,4,0,0,6,0
0,0,0,0,0,0,0,4,0
2,0,0,0,4,0,2,2,0
2,0,0,0,2,0,0,2,0
2,0,0,0,2,0,0,4,0
2,0,0,0,2,0,0,0,0
2,0,0,0,4,0,0,4,2
2,0,0,2,4,0,0,4,0
0,0,0,0,4,0,0,2,0
0,0,0,0,4,0,0,4,0
4,0,2,0,4,0,0,2,6
8,4,0,0,6,0,0,2,4
2,0,0,0,4,0,0,3,2
2,2,0,0,4,0,4,2,2
0,0,0,2,0,0,2,3,0
0,0,0,0,2,0,0,4,0
8,4,6,0,4,0,0,8,8
14,2,4,0,2,0,0,6,10
0,0,0,0,4,0,0,2,0
0,0,0,0,4,0,0,6,0
6,2,2,0,2,0,2,4,6
2,2,0,0,4,2,0,8,2
4,2,0,0,0,0,0,6,4
4,2,0,0,4,0,0,6,6
0,0,0,0,8,0,0,8,0
0,0,0,0,6,0,0,6,0
0,0,0,0,2,0,0,2,0
0,0,0,0,4,0,0,6,0
0,0,0,0,6,0,4,2,0
2,0,0,0,4,0,2,4,0
0,0,0,2,6,0,2,2,2
2,0,0,0,2,0,0,4,0
6,0,0,0,1,0,0,2,0
8,0,0,0,8,0,0,2,0
4,0,0,0,4,0,0,4,0
4,0,0,0,3,0,0,2,0
10,2,0,2,4,0,2,10,4
6,2,4,0,6,0,0,8,4
4,0,4,2,0,2,0,8,0
0,0,0,0,5,2,4,2,0
2,0,0,0,0,0,6,4,2
4,0,0,0,4,0,4,4,0
2,2,2,0,6,0,0,10,2
6,6,8,4,14,0,0,12,2
10,0,0,0,14,0,12,10,4
4,0,0,0,10,0,0,8,2
18,4,0,0,6,0,0,4,6
10,6,6,4,6,0,0,6,6
4,4,0,0,4,0,0,6,6
8,4,0,2,4,0,0,6,6
4,0,0,0,8,0,0,6,0
0,0,0,0,4,0,0,4,0
10,4,0,0,8,0,0,2,2
8,0,2,0,8,0,0,6,2
8,2,0,0,8,0,0,6,0
0,0,0,0,6,0,0,4,0
0,0,0,0,3,0,2,6,0
2,0,0,0,2,0,0,4,0
0,0,0,0,0,0,2,4,0
0,0,0,0,2,0,0,6,0
0,0,0,0,2,0,0,8,0
0,0,0,0,0,0,6,2,0
0,0,0,0,0,0,0,6,0
0,0,0,0,4,0,0,4,0
2,0,0,0,2,0,0,4,0
0,0,0,0,0,0,0,4,0
8,0,0,0,6,0,0,4,0
8,0,0,0,2,0,0,6,0
0,0,0,0,5,0,0,6,0
2,0,0,0,2,0,0,6,0
2,4,0,0,4,0,0,4,2
2,0,0,0,7,0,0,4,2
4,0,4,2,4,0,0,6,0
4,0,0,0,2,0,0,6,0
6,0,0,0,6,0,6,6,6
4,2,0,0,2,0,0,4,2
4,0,0,0,2,0,0,6,2
0,0,0,0,2,0,0,8,2
0,0,0,0,0,0,0,2,0
0,0,0,0,4,0,2,4,4
2,4,0,0,0,0,4,2,0
2,10,6,0,0,0,6,4,4
4,0,0,0,2,0,0,4,0
4,0,0,2,4,0,0,0,0
2,0,0,0,0,0,6,4,0
0,0,0,0,2,0,2,6,0
0,0,0,0,4,0,2,0,0
0,0,0,0,2,0,0,4,0
0,0,0,0,0,0,2,4,0
0,0,0,0,1,0,0,2,0
8,0,0,0,7,0,0,2,0
16,0,0,0,17,0,0,2,2
2,0,0,0,2,0,0,4,0
0,0,0,0,4,0,0,4,0
4,0,0,0,6,0,0,4,0
4,0,0,0,4,0,0,4,0
2,0,0,0,4,0,2,8,0
0,4,0,0,4,0,0,4,0
4,0,2,2,2,0,0,8,0
2,2,0,0,4,0,2,8,0
0,0,0,0,0,0,2,6,0
0,0,0,0,4,0,12,6,0
2,0,0,0,2,0,0,5,0
0,0,0,0,4,0,0,6,0
2,0,2,0,2,0,0,10,0
4,0,2,0,2,0,0,10,0
0,2,0,0,0,0,2,6,0
2,2,0,0,2,0,2,4,0
2,0,0,0,5,0,2,2,0
2,0,0,0,3,0,0,4,2
2,0,0,0,2,0,0,4,2
2,0,0,2,2,0,0,2,2
0,0,0,0,2,0,0,4,0
4,2,2,0,0,0,0,4,4
6,2,0,0,4,0,2,4,0
4,2,2,0,8,0,0,10,2
2,0,0,0,8,2,4,0,0
0,0,0,0,4,0,2,0,0
0,2,0,0,4,0,0,10,0
0,4,0,0,4,0,2,4,2
2,2,0,0,2,0,0,6,2
4,0,0,0,4,0,6,7,2
0,0,0,0,0,0,0,6,0
0,0,0,0,0,0,0,10,0
4,0,0,0,6,0,2,2,2
2,0,0,0,2,0,2,4,2
4,2,0,0,2,2,0,10,0
2,2,0,0,4,0,0,6,0
4,2,0,0,2,0,0,4,0
0,0,0,0,0,0,0,6,0
2,2,2,2,10,0,0,6,4
2,2,0,0,2,0,2,4,2
0,0,0,0,0,0,0,6,0
0,0,0,0,0,0,0,8,0
0,0,0,0,6,0,0,0,0
0,0,0,0,2,0,0,2,0
0,2,0,0,2,0,0,8,0
0,0,0,0,2,0,0,8,0
0,0,0,0,0,0,0,4,0
0,0,0,0,2,0,0,6,0
0,0,0,0,0,0,0,2,0
2,0,0,0,4,0,2,4,0
2,0,0,0,2,0,0,4,2
2,0,0,0,4,0,0,5,0
6,0,2,0,10,6,0,2,2
10,0,2,0,2,6,2,2,0
0,0,0,0,0,0,6,2,0
0,0,2,0,6,0,2,4,0
6,0,0,0,0,2,2,7,0
2,4,0,0,2,2,6,10,0
4,0,0,0,2,6,4,3,6
4,2,0,0,3,0,0,6,2
4,0,4,0,2,0,0,4,4
4,2,2,2,9,2,0,4,0
0,0,0,0,4,0,0,4,0
0,0,0,0,4,0,0,2,0
0,3,0,0,2,0,0,4,0
0,0,0,0,4,0,2,4,0
2,0,0,0,0,0,0,4,2
4,0,2,0,0,0,0,9,2
0,0,0,0,2,0,2,6,2
4,0,0,0,0,0,0,8,0
0,0,0,0,2,0,0,6,0
2,0,0,0,6,0,6,4,0
0,0,0,0,6,0,0,4,0
0,0,0,0,2,0,0,4,0
0,0,0,0,2,0,0,4,2
0,2,0,0,4,0,0,4,2
6,0,0,0,4,0,0,8,2
8,0,0,0,4,0,0,8,2
0,0,0,0,4,0,0,6,0
0,0,0,0,2,0,0,4,0
8,0,0,0,4,0,0,6,4
6,2,0,0,0,0,0,10,4
0,0,0,0,0,0,0,4,0
0,0,0,0,2,0,0,6,0
4,0,0,0,6,0,0,2,2
6,0,0,0,6,0,0,8,2
6,0,0,0,6,0,0,10,0
0,0,0,0,8,0,0,10,0
2,2,6,0,6,0,0,4,4
2,2,6,0,4,0,0,8,2
0,2,0,0,4,2,4,6,0
2,0,0,0,2,0,0,6,0
2,0,4,0,8,0,2,8,2
0,2,4,0,8,0,4,5,0
0,0,0,0,2,0,0,10,0
0,0,0,0,2,0,0,2,0
4,0,0,0,4,0,2,6,0
2,0,0,0,6,0,0,4,0
0,2,0,0,4,0,0,4,0
0,0,0,0,6,0,0,2,0
2,2,0,0,6,0,0,8,0
4,0,0,0,2,0,2,6,0
4,2,0,0,8,0,0,4,0
2,2,0,0,4,0,0,2,0
0,0,0,0,2,0,0,6,0
4,0,0,0,4,2,0,8,0
8,2,0,0,6,0,0,4,6
10,0,0,0,4,4,0,5,2
4,0,0,0,2,0,2,8,0
2,0,0,0,0,0,0,6,0
10,2,2,2,12,0,4,6,4
2,0,0,0,4,0,0,6,2
6,2,0,0,6,0,0,10,2
6,2,0,0,8,0,0,8,2
4,0,0,0,2,0,5,10,0
2,0,0,0,0,0,2,2,0
2,0,0,0,4,0,2,4,0
4,0,0,0,2,0,0,4,0
4,4,2,2,8,0,0,6,0
6,4,0,0,2,0,0,6,0
0,0,0,0,4,0,0,6,0
2,0,2,0,6,0,0,4,2
0,0,0,0,2,2,0,4,0
0,0,0,0,4,2,0,6,0
0,0,0,0,2,0,0,5,0
0,0,0,0,2,0,0,0,0
0,0,0,0,2,3,0,0,0
0,0,0,0,2,0,0,4,0
4,2,0,0,2,0,6,4,4
8,0,0,0,4,0,2,4,4
10,4,0,0,2,0,0,8,2
12,4,0,0,0,0,0,10,4
0,0,0,0,2,0,0,2,0
2,0,0,0,6,0,4,2,0
2,6,0,0,2,0,2,8,2
10,6,0,0,6,0,6,0,8
2,0,0,0,2,0,0,3,0
0,0,0,0,4,0,2,0,0
2,0,0,0,2,0,1,6,0
8,0,0,0,2,0,0,4,0
2,4,0,0,4,0,0,6,2
4,4,0,0,2,0,0,4,2
10,0,0,0,0,2,0,6,2
2,0,0,0,2,0,0,6,2
2,0,0,0,4,0,0,6,2
6,2,0,0,8,0,4,6,6
2,0,0,0,3,0,0,12,0
6,0,0,0,2,0,0,4,2
2,4,0,0,5,0,0,8,0
0,2,0,0,4,2,0,8,0
0,0,0,0,6,0,6,4,0
0,0,0,0,8,0,2,6,0
8,2,0,0,11,0,0,8,2
4,0,0,0,8,0,0,6,2
4,2,0,0,4,0,0,8,2
12,4,2,0,8,0,0,8,2
4,0,0,0,6,0,0,4,4
2,0,0,0,4,0,0,6,2
0,0,0,0,10,0,0,6,2
4,0,0,0,6,0,0,8,0
0,0,0,0,2,0,4,0,0
0,0,2,0,2,0,2,2,2
0,0,0,0,7,0,6,2,0
0,0,0,0,4,2,3,2,0
6,0,0,0,2,0,4,6,2
8,4,2,0,2,0,2,8,2
0,0,0,0,4,0,6,5,0
0,0,0,0,1,0,6,2,6
2,0,0,0,2,0,2,4,0
4,0,0,0,1,4,4,4,2
2,2,0,0,4,0,0,4,0
0,2,0,0,4,0,0,4,0
2,0,0,2,4,0,6,8,0
2,0,2,0,2,0,6,2,0
4,0,0,0,10,0,4,12,2
6,2,0,0,4,0,2,6,2
0,0,0,0,6,0,4,4,0
2,0,0,0,4,0,0,4,0
0,0,0,0,6,0,4,8,0
0,0,0,0,6,0,0,6,0
6,0,2,0,2,0,0,8,2
0,0,2,0,0,0,2,8,0
4,2,0,0,2,0,0,3,0
8,2,0,0,4,0,4,4,2
0,0,0,0,5,0,0,4,0
2,6,4,2,6,0,0,6,2
2,2,0,0,4,0,6,6,0
2,0,0,0,4,0,0,1,0
2,0,0,0,6,0,4,4,0
0,0,0,0,2,0,0,2,0
4,0,0,0,3,2,2,6,2
2,0,0,0,5,0,4,6,2
0,0,0,0,3,2,0,2,0
0,0,0,0,1,2,0,4,0
2,0,0,0,4,0,4,8,2
4,2,0,0,2,0,6,2,2
0,0,0,0,6,4,0,2,0
0,0,0,0,6,3,0,4,0
8,0,0,0,4,6,6,6,6
4,2,4,2,8,6,3,6,6
2,0,0,0,0,0,8,4,0
10,0,6,0,6,2,4,4,0
2,0,0,0,6,0,0,3,2
0,0,0,0,0,0,0,4,0
4,0,4,2,12,0,2,4,6
8,0,0,0,6,0,2,4,0
4,6,4,2,2,0,0,8,0
6,2,0,2,0,0,2,6,2
2,2,0,0,6,0,0,2,0
2,0,0,0,0,0,0,2,0
0,0,0,0,0,0,4,8,0
0,0,0,0,4,0,0,6,0
0,0,0,0,0,0,0,6,0
0,0,0,0,0,0,0,6,0
8,0,0,0,2,0,0,10,0
6,6,4,2,2,0,0,12,0
4,4,0,2,3,0,6,6,8
6,2,2,2,2,0,4,2,2
0,0,0,0,2,0,2,1,0
0,2,0,0,2,0,0,4,0
0,0,0,0,2,2,0,4,2
0,0,0,0,2,0,1,4,0
8,2,8,0,7,0,4,6,2
2,0,0,0,1,0,2,6,0
2,2,0,0,3,0,2,2,2
2,2,4,0,3,0,4,2,2
4,0,0,0,4,0,0,6,6
6,2,0,0,4,0,0,6,6
6,0,0,0,0,0,0,6,4
4,0,0,0,2,2,0,4,6
10,2,0,0,8,2,0,10,2
2,6,0,0,4,0,0,6,4
8,0,0,0,4,4,0,4,0
2,0,0,0,9,0,0,8,0
8,6,0,0,2,0,0,8,2
12,2,4,0,2,2,0,6,6
2,0,0,0,2,0,0,4,2
2,0,0,0,0,0,2,4,0
2,0,0,0,4,0,0,4,0
2,0,0,0,2,0,2,2,0
2,0,0,0,0,0,0,7,0
0,0,0,0,0,0,2,4,0
4,0,4,2,4,0,4,4,2
6,0,4,0,2,0,4,2,4
4,4,4,0,8,0,0,9,6
4,2,4,0,6,0,0,10,4
2,0,0,0,0,0,0,10,0
2,0,0,2,2,0,0,8,0
6,0,0,2,2,0,4,8,0
6,2,0,2,2,0,0,6,0
2,0,0,0,0,0,3,2,2
2,0,0,0,3,0,2,2,0
2,4,2,2,2,0,8,6,2
6,2,0,0,2,0,8,4,4
0,2,0,0,2,2,12,6,0
0,0,0,0,2,0,12,8,0
2,2,0,0,3,0,4,6,0
4,2,0,0,4,0,2,10,0
6,4,0,2,2,0,4,6,0
4,4,0,0,4,0,0,8,0
6,2,8,0,4,0,2,2,0
4,0,4,0,0,0,2,4,0
8,6,0,0,2,0,4,4,0
4,2,0,0,2,0,6,2,0
4,2,2,0,0,0,6,4,2
6,0,0,0,2,0,6,4,2
0,2,0,0,4,0,8,10,0
0,2,0,0,4,0,4,6,0
0,0,0,0,0,0,10,6,0
0,2,0,0,2,0,10,6,0
0,0,0,0,2,0,2,6,0
2,0,0,0,4,0,4,6,0
2,0,0,0,3,0,2,4,0
0,0,0,0,4,0,4,2,0
0,0,0,0,0,0,0,2,0
4,0,0,0,2,0,2,6,0
2,0,0,0,2,0,2,6,0
0,0,0,0,2,0,0,7,0
2,0,0,0,5,0,0,6,0
2,0,0,0,3,0,0,4,0
2,0,0,0,0,2,0,0,0
2,0,0,0,0,0,0,0,0
0,2,0,0,8,0,4,8,2
2,6,0,0,6,0,2,10,4
4,8,0,0,2,0,0,8,6
12,4,2,2,0,0,0,10,8
4,0,2,0,0,0,2,6,2
2,0,0,0,0,0,0,2,0
2,0,0,0,2,0,2,6,2
4,4,0,0,0,0,0,6,0
4,4,4,4,0,0,0,4,2
2,0,0,0,4,0,0,4,0
0,0,0,0,8,2,0,10,0
4,0,0,0,6,0,0,4,0
0,0,0,0,2,0,0,6,0
0,0,0,0,2,0,0,6,0
4,4,2,0,2,0,2,4,2
4,8,2,0,2,2,4,4,2
2,2,0,0,2,2,4,5,2
4,4,2,0,0,4,4,10,2
2,0,0,0,4,0,2,4,2
4,0,0,0,6,0,2,4,2
6,2,0,0,7,0,4,4,4
4,0,0,0,6,0,12,3,2
4,4,14,0,2,0,6,4,3
6,2,0,2,4,2,4,6,4
4,0,0,0,2,0,8,9,0
2,0,0,0,4,0,0,5,0
8,0,0,0,2,0,4,6,4
4,2,0,0,6,0,2,6,2
2,0,2,0,0,0,0,8,0
2,0,0,0,2,0,2,4,0
0,0,0,0,3,2,4,8,0
2,0,0,0,4,0,2,6,0
6,0,0,0,4,0,2,3,2
4,0,0,0,3,0,2,4,4
2,2,4,0,2,0,2,5,2
4,0,0,0,4,0,0,6,4
2,0,0,0,2,0,0,3,0
2,0,0,0,2,0,0,4,0
0,0,0,0,6,0,0,4,0
0,2,0,0,2,0,0,5,0
0,0,0,0,0,0,0,6,0
8,4,0,0,4,2,0,6,0
0,0,0,0,2,0,0,4,0
0,0,0,0,2,0,0,10,0
2,4,2,0,8,0,0,4,4
6,2,0,0,10,0,0,8,2
8,0,0,0,0,0,4,2,0
4,0,0,0,4,0,0,2,0
0,0,0,0,0,0,0,2,0
12,4,2,0,2,0,8,6,2
0,4,0,0,2,0,0,5,2
0,2,0,0,7,0,0,4,4
4,2,0,2,10,0,4,6,0
0,0,0,0,6,0,2,6,0
4,4,2,0,6,0,4,4,2
2,0,2,0,6,0,4,4,2
6,0,0,2,4,0,2,6,2
4,0,2,0,6,0,0,6,0
0,0,0,0,4,0,2,6,0
0,0,0,0,4,0,0,2,0
2,6,4,0,2,0,6,6,2
4,2,4,2,4,0,2,6,2
0,0,0,0,2,0,2,4,0
2,0,0,0,4,0,0,6,0
0,0,0,0,2,0,0,4,0
2,0,0,0,2,0,0,2,0
4,2,2,2,2,0,0,8,2
6,0,0,0,2,0,0,6,4
0,0,0,0,0,0,6,8,0
2,2,0,0,4,0,4,6,0
18,2,2,0,4,0,2,4,4
4,0,0,0,2,0,0,6,0
0,0,0,0,2,0,0,8,0
0,0,0,0,2,0,0,4,0
6,4,0,0,6,0,0,4,4
4,6,0,0,2,0,2,6,2
0,0,0,0,0,2,0,2,0
0,0,0,0,2,4,0,2,0
2,0,0,2,2,0,0,4,0
0,2,0,0,2,0,0,8,0
2,6,0,0,4,0,2,6,4
2,12,0,2,6,0,0,4,0
8,0,0,0,2,0,0,4,0
2,0,0,0,2,0,0,6,0
2,6,0,4,4,0,6,4,2
4,4,6,0,6,0,2,2,4
8,0,0,0,8,2,2,4,0
6,0,0,0,4,0,2,2,0
8,2,0,0,6,0,0,4,2
4,2,0,0,1,0,2,6,2
2,8,4,0,12,0,0,6,8
0,0,0,0,3,0,2,6,0
6,6,0,0,8,0,0,8,4
12,6,0,0,4,0,0,6,2
0,0,0,0,4,0,0,2,0
2,0,0,0,6,0,0,4,0
4,6,2,2,10,0,0,2,2
4,0,2,0,4,0,0,8,0
2,0,0,0,4,0,0,4,0
0,0,0,0,10,0,2,6,0
0,0,0,0,8,0,4,2,0
0,0,0,0,2,0,0,4,0
0,0,0,0,3,0,0,4,0
0,0,0,0,1,0,2,6,0
2,0,0,0,10,0,0,7,2
4,0,0,0,6,2,0,6,2
0,0,0,0,2,0,0,2,0
0,0,0,0,4,0,2,2,0
0,0,2,0,4,0,2,8,2
0,0,0,0,2,0,0,4,2
4,2,2,8,4,0,0,10,0
4,2,4,0,4,0,0,6,2
0,0,0,0,4,0,4,4,0
0,0,0,0,6,0,4,2,0
0,0,0,0,0,0,2,10,0
0,0,0,0,2,0,6,6,0
8,0,0,0,0,0,4,12,0
0,0,0,0,0,0,0,8,0
6,0,6,0,6,0,0,4,0
14,2,2,0,2,0,0,4,2
0,2,0,0,0,0,2,2,2
0,0,0,0,0,0,4,6,2
2,0,0,0,2,0,0,0,0
2,0,0,0,0,0,0,4,0
0,0,0,0,4,0,2,4,0
0,0,0,0,2,0,0,8,0
0,0,0,0,4,0,0,4,0
0,0,0,0,4,0,0,8,0
0,0,0,0,12,0,0,4,0
0,0,0,0,6,0,0,2,0
0,2,4,0,6,0,0,2,0
0,0,0,0,2,0,0,8,0
2,0,0,0,0,0,0,4,0
6,2,0,0,2,0,0,2,2
4,0,0,0,6,0,0,6,0
2,0,0,0,2,0,0,6,0
8,0,0,0,0,0,0,6,0
2,2,0,0,0,2,0,6,0
0,0,0,0,4,0,2,6,0
0,0,0,0,2,0,0,2,0
0,0,0,0,4,0,0,8,0
2,0,0,0,4,0,4,0,0
0,2,0,0,0,2,2,4,2
2,0,2,0,2,0,2,4,6
4,0,0,0,0,0,0,4,0
0,0,0,0,0,0,0,6,0
4,2,0,2,2,0,2,6,0
4,0,0,0,2,0,2,6,0
0,2,0,0,2,0,2,2,0
2,0,0,0,2,0,0,2,0
2,0,0,0,0,0,0,4,0
2,0,0,0,3,0,0,4,0
4,0,0,0,8,2,0,4,2
2,0,0,0,10,0,0,6,2
0,0,0,0,5,0,0,2,0
0,0,0,0,4,0,0,2,0
0,0,0,0,0,0,0,4,0
2,0,2,0,2,0,0,4,0
2,0,0,0,3,0,0,2,0
0,0,0,0,0,0,2,4,0
2,0,2,0,2,0,0,4,2
6,4,0,0,6,0,0,4,2
4,2,0,0,8,0,0,7,2
8,2,0,0,8,0,0,4,0
8,4,4,4,2,0,0,4,4
6,0,0,0,0,0,2,4,4
2,0,0,0,4,0,0,4,2
2,2,0,0,2,0,0,4,4
6,0,0,0,4,0,2,6,8
4,4,0,0,2,2,2,4,0
12,4,2,0,0,2,0,10,8
12,2,0,0,2,0,2,4,8
2,2,0,2,4,0,0,4,0
2,0,0,0,2,0,0,4,0
12,2,2,4,4,2,0,8,4
9,0,0,0,6,0,0,14,2
10,2,0,0,6,2,0,6,2
10,4,0,0,6,0,2,8,0
2,0,0,0,5,0,2,8,4
4,4,0,0,0,0,2,10,4
6,2,0,0,2,0,2,4,2
2,0,2,0,4,0,0,2,4
0,0,0,0,2,0,0,4,0
0,0,0,0,2,0,0,4,0
0,0,0,0,3,0,6,4,0
0,0,0,0,1,0,6,4,0
0,0,0,0,8,0,2,4,0
0,0,0,0,2,0,0,4,0
4,0,0,0,10,0,0,2,2
2,2,2,0,4,0,0,2,0
0,0,4,0,4,0,0,2,2
4,0,0,0,4,0,0,2,2
2,2,4,0,2,0,2,2,8
8,2,2,0,4,0,2,8,2
0,0,0,0,2,0,0,2,0
0,0,0,0,2,0,0,4,0
6,4,10,0,8,4,4,6,2
2,0,0,0,2,2,2,6,2
6,0,0,0,6,0,4,2,4
6,0,0,0,4,0,0,4,2
0,2,0,0,6,0,2,4,0
0,0,0,0,7,0,2,4,2
12,4,4,0,6,0,2,4,4
8,4,4,2,4,0,0,8,4
4,2,0,0,10,0,0,14,6
2,0,0,0,10,0,4,12,4
6,0,0,0,6,0,0,4,0
10,2,0,0,6,0,0,4,4
0,2,0,0,2,0,2,2,0
2,2,0,0,2,0,0,7,0
10,2,2,0,2,0,0,12,4
4,4,2,2,6,0,0,6,0
0,0,0,0,2,0,0,8,0
2,0,0,0,8,8,4,8,2
0,0,0,0,6,0,4,2,0
0,0,0,0,4,0,2,2,0
0,2,0,0,1,0,0,8,0
6,4,0,0,6,0,0,8,0
0,2,0,0,7,0,0,6,2
0,0,0,2,2,0,0,6,0
0,0,0,0,4,0,0,4,0
2,0,0,0,0,0,0,2,0
0,2,8,4,6,0,0,0,0
0,2,0,0,7,2,0,0,0
2,0,2,2,0,0,0,2,0
2,2,4,0,2,0,0,2,2
6,0,0,0,2,0,2,6,0
0,2,0,0,2,0,0,6,0
0,0,0,0,2,0,4,6,0
0,0,0,0,2,0,2,4,0
0,0,0,0,12,0,0,6,2
6,0,0,0,6,0,0,4,0
10,0,0,0,8,0,2,8,0
10,0,4,4,4,0,0,8,4
4,0,0,0,14,0,2,8,4
6,0,0,0,12,0,0,10,2
2,0,0,0,2,0,2,4,0
2,2,0,4,4,0,0,0,2
0,0,0,0,0,0,0,2,0
0,0,0,0,2,0,0,0,0
6,0,0,0,4,0,12,10,2
4,0,2,0,4,0,6,16,2
4,2,0,0,4,0,4,8,2
0,0,0,0,4,0,10,8,0
2,2,0,0,4,0,2,6,2
2,0,0,0,6,0,0,8,0
2,4,0,2,6,0,2,12,8
4,2,0,2,10,2,4,8,4
2,2,0,0,4,0,0,3,4
0,0,0,0,4,0,0,6,0
6,0,0,0,3,0,0,6,6
0,0,0,0,3,0,0,6,0
2,6,0,0,6,0,4,8,0
8,2,2,0,10,0,4,4,2
4,4,0,0,0,0,6,6,2
0,0,0,0,0,0,2,6,0
10,8,2,0,10,2,2,4,2
6,0,0,0,2,0,2,4,0
10,0,0,0,4,0,0,10,0
4,6,2,0,4,0,2,8,2
4,2,0,0,2,0,2,6,2
2,0,0,0,2,0,0,4,2
0,0,0,0,4,0,2,2,0
0,0,0,0,2,0,0,4,2
2,0,0,0,4,0,0,6,0
0,0,0,0,0,0,0,6,0
0,0,0,0,2,0,2,4,0
0,0,0,0,2,0,0,6,0
0,0,0,0,0,0,0,2,0
4,0,0,0,2,0,0,2,0
4,2,0,0,4,0,0,2,2
2,0,2,0,2,0,0,4,0
0,0,0,0,0,0,0,6,0
0,0,0,0,4,0,0,4,0
0,0,0,0,2,0,0,4,0
0,0,0,0,4,2,0,2,0
12,0,4,0,0,0,0,12,6
6,2,0,0,0,0,0,14,2
4,0,0,0,6,0,0,6,0
2,0,0,0,0,0,0,4,0
2,0,0,0,8,0,0,4,0
2,0,0,0,2,0,0,4,0
4,2,0,0,6,0,0,6,0
2,2,0,0,4,0,0,2,0
0,0,0,0,4,2,4,4,0
4,2,0,0,4,0,2,4,2
8,0,0,0,2,0,2,4,2
8,6,0,0,4,0,8,2,2
4,4,0,0,0,0,2,10,0
10,6,4,4,2,2,2,10,0
0,0,0,0,6,2,0,4,0
0,0,0,0,6,0,0,8,0
4,2,4,0,4,0,6,10,2
2,4,0,0,4,0,4,4,4
1,0,0,0,2,0,2,2,0
2,0,0,0,4,0,2,0,0
2,2,1,0,0,0,2,8,4
0,0,0,0,2,0,4,4,2
2,2,0,0,2,0,0,2,0
2,2,2,0,4,0,2,0,0
4,0,4,0,2,0,2,4,0
10,2,4,0,2,0,2,4,4
0,4,0,0,6,0,0,8,2
0,4,0,0,4,0,0,8,0
2,0,0,0,4,0,0,5,0
0,0,0,0,4,0,0,5,0
2,0,0,0,5,0,0,12,2
4,2,4,2,6,0,2,6,2
2,0,0,0,2,0,0,6,4
2,0,0,0,0,0,0,6,0
6,2,2,0,2,0,2,8,0
2,0,0,0,4,0,0,4,0
0,0,0,0,0,0,0,2,0
0,0,0,0,2,0,0,2,0
10,4,6,0,6,0,2,8,6
10,6,4,0,2,0,10,6,8
0,0,0,0,8,0,0,6,0
0,2,0,0,6,0,0,5,4
4,0,0,0,4,0,0,6,0
6,8,2,0,4,0,0,8,4
0,0,0,0,8,0,0,12,0
0,0,0,0,4,0,0,7,0
2,0,0,0,2,0,0,6,0
2,0,0,0,6,0,0,4,2
4,0,4,0,6,0,2,6,0
4,0,2,0,8,0,0,6,0
6,0,0,0,0,0,5,4,0
6,0,0,0,0,0,7,2,0
4,4,2,0,2,0,0,4,4
4,4,4,2,2,0,0,4,4
4,4,0,0,6,0,0,6,2
4,0,6,0,10,0,0,6,4
0,0,0,0,10,2,0,6,0
0,0,0,0,2,2,0,2,0
0,0,0,0,4,0,0,6,0
0,0,0,0,10,0,2,4,0
2,0,0,0,2,0,0,8,0
2,0,0,0,0,0,0,6,0
8,0,2,0,0,2,0,6,4
0,0,0,0,2,4,0,8,0
2,0,0,0,2,0,0,7,0
0,0,0,0,0,0,0,8,0
0,0,0,0,2,2,0,0,0
0,0,0,0,4,0,0,0,0
0,0,0,0,4,0,0,2,0
2,6,0,0,4,2,0,0,4
8,0,4,0,0,0,4,8,0
6,0,8,0,2,4,4,8,2
10,2,0,0,0,0,4,6,4
0,2,0,0,2,2,2,10,4
0,0,0,0,0,1,8,2,0
2,0,0,0,0,7,6,8,2
0,0,0,0,0,0,0,6,0
0,0,0,0,2,2,4,4,0
8,0,0,0,2,0,0,4,4
4,2,2,2,4,0,0,2,2
0,0,0,0,2,2,0,10,0
4,0,0,0,2,0,2,2,0
10,2,0,0,5,0,0,12,2
8,2,2,0,0,0,3,14,2
6,2,0,0,7,0,0,8,0
8,4,0,0,0,0,0,8,0
4,2,0,2,4,0,0,6,2
12,2,2,0,4,0,0,6,6
14,0,0,0,4,0,0,8,2
8,0,0,0,2,0,0,10,2
6,4,4,0,0,0,2,4,4
4,0,4,0,4,2,0,0,0
2,0,0,0,10,0,4,8,2
2,2,0,0,2,0,2,6,6
2,2,0,0,4,0,0,8,2
8,2,0,0,2,0,0,4,0
2,0,0,2,0,0,0,4,0
2,0,0,0,4,0,0,4,0
0,0,0,0,0,0,0,8,0
0,0,0,0,2,0,0,2,0
0,0,0,0,2,0,0,4,0
0,0,0,0,2,0,0,7,0
0,0,0,0,0,0,0,4,0
2,0,0,0,2,0,0,4,0
2,0,6,0,0,0,2,2,2
4,0,0,0,4,0,0,0,2
12,2,2,0,9,2,0,14,2
8,6,6,0,20,0,0,14,0
0,4,6,0,17,0,4,6,0
0,0,2,0,4,0,0,4,0
2,0,0,0,20,0,0,6,0
2,0,0,0,2,0,0,4,0
0,0,0,0,9,0,4,6,0
2,0,0,0,6,0,2,4,2
4,4,0,0,2,0,0,4,2
6,4,0,2,2,0,0,4,2
0,0,0,0,4,0,0,4,0
0,0,0,0,4,0,0,4,0
2,2,0,0,10,0,4,2,0
4,4,0,0,6,0,2,4,2
6,0,2,0,16,0,10,4,2
2,2,0,0,12,0,6,4,0
0,0,0,0,3,0,0,4,0
0,0,0,0,4,0,0,4,0
10,4,0,0,4,0,8,6,2
2,2,0,0,2,0,0,6,0
6,2,0,0,4,0,0,8,4
12,2,2,0,6,0,0,6,6
4,0,0,0,12,0,0,8,0
2,0,0,0,4,0,0,12,0
0,6,2,2,8,0,0,4,6
2,6,0,0,4,0,4,4,6
8,2,0,0,2,0,0,4,6
6,0,2,0,2,0,0,4,6
0,0,0,0,0,0,0,2,0
2,2,0,0,4,0,0,4,0
2,2,0,0,2,0,0,4,2
2,0,2,0,4,0,2,4,8
10,2,0,4,10,0,4,12,0
8,8,0,0,10,0,2,11,0
4,0,0,0,8,0,0,20,2
6,0,0,0,6,0,0,10,2
10,2,6,0,6,0,10,8,6
6,0,0,0,2,0,6,8,2
10,0,0,2,22,0,2,6,0
2,0,0,0,4,0,0,6,0
0,0,0,0,12,0,8,6,0
0,0,0,0,4,0,6,4,0
2,4,4,2,0,0,0,10,0
6,6,4,0,0,0,2,6,2
2,2,0,0,0,0,0,16,0
0,0,0,0,0,0,0,12,0
4,0,0,0,2,0,0,4,0
6,2,0,0,4,0,4,2,2
6,4,0,0,6,0,6,8,6
8,4,0,0,4,0,8,8,4
0,0,0,0,0,0,0,0,0
0,0,0,0,0,0,0,0,0
0,0,0,0,2,0,0,0,0
0,0,0,0,2,0,0,0,0
6,0,0,0,7,0,2,2,0
2,2,2,2,7,0,14,4,4
0,0,0,0,6,0,0,2,0
2,0,0,0,5,0,0,4,0
2,0,0,0,4,0,0,2,0
2,0,0,0,2,0,0,0,0
0,2,0,0,2,0,0,0,0
0,2,2,0,2,0,0,0,0
2,0,0,2,4,0,0,4,2
0,0,0,0,0,0,0,2,0
0,0,0,0,2,0,0,4,0
0,0,0,0,0,0,0,2,0
2,2,2,0,4,0,2,6,0
2,0,0,0,6,0,4,4,0
2,0,0,0,4,0,0,4,0
0,0,0,0,5,0,0,8,0
0,0,0,0,2,0,2,4,2
0,0,0,0,2,0,6,4,2
6,2,0,2,8,0,0,4,0
2,2,0,0,4,0,0,6,4
2,0,0,0,8,0,0,8,2
0,0,0,0,6,0,0,4,0
6,2,0,0,4,0,0,6,0
4,0,0,2,0,6,6,2,2
2,0,0,0,0,0,0,0,0
6,0,0,0,0,0,0,2,0
0,0,0,0,0,0,0,2,0
0,0,0,0,2,0,0,4,0
2,0,2,0,2,0,0,10,0
4,0,4,0,1,0,0,12,0
0,0,0,0,4,0,0,4,0
0,0,0,0,2,0,0,0,0
2,2,0,0,2,0,2,4,2
2,0,0,0,0,0,0,0,0
2,2,0,0,2,0,4,4,0
0,0,0,0,2,0,0,8,0
6,2,0,0,2,0,2,10,4
8,4,0,0,6,2,0,8,2
2,0,0,0,0,0,0,0,0
0,0,0,0,0,0,0,0,0
4,0,0,0,4,0,0,4,0
4,0,0,0,0,0,2,2,0
6,0,2,0,2,0,0,6,0
6,2,0,0,0,0,0,6,0
10,0,0,0,2,0,0,8,2
12,2,0,2,2,0,0,10,2
8,0,0,0,4,2,2,4,0
4,0,0,0,8,0,2,6,0
2,0,0,0,7,0,0,4,0
2,0,0,0,4,0,0,3,0
0,0,0,0,4,0,0,4,0
0,0,0,0,3,0,0,4,0
0,0,0,0,0,0,0,4,0
2,0,0,0,2,0,0,4,2
2,0,0,0,0,1,6,8,0
2,0,0,0,0,3,2,4,0
0,0,0,0,4,4,6,6,0
0,0,0,2,0,0,4,14,4
12,0,4,0,6,0,10,8,2
8,0,0,4,6,0,2,8,0
2,0,0,0,2,0,0,6,0
0,0,0,0,2,0,0,4,0
0,0,0,0,2,0,0,0,0
0,0,0,0,0,0,0,4,0
6,0,0,0,0,0,0,6,2
2,0,0,0,2,0,0,4,0
0,0,0,0,4,0,0,0,0
0,0,0,0,0,0,0,0,0
0,0,0,0,5,0,0,2,0
0,0,0,0,3,0,4,4,0
4,0,0,0,0,0,4,7,0
0,0,0,0,0,0,0,3,0
0,0,0,0,8,0,0,2,0
0,0,0,0,0,0,0,4,0
4,0,0,0,4,0,0,4,2
0,0,0,0,2,0,0,4,0
0,2,0,0,0,0,2,2,0
2,0,0,0,2,0,2,5,0
4,2,0,0,13,0,0,2,0
4,0,0,0,7,0,4,2,0
2,0,0,0,5,0,0,2,0
2,0,0,0,5,0,0,0,0
0,0,0,0,6,0,4,2,0
0,0,0,0,6,0,4,2,0
6,6,2,6,4,0,0,2,2
6,2,0,0,5,0,0,2,4
0,6,0,0,4,2,0,4,0
2,2,0,0,4,0,2,4,0
6,4,4,0,2,0,0,4,6
2,4,6,0,1,0,0,2,2
0,0,0,0,0,0,0,4,0
2,0,2,0,4,0,0,4,0
6,4,2,2,2,0,0,8,2
4,2,0,0,4,0,0,4,0
2,2,2,0,10,0,0,10,2
2,0,0,0,2,0,0,7,0
0,0,0,0,1,0,0,8,2
0,0,0,0,4,0,0,8,0
2,0,0,0,4,0,0,0,0
0,0,0,0,0,0,0,4,0
0,0,0,0,3,0,0,2,0
0,0,0,0,0,0,0,0,0
0,0,0,0,10,0,0,14,0
0,0,0,0,10,0,0,18,0
6,6,2,0,5,0,14,8,0
12,4,2,0,2,0,6,4,0
4,2,0,0,8,2,0,3,4
2,4,0,0,6,0,0,8,2
8,2,0,0,6,0,0,2,8
10,2,0,0,10,0,0,6,6
6,6,8,0,10,0,0,6,0
6,2,6,0,12,0,0,4,2
4,6,0,0,12,0,0,12,2
10,0,0,2,20,0,0,14,2
2,0,0,0,4,0,0,8,0
2,0,0,0,4,0,4,6,0
6,0,0,2,4,0,0,6,6
4,0,0,0,4,0,0,6,6
0,0,0,0,2,0,0,4,0
2,2,0,0,2,0,0,4,2
0,0,0,0,2,0,5,2,0
0,0,0,0,1,0,4,0,0
0,0,0,0,2,0,4,4,0
0,0,0,0,4,0,8,2,0
0,0,0,0,4,0,0,2,0
0,0,0,0,2,0,2,4,0
2,2,2,0,2,0,0,6,0
4,2,0,0,2,0,0,6,2
6,6,2,2,0,0,0,8,4
4,0,2,0,2,0,2,8,4
2,0,0,0,4,0,2,4,0
2,0,0,0,2,0,3,4,0
0,0,0,0,6,0,0,6,0
0,0,0,0,2,0,0,6,0
4,0,0,0,4,0,2,4,2
6,0,0,0,4,2,2,10,4
2,4,2,0,4,0,2,4,2
6,6,4,4,4,0,2,6,2
0,2,0,0,6,0,0,8,2
2,0,0,0,4,0,0,6,0
4,2,0,0,0,0,4,7,2
2,0,0,0,4,0,0,8,2
4,0,0,0,2,0,0,4,0
4,0,0,0,2,0,0,6,0
8,0,0,0,4,0,0,4,2
4,0,0,0,2,0,0,4,2
2,2,0,0,6,0,2,0,2
2,2,4,2,8,0,0,2,2
2,2,0,0,4,0,0,10,0
2,2,0,0,4,0,0,8,0
4,0,0,0,6,0,0,10,0
2,0,0,0,8,0,0,8,0
8,2,0,0,4,0,4,4,4
4,0,2,2,8,0,2,4,6
2,4,0,0,0,0,0,6,0
4,0,0,0,0,0,0,2,2
2,0,0,0,2,0,0,4,0
2,0,0,0,4,0,0,4,0
0,0,0,0,2,0,0,2,0
0,0,0,0,2,0,0,4,0
0,0,0,0,2,0,2,6,0
0,0,0,0,2,0,0,4,0
8,2,2,0,6,0,0,4,6
8,0,2,0,8,0,2,7,6
6,0,0,0,6,0,0,4,0
6,2,0,0,4,0,0,6,0
2,0,0,0,4,0,2,4,0
0,0,0,0,4,0,0,8,0
0,2,0,0,2,0,0,2,2
0,0,0,0,2,0,0,4,2
6,0,0,0,4,0,0,2,4
2,2,0,0,2,0,0,6,2
4,4,0,0,4,0,0,0,4
4,0,0,2,4,0,0,6,4
6,2,0,0,4,0,2,6,2
2,0,0,0,7,0,2,2,2
4,0,0,0,2,0,0,6,0
0,0,0,2,2,0,4,10,0
4,0,0,0,2,0,4,6,2
2,0,0,0,4,0,0,8,4
0,0,0,0,2,0,0,2,0
0,0,0,0,2,0,0,4,0
0,0,0,0,2,0,0,4,0
0,0,0,0,2,0,2,4,0
0,4,10,2,4,0,0,4,0
6,0,0,0,4,0,0,4,0
2,2,0,0,0,0,0,8,0
10,2,0,4,2,0,0,6,0
2,0,0,0,0,0,0,6,0
4,2,0,0,2,0,2,6,0
0,2,0,0,0,0,2,4,0
0,2,0,0,4,0,2,6,0
0,0,0,0,0,0,2,6,0
0,0,0,0,2,0,0,8,0
8,0,2,0,8,0,0,6,4
8,0,2,2,8,0,0,2,2
10,0,0,0,6,0,2,4,0
4,0,0,0,2,0,0,10,0
2,2,0,0,2,0,2,2,2
6,0,0,0,2,0,0,4,0
2,4,0,0,0,2,2,6,2
4,2,0,0,6,4,0,6,2
4,2,4,0,0,0,0,8,2
6,0,4,0,0,0,0,10,0
8,0,0,4,4,0,4,4,0
4,0,0,0,2,0,0,10,2
2,0,0,0,14,0,8,4,0
0,0,0,0,2,0,0,2,0
4,0,0,0,12,0,8,4,6
2,0,0,0,4,0,2,4,0
2,0,0,0,6,0,0,4,0
0,2,0,0,6,0,0,6,0
4,2,0,0,2,0,2,1,4
4,6,6,4,4,0,2,5,2
2,0,0,0,3,0,4,8,2
8,0,0,2,3,0,0,8,0
0,0,0,0,5,0,0,6,0
0,0,0,0,0,0,0,4,0
0,0,0,0,2,0,0,4,0
0,0,0,0,0,0,0,4,0
2,2,0,0,4,2,10,8,2
2,0,0,0,4,2,4,6,0
2,6,0,2,4,0,4,6,4
6,2,2,0,8,0,4,6,2
16,2,2,4,4,0,2,6,6
4,6,0,0,0,0,0,6,2
6,2,0,0,2,0,0,6,2
4,4,0,0,4,0,2,8,0
2,2,2,0,2,0,2,6,2
0,0,0,0,2,0,0,4,2
4,2,0,0,4,4,0,10,4
4,0,0,0,4,4,0,4,4
4,0,2,0,6,0,2,4,2
4,0,4,0,12,0,3,2,6
12,2,6,0,0,0,6,4,2
4,0,4,0,0,0,2,8,0
4,0,0,0,6,0,0,6,0
2,0,0,0,4,0,0,6,0
2,0,0,0,4,0,2,6,0
0,0,0,0,8,0,2,4,0
0,0,0,0,2,0,0,4,0
0,0,0,0,2,0,0,2,0
2,0,0,0,0,0,0,6,0
6,0,0,2,4,0,0,6,4
2,0,0,0,6,0,0,4,0
0,0,0,0,6,0,2,4,0
0,0,0,0,2,0,0,2,0
2,0,2,0,2,0,0,8,0
0,0,0,0,2,0,0,4,0
0,0,2,2,4,0,4,6,0
0,0,0,0,2,0,0,4,0
0,0,0,0,2,0,0,4,0
2,0,0,0,2,0,2,0,0
0,0,0,0,0,0,0,2,0
2,0,0,0,6,0,0,8,0
0,0,0,0,6,0,0,2,0
10,2,0,0,8,0,0,8,0
6,2,0,0,8,0,0,4,0
2,0,0,0,6,0,0,4,2
0,0,0,2,6,0,2,8,0
4,2,0,0,4,0,4,2,2
0,0,0,0,2,0,0,2,0
0,0,0,0,4,0,6,4,2
0,2,0,0,0,0,0,4,0
0,0,0,0,4,0,0,8,0
0,0,0,0,10,0,0,2,0
6,0,0,0,4,0,0,0,0
4,0,0,0,6,0,0,4,0
0,0,0,0,2,0,0,4,0
2,0,0,0,5,0,0,6,0
0,0,0,0,2,0,0,2,0
0,0,0,0,6,0,0,8,0
4,2,2,0,4,0,0,2,0
4,2,4,0,8,0,0,2,0
2,2,0,0,2,0,0,6,2
2,2,0,0,8,0,0,2,4
6,0,0,0,4,0,0,14,4
2,0,0,0,8,0,0,12,0
6,2,2,2,4,2,0,10,0
4,2,2,0,4,0,2,12,0
8,4,0,0,4,0,0,8,0
6,0,2,0,4,0,0,4,4
8,0,0,0,8,0,0,8,0
8,0,0,0,0,2,0,6,8
8,0,0,0,2,0,0,7,0
4,0,0,0,2,0,0,7,0
8,2,0,0,6,0,0,11,2
4,0,0,0,4,0,0,6,0
0,0,0,0,4,0,2,4,4
2,0,0,0,10,0,2,3,0
2,0,0,0,2,0,0,0,0
0,0,0,0,1,0,0,0,0
10,0,4,2,2,0,6,1,2
8,2,2,0,1,2,8,4,2
0,0,0,0,4,0,2,6,0
4,2,0,0,5,0,4,2,0
8,0,0,0,2,0,0,4,0
4,0,0,0,2,0,0,4,0
2,2,0,0,0,0,0,2,0
0,2,0,0,0,0,0,2,0
0,0,0,0,0,0,4,4,0
0,0,0,0,0,0,4,4,0
0,0,0,0,3,0,0,4,0
0,0,0,0,2,0,0,4,0
0,0,2,0,2,0,0,10,0
0,0,0,0,2,0,0,6,2
0,0,2,0,8,0,4,0,0
0,0,0,0,4,0,2,2,0
2,0,2,0,8,0,0,6,0
4,0,0,0,11,0,2,2,2
2,2,0,0,4,0,2,2,0
8,2,2,0,2,2,2,4,0
0,0,0,0,4,0,0,4,0
0,0,0,0,4,0,2,4,0
0,0,0,0,6,0,2,4,0
0,0,0,0,0,0,2,4,0
0,2,0,0,0,0,9,6,2
2,0,2,0,0,0,2,2,2
2,0,0,0,6,0,4,2,0
0,0,0,0,6,2,1,2,0
2,10,2,0,0,0,2,4,4
2,8,4,0,0,0,4,8,2
6,12,4,0,0,0,4,8,2
4,2,2,0,0,0,0,6,2
2,2,0,0,2,0,2,10,0
0,0,0,0,0,0,2,8,0
6,0,0,0,6,2,0,4,0
6,0,0,0,6,0,0,2,0
4,0,0,0,4,0,0,6,0
10,6,0,0,2,0,0,4,2
4,0,0,0,4,0,0,4,0
2,0,0,0,4,0,0,8,2
6,0,0,0,0,0,0,8,0
6,0,0,0,4,0,2,12,0
2,2,0,0,0,0,0,6,0
0,2,0,0,4,0,0,4,0
0,0,0,0,0,0,0,4,0
2,0,0,2,4,0,0,2,2
0,0,0,0,0,0,0,4,0
4,0,4,2,2,0,0,2,2
0,0,0,0,0,0,0,2,0
0,0,0,0,2,0,2,2,0
6,0,0,0,0,0,0,4,0
4,0,0,0,0,0,0,0,0
6,0,0,2,6,0,0,2,0
6,2,0,0,2,0,0,2,0
2,0,0,0,6,2,2,8,6
0,2,0,0,4,0,2,4,0
0,0,0,0,2,0,0,6,0
0,0,0,0,4,0,2,4,0
0,0,0,0,6,0,10,4,0
0,0,0,0,6,0,4,6,0
4,2,4,0,8,0,0,6,0
4,0,0,0,2,0,0,10,0
0,4,0,0,6,0,0,2,2
0,0,0,0,4,0,0,6,2
8,16,8,2,2,0,0,8,2
0,0,0,0,0,0,0,8,4
2,2,0,0,2,0,4,8,2
0,0,0,0,0,0,0,4,0
2,4,0,0,2,2,4,6,4
4,0,0,0,6,2,2,8,6
0,0,0,2,2,0,2,8,0
4,0,0,0,2,0,2,5,0
4,2,4,0,2,0,4,6,0
6,2,0,0,2,0,2,5,0
0,0,0,0,0,0,0,8,0
0,0,0,0,0,0,2,8,0
2,2,0,0,4,0,6,8,0
0,0,0,0,0,0,0,4,0
6,2,0,0,8,0,0,2,4
4,6,0,0,2,0,0,4,0
0,0,0,0,4,0,0,6,0
0,0,0,0,4,0,0,2,0
0,0,0,0,6,0,0,4,0
0,0,0,0,6,0,0,6,0
0,0,0,0,1,0,2,2,2
4,2,4,0,6,0,2,6,0
0,0,0,0,5,0,0,4,2
0,0,0,0,2,0,0,2,0
2,0,0,0,8,0,0,6,2
8,2,0,0,12,0,0,4,2
0,0,0,0,6,0,0,2,0
0,0,0,0,4,0,4,6,0
2,4,0,0,4,2,0,6,4
4,2,0,0,4,4,2,6,6
6,2,0,0,4,0,0,6,2
2,2,0,0,2,0,2,4,2
2,0,0,0,1,0,4,6,0
8,2,4,0,4,0,4,5,4
6,2,2,0,6,0,0,2,0
0,0,0,0,0,0,0,4,0
8,12,0,0,6,2,0,12,4
10,6,0,0,6,0,2,9,2
0,0,0,0,6,0,4,4,0
2,0,0,0,5,0,0,6,0
0,2,0,0,0,0,4,12,0
6,4,4,2,0,0,6,10,6
0,0,0,2,2,0,0,6,2
4,0,2,0,2,0,0,6,0
2,0,0,0,6,0,0,4,0
2,0,0,0,8,0,0,2,0
2,6,0,2,4,0,0,4,0
4,4,0,2,8,0,0,2,0
2,0,0,0,4,0,0,4,0
0,0,0,0,4,0,0,8,0
4,0,0,0,2,0,6,6,0
2,0,0,0,3,0,6,6,0
6,0,0,0,6,0,5,2,0
2,2,0,0,7,0,2,6,0
2,2,2,0,4,0,0,3,2
4,2,8,0,6,0,2,0,0
10,0,0,0,2,0,0,2,2
10,4,0,0,0,0,0,6,0
4,2,0,0,4,0,0,8,6
4,0,0,0,4,0,2,10,6
6,0,4,0,4,0,0,10,2
12,0,0,0,6,0,0,10,7
2,0,0,0,4,0,0,4,2
4,0,0,0,2,0,0,6,0
6,2,0,0,0,0,0,8,4
4,2,0,0,4,0,0,6,2
10,0,0,0,4,0,2,8,2
6,0,0,0,10,0,0,8,0
2,2,0,0,2,0,0,4,2
4,0,4,4,4,0,2,4,2
0,0,0,0,4,0,0,4,0
0,0,0,0,0,0,0,0,0
0,0,0,0,0,0,6,2,0
0,0,0,0,4,0,2,8,0
2,0,2,0,2,0,0,4,0
4,0,0,0,4,0,0,2,0
0,0,0,0,2,0,0,4,0
0,0,0,0,6,0,0,2,0
6,2,4,2,2,0,2,2,2
4,4,0,0,4,0,0,6,4
4,0,0,0,4,0,2,8,0
0,0,0,0,0,0,0,0,0
2,0,0,0,2,0,2,4,0
0,0,0,0,0,0,0,0,0
0,0,0,0,2,0,2,6,0
0,0,0,0,6,0,2,2,0
2,0,0,0,4,0,2,3,0
4,0,0,0,4,0,2,2,0
8,0,4,0,4,0,0,2,4
2,2,0,0,3,0,0,2,0
6,0,0,0,2,0,2,2,4
6,2,0,0,5,2,2,6,0
0,0,0,0,2,0,0,2,0
0,0,0,0,2,0,0,4,0
2,0,0,0,2,0,0,6,0
4,0,4,0,2,0,0,4,0
8,0,0,0,2,0,0,0,0
6,0,0,0,2,0,0,2,0
0,0,0,0,0,0,0,2,0
0,0,0,0,0,0,2,4,0
4,0,0,0,4,0,0,3,2
4,0,0,0,10,0,0,5,0
2,0,0,0,4,0,0,6,2
4,0,0,0,2,0,0,8,2
6,0,0,0,4,0,0,6,2
4,2,0,0,2,0,4,4,2
4,0,0,0,6,0,2,2,0
0,0,0,0,2,0,6,2,0
8,2,0,0,2,0,0,4,6
4,0,0,0,0,0,0,4,2
0,0,0,0,2,0,4,2,0
0,0,0,0,0,0,2,4,0
2,0,0,0,0,0,0,4,0
2,0,0,0,0,0,0,2,0
0,0,0,0,6,0,2,2,0
0,0,0,0,2,0,0,0,0
8,2,0,0,4,0,2,8,2
6,2,0,0,2,0,4,6,2
0,0,0,0,4,0,4,4,2
2,0,0,0,4,0,0,4,2
4,0,0,0,2,0,0,3,2
4,0,0,0,2,0,0,3,2
4,0,0,0,3,0,6,6,2
2,0,0,0,0,0,2,2,2
0,0,0,0,0,0,6,6,2
4,0,0,0,0,0,8,4,4
0,0,0,0,2,0,0,8,0
4,0,0,0,2,0,0,4,2
0,0,0,0,2,0,0,2,0
0,6,0,0,2,0,0,2,0
0,0,0,0,0,0,4,4,0
0,0,0,0,2,0,0,2,0
2,0,0,0,6,0,2,2,0
0,0,0,0,4,0,0,0,0
0,2,0,0,2,2,2,8,2
2,0,0,0,2,0,0,6,4
0,0,0,0,0,0,0,2,4
0,0,0,0,2,0,0,4,2
6,0,0,0,6,0,0,4,0
2,0,0,0,5,0,0,4,0
4,0,0,0,8,0,0,6,0
0,0,0,0,0,0,0,4,0
16,4,6,0,6,0,2,6,2
0,0,2,0,2,0,2,4,0
2,2,0,0,2,0,0,4,4
0,0,0,0,4,0,0,4,0
4,0,0,0,2,0,0,2,4
0,0,0,0,0,0,0,4,0
0,0,0,0,4,0,0,2,0
0,0,0,0,4,0,0,4,0
2,0,0,0,0,0,0,2,0
6,4,0,0,2,0,0,2,2
4,0,0,0,4,0,4,4,0
4,2,0,2,2,0,4,2,2
2,0,0,0,0,0,0,8,0
2,2,2,0,2,0,0,6,0
2,2,0,0,0,0,1,4,2
2,2,0,0,4,2,0,6,0
6,0,0,0,2,0,6,6,2
4,0,0,0,6,0,2,6,2
8,0,0,0,4,0,2,6,2
6,0,6,0,10,0,0,4,2
2,0,0,0,8,2,0,4,0
2,0,0,0,2,0,0,4,0
0,0,0,2,4,0,2,4,2
2,0,0,0,2,0,0,4,0
2,0,0,2,4,0,2,4,0
0,0,0,0,2,0,0,6,0
0,0,0,0,2,0,2,4,0
0,0,0,0,4,0,0,4,0
4,0,4,0,1,0,2,6,4
2,2,2,0,2,0,2,2,4
0,0,0,0,6,0,0,4,0
2,0,0,0,4,0,0,6,2
2,0,0,0,6,2,6,8,0
0,0,0,0,2,0,4,0,0
2,2,0,0,0,0,2,4,0
2,0,0,0,6,0,4,8,4
6,0,2,0,8,0,2,4,4
2,0,4,0,10,0,4,8,2
4,2,0,0,5,0,2,6,0
0,0,0,0,6,0,0,6,0
4,2,0,0,6,0,2,4,0
0,2,0,0,8,2,2,2,0
4,0,0,0,12,0,0,0,0
6,0,2,0,14,0,0,2,2
0,0,6,0,4,0,0,8,0
2,0,6,2,8,0,0,6,0
4,0,0,0,2,0,0,4,0
4,2,0,0,2,0,0,2,0
2,0,0,0,4,0,0,4,0
2,0,0,0,2,0,0,2,0
0,0,0,0,2,0,0,0,0
0,0,0,0,4,0,2,2,0
8,0,12,2,4,0,0,6,2
8,4,2,0,2,0,0,2,2
0,0,0,0,2,0,2,0,0
0,0,0,0,0,0,4,2,0
2,0,0,0,6,0,2,0,0
0,0,0,0,4,0,0,2,0
4,2,0,0,2,0,0,2,0
2,6,0,0,4,0,0,2,0
0,0,0,0,0,0,0,6,0
0,0,0,0,2,0,0,4,0
8,4,2,0,2,0,0,6,6
2,0,0,0,2,0,0,4,2
0,2,0,0,0,0,2,4,0
0,0,0,0,0,0,0,2,0
0,2,0,0,0,0,2,4,0
2,0,0,0,6,0,0,4,0
0,4,4,0,2,0,0,2,2
8,2,0,0,4,0,0,4,6
0,0,0,0,2,0,0,4,0
4,0,0,0,10,0,0,4,4
0,2,0,0,2,0,2,0,0
2,2,0,0,0,0,0,4,0
0,0,0,0,0,0,4,2,0
0,2,0,0,0,0,0,2,0
2,0,4,0,6,0,0,4,2
0,0,0,0,4,0,0,4,2
4,0,0,0,2,0,0,4,0
6,0,6,0,4,0,0,2,2
10,6,0,0,0,0,0,6,2
2,4,6,2,2,0,0,4,4
0,0,0,0,8,0,0,8,0
0,0,0,0,4,0,0,2,0
8,6,2,0,0,0,4,4,8
2,0,0,0,0,0,0,4,0
2,2,0,0,0,0,2,2,0
0,0,0,0,0,0,0,4,0
6,4,2,0,6,0,2,10,6
2,0,6,0,7,0,2,8,4
2,0,0,0,6,0,0,2,0
4,0,0,0,2,6,0,6,0
0,0,0,0,2,6,0,8,0
0,0,0,0,6,6,0,8,0
2,2,0,0,2,2,4,4,2
2,0,0,0,8,4,8,4,0
4,2,0,0,2,0,2,4,2
2,2,0,2,2,0,0,2,2
0,0,0,0,4,0,2,4,0
4,0,0,0,2,0,4,2,0
8,2,2,2,6,0,8,4,0
10,4,0,2,4,0,4,4,2
0,0,0,0,2,2,10,2,0
0,0,0,0,2,0,4,4,0
2,0,0,0,4,0,0,5,2
2,2,0,0,10,0,4,8,6
0,0,0,0,8,0,2,8,0
2,4,4,0,4,0,4,8,0
0,2,0,2,2,0,0,2,0
0,0,0,0,4,0,0,2,0
4,2,2,2,4,0,2,8,4
2,6,2,0,2,0,4,10,0
0,0,0,0,0,0,0,10,0
0,2,0,0,4,0,0,6,0
2,2,0,0,2,0,0,4,4
2,2,0,0,0,0,0,4,6
2,2,0,0,8,0,4,6,4
6,0,2,0,18,0,2,2,4
2,0,0,0,10,0,4,4,0
2,0,0,0,4,2,4,0,0
2,0,0,0,6,0,2,4,2
2,2,2,0,12,0,6,4,2
8,0,0,0,0,0,2,5,2
6,2,0,0,0,2,6,4,4
2,0,0,0,4,0,0,0,4
4,0,0,0,4,0,0,2,4
2,0,0,0,6,0,0,2,4
4,2,0,2,2,0,0,4,2
6,6,6,4,2,0,2,6,2
6,0,0,0,2,0,2,8,2
6,0,0,0,6,0,8,6,0
4,0,0,0,2,0,8,4,0
0,0,0,0,11,0,0,4,0
10,2,0,0,9,0,0,4,2
0,2,0,0,9,0,0,2,2
2,0,0,0,2,0,6,2,0
4,4,0,0,4,0,2,4,2
4,2,4,0,4,0,2,2,2
4,2,2,0,2,0,0,6,2
4,0,0,2,0,0,0,6,2
2,2,0,4,2,0,2,6,2
2,0,2,0,2,0,6,8,0
8,0,0,0,2,0,0,6,0
2,0,0,0,2,0,2,4,0
0,0,0,0,0,0,0,4,0
2,0,0,0,2,0,0,6,2
0,0,0,0,0,0,4,2,0
0,0,0,0,0,0,0,2,0
2,0,0,0,2,0,0,5,4
0,6,0,0,2,0,0,3,2
2,4,8,0,2,0,0,6,2
0,6,8,2,2,0,0,4,2
2,0,0,0,0,0,2,6,0
0,0,0,0,2,0,0,6,0
2,4,4,2,2,2,0,8,2
6,0,2,2,2,0,2,8,2
2,0,0,0,2,0,4,8,0
2,0,0,0,1,0,0,6,0
0,0,0,0,2,0,0,12,2
2,0,0,0,2,0,0,8,2
0,0,0,0,0,0,0,2,2
0,0,0,0,0,0,0,6,2
0,0,0,0,0,0,0,2,2
0,0,0,0,0,0,0,6,0
0,0,0,0,2,0,0,2,0
0,0,0,0,2,0,0,0,0
2,0,0,0,2,0,0,2,0
4,0,0,0,0,0,0,2,2
4,0,0,0,4,0,2,9,2
0,0,0,0,2,0,0,8,0
6,4,0,0,2,0,0,9,4
10,6,0,0,2,0,8,4,4
4,0,0,0,6,0,2,8,0
0,0,0,0,4,0,0,6,0
0,0,0,0,6,0,2,10,0
0,0,0,0,2,0,0,6,0
8,0,0,0,13,0,2,10,0
4,0,0,0,8,0,2,4,2
6,6,0,0,0,0,0,10,4
2,2,0,0,2,0,0,10,2
0,0,0,0,4,2,2,10,0
0,0,0,0,2,0,0,10,0
4,0,0,0,4,2,2,6,0
2,0,0,0,4,0,0,6,0
0,2,0,0,4,0,0,4,0
2,0,0,0,2,2,0,4,4
2,2,0,0,7,0,4,4,6
6,4,2,2,2,0,4,6,4
4,2,0,0,4,0,0,6,2
8,2,0,0,6,0,0,4,4
8,2,8,0,8,0,2,6,2
10,10,2,0,2,0,2,8,2
4,0,0,2,6,0,6,2,2
4,0,0,0,4,0,4,4,0
2,2,0,0,2,2,0,4,0
0,0,0,0,0,0,0,4,0
0,0,0,0,6,0,8,4,0
0,0,0,0,8,0,0,4,0
8,2,2,0,8,0,0,9,4
6,2,0,0,4,0,0,8,4
0,0,0,0,2,0,0,10,0
4,4,0,0,2,0,4,10,2
0,0,0,0,6,0,0,8,0
2,0,0,0,2,0,2,6,0
2,2,0,0,6,2,0,8,0
4,0,0,0,6,0,0,12,0
4,2,0,0,4,0,2,4,4
0,0,0,0,2,0,0,4,0
8,8,10,2,6,0,0,4,8
10,2,6,0,8,0,0,12,10
0,0,0,0,3,0,6,10,0
2,0,0,0,0,0,5,8,0
6,8,0,0,4,0,2,6,0
4,0,0,0,4,0,0,4,2
4,0,0,0,2,0,6,4,0
0,0,0,0,0,0,9,4,0
8,2,0,0,2,0,2,6,2
4,4,4,0,0,0,2,2,0
4,0,0,0,3,6,0,2,0
4,2,0,0,5,0,4,4,0
4,2,0,0,0,0,0,6,2
2,0,0,0,2,0,2,6,0
6,0,0,0,0,0,0,7,0
2,0,0,0,2,0,0,5,0
0,0,0,0,2,3,0,6,0
0,0,0,0,2,0,0,4,0
12,2,2,2,2,0,4,8,6
2,2,2,4,6,0,4,6,6
6,2,0,0,4,0,0,6,0
12,2,0,2,6,0,2,6,6
2,0,0,0,2,0,2,2,2
8,0,0,2,2,0,4,6,4
0,0,0,0,4,0,2,4,0
0,0,0,0,2,0,2,4,0
2,0,0,0,2,2,0,14,0
8,0,0,0,2,0,0,6,2
4,2,6,2,2,0,0,4,0
8,0,0,2,2,0,0,3,6
2,0,0,0,4,0,0,6,2
0,0,0,0,4,0,0,9,0
0,0,0,0,0,0,6,8,0
0,0,0,0,0,0,10,2,0
4,0,0,0,0,0,0,4,2
6,2,4,2,6,0,4,4,2
0,0,0,0,0,0,0,4,0
2,0,0,0,4,0,8,6,2
6,2,0,0,2,0,2,6,2
0,4,2,0,2,2,4,8,2
0,0,0,0,2,0,0,6,0
0,2,0,2,0,6,2,6,0
2,0,0,0,2,0,0,9,2
2,0,0,0,2,0,0,4,0
2,4,0,0,8,0,4,4,2
0,0,0,0,4,0,3,2,0
4,4,0,0,8,0,4,0,2
2,0,0,0,8,0,4,0,0
0,0,0,0,6,0,0,0,4
0,0,0,0,2,0,0,0,0
0,0,0,0,0,0,0,0,0
0,0,0,0,2,0,0,0,0
8,2,2,2,4,0,6,4,0
2,2,0,2,4,0,4,6,2
0,0,0,0,2,0,0,2,0
6,0,0,0,2,0,0,2,0
2,0,0,0,4,0,0,2,0
2,0,0,0,2,0,0,4,0
0,2,0,0,2,0,0,4,0
0,0,0,0,0,0,0,4,0
4,4,0,0,4,0,2,6,0
4,0,0,2,4,0,0,6,2
2,0,0,2,6,0,0,4,2
0,2,0,0,2,0,3,4,0
4,0,0,2,12,0,0,4,4
4,4,0,0,16,0,0,4,2
2,0,0,0,4,0,4,6,2
2,0,0,0,2,0,4,6,0
2,2,0,2,2,0,0,2,0
4,2,0,0,4,0,0,2,2
2,0,0,0,4,0,2,16,4
0,0,0,0,2,0,0,4,0
8,4,4,0,2,2,0,10,6
2,0,0,0,2,0,0,4,0
2,0,0,0,10,0,0,4,4
6,2,4,0,6,0,0,10,2
2,0,0,0,0,0,2,8,0
0,2,2,2,4,0,0,4,0
2,4,0,0,2,0,0,6,0
0,2,0,0,2,0,0,4,0
4,6,0,0,6,0,0,6,4
0,0,0,0,4,2,0,6,0
2,2,0,0,0,0,0,6,0
0,0,0,0,4,0,4,4,0
2,2,0,0,4,0,0,2,0
2,0,0,0,4,0,4,6,2
2,6,0,0,6,0,2,4,2
0,0,0,0,0,0,0,2,0
14,4,0,0,8,0,10,6,4
6,0,0,4,4,0,2,6,2
8,4,2,0,8,0,2,10,6
4,0,2,2,4,0,2,6,6
6,0,6,0,6,0,0,4,10
4,0,0,0,4,0,0,4,2
2,2,4,0,4,0,0,6,0
6,2,0,0,0,0,0,6,0
0,4,0,0,2,0,0,4,0
0,0,0,0,4,0,0,4,0
2,0,0,0,0,0,0,4,0
6,0,0,0,0,0,4,2,2
0,0,2,0,0,0,0,8,2
6,0,0,0,2,0,2,4,2
2,2,0,0,2,2,2,6,2
4,0,0,0,0,0,0,6,0
0,0,0,0,0,0,0,2,0
0,0,0,0,6,0,0,4,2
2,0,0,0,4,0,0,6,2
2,2,0,0,2,0,4,4,2
0,0,0,0,4,0,4,4,2
14,2,2,6,8,0,2,6,4
14,0,0,4,10,0,4,7,4
4,0,0,0,2,0,0,4,2
2,2,0,0,2,0,0,2,2
0,2,6,0,14,0,4,6,2
4,4,2,2,12,0,0,6,8
2,2,0,4,7,0,4,8,4
0,2,0,0,8,0,4,8,0
0,0,0,0,0,0,0,6,0
0,0,0,0,0,0,0,6,0
8,0,0,0,0,0,0,4,4
8,2,4,0,0,2,0,6,8
2,4,0,0,4,0,2,8,2
6,0,0,0,8,0,0,10,2
4,0,4,0,6,0,2,7,0
6,0,0,0,4,0,0,6,2
8,0,2,0,2,0,2,6,2
6,2,2,0,0,0,0,6,4
2,0,0,0,0,0,0,6,0
0,0,0,0,0,0,0,4,0
4,2,0,0,2,0,0,8,0
2,2,0,0,0,0,0,4,0
4,2,4,0,8,0,0,2,0
4,0,0,0,0,0,0,4,0
0,0,0,0,2,0,0,8,0
0,0,0,0,0,0,0,8,0
8,4,2,0,2,0,2,6,4
2,8,4,0,2,0,2,6,2
2,0,0,0,4,2,6,6,0
2,2,0,0,4,2,2,4,0
0,0,0,0,0,2,2,6,0
4,2,2,0,0,4,0,6,0
2,0,2,0,2,0,0,4,2
0,0,0,0,6,0,0,6,0
4,2,2,2,0,0,0,2,6
4,0,0,0,2,0,0,4,2
0,0,0,0,2,0,0,0,0
0,0,0,0,2,0,0,0,0
0,0,0,0,6,0,0,6,0
0,0,0,0,4,0,0,6,0
2,0,0,2,2,0,2,6,2
0,0,0,0,0,0,0,4,0
2,0,0,0,2,0,4,4,0
2,0,0,0,2,0,0,7,0
0,0,0,0,2,0,0,10,0
0,0,0,0,0,0,0,4,0
0,0,0,0,4,0,0,2,0
0,0,0,0,0,0,0,4,0
6,0,2,0,0,0,0,6,0
4,0,0,0,2,0,0,4,2
0,0,0,0,4,0,0,4,0
0,0,0,0,4,0,0,3,0
4,0,0,0,3,0,4,4,2
6,0,0,0,5,0,4,4,0
8,0,4,0,2,0,0,2,2
4,0,0,2,2,0,0,0,0
2,0,0,0,2,2,0,8,0
6,0,0,0,4,0,2,12,0
4,0,0,0,9,0,0,4,4
2,4,0,0,13,0,0,4,4
4,2,2,0,4,0,0,4,2
6,2,4,0,4,0,0,6,0
0,0,2,0,4,0,3,8,0
0,0,0,0,2,0,2,2,2
8,2,0,0,2,0,5,14,2
4,8,0,0,2,0,2,6,0
0,0,0,0,7,0,0,2,0
0,0,0,0,0,0,0,2,0
4,0,0,0,4,0,0,0,0
0,0,0,0,6,0,0,2,0
8,2,0,0,2,2,4,8,4
0,0,0,0,4,0,0,6,0
0,0,0,0,2,0,0,4,0
4,0,0,0,4,0,0,4,2
3,0,0,0,4,0,0,4,0
2,2,0,0,2,0,0,4,0
0,6,0,2,0,0,0,8,2
4,6,2,0,4,0,0,6,2
0,0,0,0,4,0,2,2,0
0,0,0,0,0,0,2,6,0
4,0,0,0,4,0,0,4,0
0,2,0,0,0,0,0,4,0
8,6,0,0,4,0,0,6,2
6,4,2,0,2,0,0,8,2
0,0,0,0,4,0,0,4,0
0,0,0,0,0,0,0,6,0
0,0,0,0,4,0,10,8,0
0,0,0,0,2,0,2,8,0
0,0,0,0,4,0,8,8,0
0,0,0,0,2,0,2,10,0
6,0,0,0,2,0,0,12,6
6,0,0,0,10,0,0,8,4
6,2,2,0,4,0,0,10,0
6,6,0,0,6,0,0,8,0
6,4,2,0,6,0,0,7,0
4,0,0,0,8,0,0,8,0
6,4,10,2,2,0,2,4,6
4,0,4,2,0,0,8,2,4
0,0,0,0,2,0,6,2,0
0,0,0,0,0,0,2,2,0
2,0,0,0,4,0,0,6,0
0,0,0,0,4,0,2,4,0
0,0,0,0,4,0,0,8,0
0,0,0,0,4,4,0,8,0
0,0,0,0,2,0,2,10,0
0,0,0,0,2,0,2,2,0
0,0,0,0,0,0,0,2,0
0,0,0,0,2,0,0,4,0
0,0,0,0,0,0,0,2,0
4,2,0,0,6,0,0,4,2
0,0,0,0,2,0,0,2,0
0,0,0,0,2,0,2,6,0
0,0,0,0,2,0,0,2,0
0,0,0,0,2,0,0,6,0
0,0,0,0,14,0,2,14,0
4,0,0,0,10,0,4,6,4
4,0,0,0,8,0,4,10,0
4,2,0,0,4,0,4,8,2
0,0,0,0,2,0,0,4,0
8,0,0,0,4,0,0,8,2
0,0,0,0,2,0,0,2,0
4,0,0,0,10,0,2,2,0
6,0,0,0,4,0,2,4,0
0,0,0,0,2,0,0,6,0
0,0,0,0,0,0,0,4,0
2,0,0,0,4,0,0,2,0
2,2,0,0,2,0,4,4,0
2,0,0,0,2,0,0,4,0
0,0,0,0,4,0,0,0,0
0,0,0,0,2,0,0,2,0
0,0,0,0,0,0,0,4,0
0,0,0,0,0,0,2,2,0
0,4,2,2,4,0,0,4,0
4,2,0,0,4,0,0,4,2
2,2,2,0,4,0,4,4,2
2,4,0,0,4,0,0,4,0
6,0,4,0,5,0,2,0,0
4,2,0,0,2,6,3,4,0
2,0,0,0,8,0,0,4,0
4,0,0,0,8,0,0,5,0
0,0,0,0,7,0,0,8,0
0,2,0,0,6,0,0,4,0
8,2,4,0,2,0,0,6,2
4,0,0,0,6,0,2,4,2
0,0,0,0,2,2,2,2,0
2,0,0,0,4,0,0,4,0
0,0,0,0,2,0,0,0,0
0,0,0,0,4,0,0,4,0
0,0,0,0,0,0,2,6,0
0,0,0,0,0,0,0,2,0
2,0,0,0,2,0,0,0,0
2,0,0,0,2,0,2,4,0
0,0,0,0,6,0,0,4,0
0,0,0,0,2,0,0,4,0
8,0,0,0,8,0,4,4,2
4,0,0,0,2,0,2,4,2
4,2,0,2,6,0,0,0,0
2,0,0,0,4,0,0,2,0
6,2,0,0,10,0,0,8,4
4,2,0,2,8,0,0,10,2
6,0,4,0,4,0,0,8,2
8,6,0,0,6,0,0,6,4
10,2,0,0,4,0,4,6,8
0,0,0,0,2,0,0,8,2
0,0,0,0,0,0,0,4,0
0,0,0,0,0,0,0,2,0
0,0,0,0,0,0,2,6,0
10,0,0,0,4,0,0,4,0
2,4,0,0,0,0,6,6,0
6,0,0,0,4,0,0,6,6
10,2,0,0,2,0,0,6,4
8,2,0,0,4,0,2,6,8
0,0,0,0,0,0,0,6,0
0,0,0,0,2,0,0,6,0
6,2,0,0,0,0,0,8,2
0,2,0,0,2,0,0,4,2
2,2,0,0,4,0,0,8,2
2,0,0,0,8,0,0,6,4
0,2,0,0,0,0,0,2,0
10,4,0,0,8,0,0,12,2
6,2,2,0,5,0,0,2,8
4,0,2,0,6,0,0,4,4
8,2,0,0,1,0,0,4,6
2,0,0,0,2,0,0,6,2
2,2,0,0,4,0,0,4,2
2,4,0,0,4,0,0,6,2
2,2,0,0,4,0,2,4,0
2,0,0,0,4,0,0,4,0
4,2,0,0,4,0,0,0,6
2,6,4,0,2,0,0,2,4
0,0,0,0,2,0,0,4,0
0,0,0,0,8,0,0,4,0
6,2,2,0,6,2,0,4,4
2,4,0,0,4,0,0,4,0
6,0,0,0,6,0,0,4,0
2,0,0,0,4,0,0,4,0
0,0,4,0,4,0,0,4,0
4,4,0,0,0,0,0,6,4
0,0,0,0,0,0,0,2,0
0,0,0,0,2,0,0,2,0
0,0,0,0,3,0,0,2,0
0,0,0,0,2,0,0,5,0
0,0,0,0,4,0,0,3,0
0,0,0,0,4,0,2,4,0
0,0,0,0,4,0,0,2,0
0,0,0,0,4,0,0,2,0
0,0,0,0,0,0,2,4,0
4,0,0,0,4,0,0,6,2
0,0,0,0,6,0,0,8,2
0,0,0,0,4,0,0,2,0
4,2,0,0,4,0,0,6,0
4,4,0,0,2,0,0,6,0
2,2,0,0,8,0,2,6,0
2,2,0,0,2,0,0,6,0
0,0,0,0,4,0,2,2,0
2,0,0,2,4,0,0,6,0
2,0,0,0,3,0,2,2,0
0,0,0,0,4,0,3,2,0
0,0,0,0,4,0,2,4,0
0,0,0,0,4,0,8,4,0
12,2,0,0,4,0,0,14,4
10,2,6,0,4,0,0,8,6
2,2,0,0,2,0,2,7,2
6,2,0,0,2,0,2,4,4
0,8,0,2,16,0,4,6,0
0,6,0,0,4,0,2,6,0
6,6,2,2,10,0,2,4,0
2,0,0,0,4,0,0,6,0
2,0,0,0,4,0,6,6,2
4,0,2,0,5,0,4,4,2
8,2,0,0,10,0,0,4,2
10,6,12,0,12,0,0,4,2
4,2,0,0,16,0,0,4,2
2,2,0,0,10,0,0,8,6
4,0,0,0,10,2,4,6,0
6,0,0,0,8,0,0,4,0
0,0,0,0,2,4,4,4,0
6,0,0,0,2,0,12,6,0
8,6,6,4,4,0,0,4,2
8,4,0,0,5,0,0,6,0
2,0,0,0,6,0,2,2,0
0,0,0,0,6,0,0,2,0
4,2,0,0,6,0,0,10,2
2,0,0,0,4,0,0,8,2
0,0,0,0,2,0,2,2,0
0,2,0,0,2,0,0,0,0
2,0,4,0,0,0,2,2,0
8,2,0,0,2,0,0,2,0
2,0,0,0,2,0,0,6,0
0,2,0,0,4,0,0,2,0
4,0,0,0,2,0,0,4,0
0,0,0,0,4,0,0,4,0
2,0,0,0,0,0,0,4,0
2,0,0,0,2,0,0,6,0
0,0,0,0,4,0,0,4,0
0,0,0,0,10,0,0,6,0
0,2,0,0,6,0,6,6,0
2,0,0,0,3,0,8,2,0
0,0,0,0,2,0,0,0,0
0,0,0,0,5,2,0,4,0
10,2,0,0,4,0,0,4,4
14,0,0,0,6,0,2,4,2
6,2,2,0,2,0,0,8,2
8,4,0,0,4,0,0,8,6
2,0,0,0,6,0,2,4,2
2,0,6,0,6,1,4,4,4
0,0,0,0,10,6,0,10,0
0,0,0,0,14,2,0,6,0
2,0,0,0,10,0,9,4,0
2,0,0,0,2,0,7,4,0
0,2,0,0,8,6,6,4,2
0,0,0,0,2,4,4,4,2
4,4,2,2,4,0,6,6,5
4,0,0,0,4,0,2,8,2
4,0,0,0,6,0,0,4,0
4,0,0,0,8,0,0,6,0
2,0,0,0,7,0,0,4,2
0,0,0,0,6,0,0,2,2
8,0,0,0,8,0,0,2,4
10,0,0,0,10,0,0,2,4
2,0,0,0,2,0,0,4,4
0,0,0,0,6,0,2,8,0
4,0,0,0,4,0,0,4,0
8,2,6,0,4,0,4,4,2
8,4,0,0,5,0,0,2,0
6,3,0,0,0,0,0,4,0
0,0,0,0,2,0,0,4,0
0,0,0,0,2,0,0,6,0
0,0,0,0,0,0,0,6,0
0,0,0,0,0,0,2,4,0
4,2,0,0,4,0,0,4,2
0,0,0,0,4,0,0,8,0
0,0,0,0,2,0,0,6,0
6,0,2,0,4,0,2,4,2
0,0,0,0,2,0,0,2,0
0,0,0,0,0,0,0,0,0
2,0,0,0,6,0,0,6,0
4,2,2,0,8,0,4,8,2
2,0,0,0,8,0,2,6,0
0,0,0,0,4,0,0,4,0
5,0,0,0,4,0,0,8,0
0,0,0,0,0,0,0,2,0
8,0,0,0,8,0,0,8,0
8,2,0,0,2,0,2,2,0
4,2,0,0,2,0,0,8,4
4,0,0,2,6,0,0,6,4
2,0,0,0,4,0,4,7,2
0,0,0,0,2,0,0,4,0
2,0,0,0,6,0,2,4,0
2,0,0,0,2,0,2,4,2
14,2,2,2,0,0,0,2,4
6,2,0,0,0,0,0,2,0
0,2,0,0,0,0,2,4,0
2,0,0,0,2,0,0,4,0
4,0,2,0,4,0,1,4,0
2,0,4,0,8,0,0,5,0
6,4,0,0,10,0,3,4,2
0,2,0,0,2,0,3,4,2
6,0,0,0,4,0,0,8,2
2,2,0,0,8,0,2,7,2
6,2,0,0,0,0,0,8,2
2,2,0,0,4,0,0,4,0
2,0,0,0,4,0,0,2,0
0,0,0,0,6,0,0,4,0
0,0,0,0,6,0,0,4,0
0,0,0,0,2,0,0,4,0
6,0,2,0,6,0,0,6,0
2,4,0,0,2,0,0,6,2
4,2,0,0,2,0,0,6,0
6,2,2,0,10,0,0,6,2
2,0,0,0,2,0,2,5,0
4,4,4,0,2,0,5,8,0
4,0,0,0,8,0,0,6,0
0,2,4,0,6,0,0,6,2
0,0,0,0,6,0,2,4,0
0,0,6,0,4,0,0,4,0
0,4,6,4,4,0,4,6,0
2,0,2,0,2,0,6,6,0
0,0,0,0,4,0,0,8,2
0,0,0,0,4,0,0,6,2
16,2,6,0,4,0,5,12,4
16,8,6,2,2,0,11,6,6
0,0,0,0,10,0,0,13,0
0,0,0,0,16,0,0,12,0
2,4,0,2,6,0,0,4,0
4,6,0,0,4,0,0,6,2
6,2,0,0,4,0,2,12,2
8,0,0,0,4,0,2,4,4
0,0,0,0,4,0,2,4,0
0,0,0,0,2,0,2,8,0
4,0,0,0,0,0,6,6,2
8,0,0,2,4,0,4,8,0
0,0,0,0,6,2,0,3,0
2,0,0,0,5,0,0,2,0
4,2,0,0,2,0,2,2,0
4,2,2,0,2,0,0,4,4
0,2,2,0,2,0,2,2,0
4,4,0,0,0,0,0,0,4
10,4,6,2,6,0,4,6,4
8,6,0,2,2,0,2,8,0
0,0,0,0,6,0,0,4,0
0,0,0,0,4,0,4,4,0
2,2,0,2,2,0,0,4,0
0,0,0,0,2,0,0,4,0
6,6,6,0,2,0,0,6,4
2,4,2,0,2,0,2,6,0
4,0,0,0,4,0,4,8,2
2,0,0,0,6,0,2,12,2
2,0,0,0,2,0,0,10,0
4,0,0,0,6,0,0,6,2
2,0,0,0,2,0,4,4,0
2,0,0,0,0,0,2,4,0
6,2,0,0,4,0,6,6,4
4,2,0,4,8,0,2,4,2
8,0,0,2,4,0,2,6,4
14,6,0,0,6,2,0,2,0
4,0,0,0,6,0,4,7,0
2,0,0,0,6,0,2,4,0
0,0,0,0,2,0,0,0,0
0,0,0,0,2,0,0,2,0
2,4,6,0,4,0,2,2,2
4,0,0,0,2,0,0,2,0
0,0,0,0,11,0,4,4,2
2,0,0,0,7,0,6,2,0
4,4,2,0,4,0,0,6,4
2,2,0,0,4,0,0,4,0
0,0,0,0,6,0,6,2,0
0,0,0,0,2,0,2,2,0
2,4,0,0,4,0,4,5,0
4,0,0,0,4,0,2,5,2
0,0,0,0,6,0,4,6,0
0,2,0,0,4,0,2,4,0
0,0,0,0,2,2,2,6,0
4,0,0,0,4,2,2,4,0
2,2,0,0,4,0,2,6,2
2,6,0,2,4,0,2,4,2
4,0,0,0,8,4,0,6,0
4,0,0,2,2,4,0,4,0
10,2,8,2,2,0,2,6,4
6,2,4,0,2,0,0,8,4
4,0,0,0,4,2,2,6,0
2,0,0,0,2,2,2,6,0
0,0,0,0,8,0,0,8,0
2,0,0,0,6,0,0,6,2
0,0,0,0,6,0,4,6,0
0,0,0,0,6,0,8,4,0
4,2,0,0,6,0,0,8,2
2,0,0,0,8,0,0,6,0
4,4,4,0,4,0,0,8,2
6,6,0,0,4,0,0,6,4
4,2,2,0,4,0,0,4,2
0,4,4,0,4,0,2,4,0
2,0,0,0,4,0,6,8,0
0,0,0,0,2,0,0,4,0
0,0,0,0,4,0,2,0,2
0,0,0,0,2,0,2,2,0
4,0,0,0,8,0,0,4,0
2,0,0,0,4,0,0,2,0
0,0,0,0,2,0,2,4,0
2,0,0,0,4,0,0,2,0
2,0,2,0,8,0,2,4,4
6,0,2,0,8,0,2,4,4
10,6,2,0,6,2,0,4,4
8,2,0,2,4,2,0,8,6
4,0,0,0,5,0,0,8,2
4,0,0,0,7,0,0,4,2
0,2,0,0,6,0,0,6,2
0,0,0,0,2,0,0,6,0
0,2,0,0,0,0,0,4,0
8,2,0,0,8,0,4,6,4
4,6,4,2,0,0,2,4,4
2,4,0,0,0,0,2,6,2
0,0,0,0,0,0,2,6,2
6,2,0,0,0,4,10,4,2
6,0,0,0,0,0,0,6,0
4,0,0,0,0,0,0,4,0
6,4,0,2,6,0,2,6,2
6,4,0,0,6,0,0,4,2
2,4,0,0,2,0,0,8,0
0,2,0,0,6,0,6,6,0
8,2,0,0,2,0,4,8,2
8,4,0,0,2,0,2,4,2
4,4,6,0,2,0,2,2,4
10,4,0,0,2,0,4,4,6
2,0,0,0,2,0,2,2,0
0,0,0,0,4,0,4,2,0
10,0,8,0,2,0,0,4,2
6,4,6,0,2,0,0,2,2
0,0,0,0,2,0,2,4,0
0,0,0,0,5,0,4,2,0
0,0,0,0,6,0,0,4,0
2,0,0,0,4,0,0,4,0
2,0,0,0,4,0,0,4,2
0,0,0,0,2,0,0,4,0
12,6,8,0,0,6,4,2,0
10,2,4,2,2,3,0,2,0
0,0,0,0,2,0,0,0,0
0,0,0,0,2,0,0,2,0
2,0,0,0,6,0,4,6,0
8,4,0,2,4,0,2,2,0
6,0,0,0,10,0,0,2,0
4,0,0,0,2,0,0,2,0
0,0,0,0,2,0,2,2,0
0,0,0,0,0,0,0,2,0
2,2,0,2,4,0,0,2,0
0,0,0,0,2,0,0,2,0
0,0,0,0,4,0,0,4,0
0,0,0,0,4,0,0,4,0
6,6,2,0,6,0,0,7,6
4,2,0,0,2,0,0,8,2
2,0,0,0,2,0,0,6,2
2,0,0,0,4,0,0,2,2
6,2,2,0,8,0,0,4,2
2,0,0,2,0,0,0,2,0
0,0,0,0,2,0,0,8,0
0,0,0,0,4,0,0,2,0
2,0,0,0,2,0,2,4,0
0,0,0,0,4,0,0,6,0
0,0,0,0,4,0,10,2,0
0,0,0,0,6,0,10,4,0
8,2,0,2,4,0,0,4,0
2,0,0,0,4,0,2,4,0
0,0,0,0,4,0,0,4,0
6,4,0,0,10,0,0,2,2
0,0,0,0,4,0,2,2,0
0,0,0,0,0,0,2,2,0
0,0,0,0,2,0,2,2,0
0,0,0,0,2,2,8,0,0
0,0,0,0,3,0,0,0,0
0,0,0,0,2,0,0,0,0
0,0,0,0,4,0,0,6,2
0,0,0,0,4,0,0,6,0
0,0,0,0,2,0,0,4,2
0,2,0,0,4,0,0,4,0
8,0,0,2,6,0,0,2,2
4,0,4,0,2,0,0,2,0
0,0,0,0,8,0,0,2,2
0,0,0,0,4,0,0,4,0
8,6,0,0,5,2,8,8,2
6,2,0,0,4,6,5,4,6
2,0,0,0,6,0,0,2,0
2,0,0,0,4,0,0,2,0
2,0,0,0,8,0,6,4,0
0,0,0,0,6,0,4,4,0
2,0,0,0,4,0,0,7,0
0,2,0,0,2,0,0,7,2
2,0,0,0,4,0,0,4,2
4,4,0,0,0,0,0,4,0
4,2,0,0,4,0,2,0,6
8,2,0,0,6,0,1,2,6
0,0,0,0,0,0,0,0,0
0,0,0,0,0,0,0,2,0
4,2,0,0,8,4,0,6,2
2,6,2,0,2,0,2,8,2
4,2,0,0,2,0,2,2,6
6,4,0,0,8,0,0,6,0
4,0,0,0,5,0,0,0,0
4,0,0,0,9,0,0,0,0
0,0,0,0,2,0,0,4,0
0,0,0,0,2,0,0,2,0
8,4,0,0,2,0,0,4,0
4,0,0,0,4,0,0,6,0
4,0,0,0,2,0,4,4,0
4,0,0,0,0,0,0,6,0
0,0,0,0,2,0,2,2,0
0,0,0,0,3,0,2,4,0
0,0,0,0,6,0,4,8,0
0,0,0,0,4,0,4,6,0
0,0,0,0,11,0,0,6,0
2,0,0,0,5,0,0,2,0
12,4,2,0,18,0,6,8,2
2,4,0,0,8,0,0,8,2
0,0,0,0,4,0,0,10,0
8,0,0,0,6,0,6,8,0
0,0,0,2,0,0,12,6,0
4,0,0,0,8,0,16,4,0
6,4,0,0,2,0,2,8,2
4,6,2,0,3,0,0,4,2
6,2,4,0,2,2,2,6,2
0,0,0,0,0,0,0,8,0
0,0,0,0,2,0,2,0,0
0,0,0,0,2,0,2,4,0
4,0,0,0,2,0,0,2,2
2,0,0,0,0,0,0,4,0
0,0,0,0,2,0,0,0,0
2,2,0,0,0,0,0,2,0
8,0,0,0,6,0,0,10,0
18,0,0,0,10,0,0,8,0
0,0,0,0,4,0,3,2,0
0,0,0,0,0,0,1,2,0
2,0,0,0,6,0,0,6,2
4,0,0,0,8,0,4,4,0
2,0,0,0,6,0,0,6,2
8,0,8,0,4,0,2,6,2
4,2,0,2,4,0,0,4,2
4,0,0,0,2,0,0,8,4
4,2,0,2,4,0,4,4,2
6,2,0,0,4,0,0,6,4
2,0,0,0,4,0,10,4,2
0,0,0,0,4,0,8,6,2
4,0,0,0,2,0,0,4,0
4,0,4,0,6,0,0,2,2
6,0,0,0,8,0,2,8,4
0,0,0,0,2,0,0,4,0
2,2,2,0,6,0,2,2,0
2,2,0,0,6,0,0,0,0
0,0,0,0,6,0,0,8,2
0,0,0,0,2,0,0,6,2
0,0,0,0,0,0,0,6,0
4,0,2,2,2,0,0,4,0
0,0,0,0,6,0,0,4,0
0,0,2,2,4,0,0,4,2
2,0,0,0,8,0,2,4,2
2,0,2,0,6,0,0,10,0
2,0,0,0,4,0,4,4,2
4,0,0,0,6,0,0,6,0
8,2,0,0,0,2,0,10,4
6,4,0,0,2,0,0,10,6
4,0,6,0,4,0,8,6,0
4,0,0,0,2,0,2,4,0
10,8,4,0,2,0,0,9,6
2,4,2,0,0,0,2,2,2
2,0,0,0,0,0,2,4,0
0,4,0,0,0,0,0,0,2
10,2,2,0,4,0,0,8,4
4,2,0,0,4,0,2,8,2
4,0,2,0,8,0,2,4,2
0,0,0,0,2,0,0,4,0
0,0,0,0,4,0,6,6,4
0,0,0,0,2,0,4,6,0
0,0,0,0,14,0,6,6,0
0,0,0,0,2,0,0,8,0
2,6,4,0,2,0,0,8,12
8,0,4,0,0,0,0,6,8
6,0,0,0,6,0,2,6,2
0,0,0,0,3,0,0,10,0
4,0,0,0,2,0,0,2,0
0,2,0,0,2,0,2,2,0
8,2,6,0,2,0,0,10,6
6,2,2,0,2,0,2,10,6
6,0,0,0,2,2,2,6,0
6,0,0,0,2,2,2,4,0
6,2,2,0,2,0,0,18,2
0,4,2,0,2,0,0,6,0
0,0,0,0,2,0,0,6,0
4,2,0,0,4,0,0,2,0
2,0,0,0,4,0,3,8,0
0,0,0,0,4,0,6,6,4
2,2,2,0,4,0,0,6,0
4,0,2,0,8,0,0,8,0
0,0,0,0,2,0,4,4,0
0,0,0,0,4,0,6,4,0
0,0,0,0,8,0,0,2,0
0,2,0,0,2,0,6,4,0
6,4,4,0,6,0,0,2,2
4,0,4,0,2,0,0,4,2
6,0,2,0,0,0,6,4,2
8,8,6,0,0,2,4,6,0
2,0,0,0,0,0,2,4,0
2,0,0,0,2,0,4,2,0
4,4,2,0,0,2,0,12,6
4,2,2,2,0,0,0,6,6
8,6,2,0,2,0,2,7,6
12,4,0,0,4,0,2,8,8
0,0,0,0,0,0,2,6,0
0,2,0,0,13,0,2,6,0
4,0,0,0,2,0,4,10,0
0,0,0,0,8,4,8,8,0
4,0,0,0,4,0,2,8,0
2,2,0,0,8,0,6,8,0
2,0,2,0,6,0,0,4,0
0,0,0,0,2,0,0,0,0
2,0,0,0,8,2,0,4,0
0,0,0,0,4,0,0,4,0
4,0,0,0,2,2,2,4,6
2,0,0,0,2,0,2,4,0
4,6,6,0,2,0,0,2,0
0,2,0,0,4,0,0,2,0
4,0,0,0,3,0,0,8,2
4,2,0,0,6,0,0,6,2
2,2,0,0,2,0,2,4,2
0,0,0,0,2,0,6,5,4
0,0,0,0,4,0,0,2,2
0,0,0,0,4,0,0,4,2
0,0,0,0,6,0,0,0,0
0,0,0,0,2,0,0,4,0
6,0,0,0,6,0,2,2,2
2,0,2,0,8,0,0,2,0
2,0,0,2,6,0,0,0,0
2,2,0,0,8,0,0,0,0
0,0,0,0,4,0,0,2,2
4,2,0,0,4,2,0,6,4
4,0,0,2,4,0,0,2,0
8,2,0,2,4,0,2,4,0
2,0,0,0,0,0,0,4,0
4,0,0,0,0,0,0,2,0
2,0,0,0,2,0,0,2,0
0,0,0,0,4,2,0,2,0
0,0,0,0,0,0,0,2,0
0,0,0,0,2,0,0,4,0
4,0,0,0,6,0,0,6,4
4,0,0,0,6,0,0,8,2
0,0,0,0,2,0,0,4,0
0,2,0,0,2,0,0,4,0
2,0,0,0,0,0,0,2,0
0,0,0,0,4,0,0,2,0
4,0,0,0,4,0,2,4,0
2,0,2,2,4,0,2,0,0
0,0,0,0,6,0,0,4,0
0,0,0,0,8,0,2,4,0
0,0,0,0,2,0,0,2,0
4,0,0,0,6,0,0,2,0
0,0,0,0,4,0,2,6,2
0,0,0,0,4,0,0,6,0
2,2,2,0,2,0,0,4,4
4,4,4,0,4,0,0,6,4
0,2,0,0,6,0,0,6,2
0,0,0,0,5,0,0,6,0
2,2,4,0,4,0,0,5,2
4,0,2,2,4,4,0,6,2
2,2,0,0,2,2,2,8,0
0,2,0,0,0,2,0,8,0
2,0,0,0,0,0,0,6,0
4,2,0,0,4,0,0,6,0
2,4,0,0,4,0,2,6,0
2,2,0,0,0,0,2,4,0
4,0,0,0,4,2,0,4,0
0,0,0,0,0,0,2,2,0
0,2,0,0,10,0,2,2,0
0,0,0,0,4,0,0,4,0
12,0,2,2,4,0,0,5,4
24,6,0,2,4,0,0,2,6
6,8,2,0,16,0,4,8,4
10,4,2,0,5,0,2,8,2
8,0,0,0,14,0,0,12,0
4,0,0,0,6,0,0,4,2
0,0,0,0,10,0,2,4,0
2,0,0,0,2,0,0,6,0
2,0,0,0,0,0,2,20,0
7,0,0,0,0,0,8,18,0
4,0,0,0,8,0,0,4,2
4,0,0,0,8,0,0,6,2
4,2,6,0,6,0,4,4,4
2,0,0,0,4,0,2,6,4
0,0,0,0,6,0,0,6,2
2,2,0,0,2,0,0,6,2
10,4,0,2,4,0,0,6,0
4,4,0,2,6,0,0,2,0
8,0,0,0,0,0,0,10,0
6,4,4,0,8,0,0,8,2
2,0,0,0,2,0,0,8,0
0,2,0,0,6,0,0,6,0
6,6,0,0,4,0,0,8,0
6,2,0,0,15,2,0,8,6
6,0,2,0,6,0,4,8,6
8,2,4,2,4,0,2,8,6
2,0,0,0,2,0,0,6,0
0,0,0,0,4,0,0,0,0
0,0,0,0,2,0,0,4,0
2,0,0,0,2,0,0,2,0
0,0,0,0,6,0,2,2,2
0,0,0,0,2,0,4,2,0
6,0,0,0,6,0,4,2,4
2,0,0,0,4,0,2,4,2
0,0,0,0,6,0,2,4,0
0,0,0,0,2,0,2,4,0
4,0,0,0,8,0,0,4,0
0,2,0,0,6,0,0,12,0
2,0,0,2,4,0,0,2,0
4,6,6,2,6,0,0,8,2
10,0,2,2,4,0,0,4,0
10,4,2,0,2,0,0,0,0
10,2,0,0,16,0,0,4,2
6,0,0,0,6,2,0,8,6
2,0,0,0,0,0,2,2,0
2,0,2,0,0,0,0,2,0
0,0,0,0,6,0,4,10,0
0,0,0,0,4,0,2,6,0
8,2,2,0,2,0,0,6,4
12,2,2,2,2,0,2,2,4
2,4,0,2,2,0,2,6,4
2,2,4,0,0,0,2,6,2
2,0,0,0,4,4,0,8,0
6,0,0,0,2,4,0,6,0
4,0,0,0,2,0,4,4,0
2,0,0,0,4,0,2,4,0
10,0,0,0,10,0,0,2,0
0,0,0,0,4,0,2,4,0
16,4,0,0,10,0,4,8,2
12,4,8,0,6,0,0,2,0
0,0,0,0,2,0,6,10,0
0,0,0,0,2,0,6,4,0
0,0,0,0,8,0,4,14,0
0,0,0,0,6,0,10,4,0
0,0,0,0,8,0,0,10,0
0,0,0,0,10,0,8,2,0
6,4,0,0,6,4,4,8,2
0,2,0,0,0,0,0,4,0
4,0,0,0,0,0,0,4,2
4,0,0,0,2,0,0,6,2
4,0,0,0,8,0,0,4,0
4,2,2,0,2,0,0,6,0
2,2,4,0,2,0,2,6,2
10,4,6,0,8,0,0,10,2
2,2,2,2,8,0,6,6,0
4,0,2,0,6,0,6,4,2
0,0,0,0,11,0,0,10,2
2,0,0,0,8,0,0,4,1
10,4,2,0,0,0,0,6,0
6,2,0,0,10,0,0,6,0
8,2,0,0,6,0,0,18,0
2,4,4,4,8,0,0,15,0
2,0,0,0,6,0,0,6,2
4,2,2,0,0,0,2,2,0
0,0,0,0,2,0,0,0,0
6,2,0,0,0,0,2,4,0
2,2,0,0,4,0,0,6,0
0,0,0,0,4,0,2,4,0
0,0,0,0,4,0,0,2,0
0,4,0,0,0,0,0,2,0
8,0,2,0,4,0,2,6,0
12,6,4,0,4,0,2,8,0
8,6,4,0,6,0,0,8,2
6,8,0,0,6,0,0,12,2
4,0,0,0,4,0,0,4,0
4,0,0,0,6,0,0,2,0
0,2,0,0,4,0,0,2,0
2,0,0,0,2,0,0,2,0
0,4,2,2,4,0,0,4,0
2,0,0,0,0,0,0,4,0
0,0,0,0,2,0,0,0,0
0,0,0,0,2,0,0,0,0
10,0,6,0,4,0,0,5,4
2,0,0,0,0,0,0,8,0
2,0,0,0,6,0,0,6,0
0,0,0,0,0,0,0,8,0
6,0,0,0,6,0,2,6,2
10,0,0,0,6,0,0,4,4
0,0,0,0,2,0,0,0,0
2,0,0,2,4,0,0,4,0
0,0,0,0,0,0,0,0,0
2,0,0,0,2,0,0,2,2
0,0,0,2,4,0,0,6,0
0,0,0,0,2,0,0,4,2
0,0,0,0,0,0,0,8,0
2,0,0,0,4,0,0,4,0
15,2,4,0,8,0,0,8,4
18,8,0,0,12,0,0,10,2
0,0,0,0,2,0,0,2,0
2,0,0,0,4,0,0,2,0
10,8,6,4,0,0,2,6,2
8,2,4,0,2,0,4,4,4
0,0,0,0,2,0,8,4,0
0,0,0,0,2,0,14,12,0
0,0,0,0,6,0,2,6,0
0,0,0,0,4,0,2,6,0
0,0,2,0,4,0,2,4,2
0,0,0,0,2,0,0,4,0
0,0,0,0,0,0,6,6,0
0,0,0,0,0,0,0,8,0
0,0,0,0,0,0,0,4,0
0,0,0,0,0,0,4,2,0
2,0,0,0,3,0,0,8,0
4,4,8,0,19,0,2,12,0
4,2,0,0,6,0,2,8,2
0,0,0,0,4,0,2,4,0
2,0,0,0,2,0,0,4,6
2,0,0,0,4,0,0,4,2
2,0,2,0,2,0,0,4,0
2,0,4,0,4,0,0,6,2
2,0,0,0,2,0,0,2,2
2,4,0,0,4,0,0,4,2
4,0,0,0,5,0,0,2,0
4,0,0,0,2,0,0,2,0
0,0,0,0,2,0,2,2,0
0,0,0,0,2,0,0,0,0
4,0,6,0,2,0,0,6,4
6,2,2,0,4,0,2,4,0
0,0,0,0,2,0,6,4,0
0,2,0,0,4,0,2,2,0
4,0,0,0,2,0,2,4,4
4,0,0,0,4,0,0,4,4
2,0,0,0,0,0,0,6,0
4,2,0,0,3,0,0,4,0
4,2,0,2,0,0,4,8,0
0,0,0,0,4,0,2,4,0
2,4,2,0,2,2,6,2,0
2,2,0,0,2,0,14,0,4
6,2,0,0,2,2,4,2,2
6,0,0,0,2,0,0,4,0
0,0,0,0,4,0,2,2,0
0,0,0,0,4,0,2,2,0
0,0,0,0,6,0,4,2,0
0,0,0,0,2,0,4,4,0
0,0,0,0,8,0,8,6,0
0,0,0,0,2,4,15,4,0
8,0,0,0,2,0,6,4,0
2,0,0,0,2,0,0,6,0
6,2,4,0,4,0,0,4,0
4,6,14,2,8,2,0,6,4
0,0,0,0,2,0,0,2,4
0,0,0,0,2,0,0,6,2
0,0,0,0,5,0,2,0,0
0,0,0,0,4,0,0,4,0
0,0,0,0,2,0,5,2,0
0,0,0,0,2,0,4,2,2
4,0,0,0,0,0,2,8,2
8,6,0,2,2,0,2,8,4
6,0,0,0,0,0,0,4,0
14,0,0,0,4,0,2,8,0
0,0,0,0,0,0,0,8,0
0,0,0,0,0,0,4,2,0
0,0,0,0,0,0,0,6,0
0,0,0,0,2,0,0,4,0
4,0,0,0,2,0,2,6,2
10,2,0,0,10,0,0,12,10
2,2,0,0,2,0,2,10,0
8,0,8,0,10,0,2,8,4
10,4,4,2,10,0,0,8,6
12,6,0,0,8,0,2,6,4
2,0,0,0,2,0,0,6,0
0,0,0,0,2,0,0,4,0
4,2,0,0,4,0,4,2,4
0,4,0,2,10,0,2,2,4
0,0,0,0,4,0,0,2,0
0,0,0,0,6,0,2,4,2
4,2,0,0,0,0,2,8,0
2,0,0,0,0,0,0,4,0
2,0,0,0,0,0,2,6,0
0,0,0,0,0,0,0,6,0
4,4,4,0,9,0,0,2,0
6,0,0,0,2,0,0,6,2
8,4,2,0,4,0,0,8,6
12,2,4,0,4,0,0,6,6
4,0,0,0,10,0,0,30,2
2,0,0,0,16,2,0,26,0
2,4,0,0,2,0,0,4,0
2,0,0,0,0,0,0,2,0
0,0,0,0,6,0,0,4,0
0,0,0,0,6,2,0,2,0
14,0,4,0,0,2,0,6,0
6,0,4,0,0,2,0,6,0
6,0,0,0,6,0,2,8,6
10,0,0,0,6,0,0,4,6
4,2,0,0,8,4,0,4,0
10,0,6,0,8,0,0,2,0
6,0,0,0,14,0,2,4,2
2,0,0,0,10,0,2,4,0
2,0,0,0,14,0,2,4,0
2,2,0,0,8,0,4,6,2
4,0,0,0,8,0,0,8,2
6,2,0,0,8,0,2,2,2
0,0,0,0,10,0,8,2,0
0,0,0,0,8,0,0,2,0
0,0,0,0,10,0,2,4,0
0,0,0,0,4,0,0,6,0
6,2,0,2,8,0,0,6,6
6,2,0,0,8,0,0,6,4
0,0,0,0,4,0,10,6,2
0,2,0,0,14,0,0,6,2
2,2,2,0,14,0,0,6,2
0,0,0,0,4,0,0,4,0
0,0,2,0,4,0,2,10,2
10,2,0,0,4,0,6,8,2
8,0,0,0,10,6,10,4,4
6,2,0,0,6,0,4,5,2
4,0,4,0,8,6,4,6,8
10,2,0,0,8,0,2,3,4
2,0,0,0,6,0,2,9,2
4,0,0,0,2,0,0,8,2
0,0,0,0,8,0,0,10,0
6,0,2,2,2,0,0,10,2
4,2,0,0,2,0,0,4,2
4,0,0,0,5,0,0,4,2
0,0,0,0,4,0,2,6,2
2,0,0,0,8,0,2,4,2
4,0,0,0,1,0,0,6,0
2,0,0,0,2,0,0,4,0
4,0,4,0,2,0,0,6,4
0,2,0,0,2,0,0,5,2
0,0,2,0,4,0,2,8,6
2,2,4,0,2,0,0,6,4
0,2,0,0,4,0,4,6,0
0,0,0,0,2,0,0,6,0
4,0,0,0,4,0,0,7,0
2,0,0,0,0,0,0,4,0
2,0,0,0,6,0,2,2,0
0,0,0,0,2,4,0,4,2
6,2,2,0,2,0,0,6,2
4,0,0,0,2,0,0,4,2
2,0,0,0,2,0,0,6,2
0,0,0,0,2,0,0,6,0
0,0,0,0,8,0,0,4,2
0,0,0,0,0,0,0,4,0
0,2,0,0,2,0,2,4,2
0,2,0,0,4,2,0,2,0
0,0,0,0,8,0,2,2,0
0,0,0,0,4,0,2,4,0
2,2,0,0,10,0,2,2,0
0,2,2,0,6,0,0,4,0
2,2,0,0,0,0,0,4,4
0,0,0,0,2,0,0,10,0
8,0,2,0,4,0,0,2,4
8,2,6,0,4,0,0,4,4
4,0,0,0,4,0,0,4,0
2,0,0,0,4,0,0,2,0
0,0,0,0,2,0,0,4,0
0,0,0,0,6,0,0,2,0
4,0,0,0,4,0,6,8,2
4,0,0,0,3,0,6,6,2
8,0,0,0,2,2,0,6,0
4,0,0,0,3,0,0,6,0
10,0,0,0,2,0,0,4,0
8,0,0,0,6,0,2,6,0
2,4,0,0,6,0,0,2,6
2,0,0,0,6,0,0,2,2
6,2,0,0,4,0,2,2,2
6,0,0,2,2,0,0,10,2
2,2,0,0,6,0,0,2,0
2,0,0,0,2,0,0,4,0
0,2,0,0,4,0,0,4,0
2,4,0,0,0,0,0,4,0
0,0,0,0,6,0,0,4,0
0,0,0,0,2,0,0,6,0
0,0,0,0,4,0,0,4,0
0,0,0,0,2,0,0,4,0
0,2,0,0,2,0,2,6,0
0,2,0,0,0,0,0,10,0
0,0,0,0,6,0,0,6,0
0,0,0,0,8,0,0,8,0
0,0,0,0,0,0,4,8,2
0,0,0,0,2,0,0,8,4
4,2,0,0,2,0,0,4,0
2,0,0,0,2,0,0,2,4
4,0,0,0,2,2,7,6,0
0,0,0,0,2,0,0,2,0
2,0,0,0,4,0,2,2,2
0,0,0,0,4,0,2,4,0
2,0,0,0,4,0,0,6,0
4,4,0,0,4,0,4,10,2
2,0,0,0,0,0,0,4,0
0,0,0,0,4,0,0,4,0
2,2,4,0,4,0,2,6,2
4,8,4,0,4,0,0,8,2
0,2,0,0,4,0,0,6,0
0,0,0,0,6,0,2,10,0
2,0,0,0,0,0,4,2,0
0,0,0,0,0,0,0,2,0
6,0,0,0,0,0,0,6,0
6,0,0,0,0,0,2,6,0
0,0,0,0,3,0,2,2,0
0,0,2,0,2,0,6,1,0
4,10,0,0,5,2,2,4,6
8,2,6,0,7,2,0,8,4
6,4,2,0,2,0,2,6,4
4,4,2,0,0,0,4,2,0
0,0,0,0,0,0,0,6,0
0,0,2,0,0,0,0,4,0
6,0,0,0,4,0,0,6,0
4,0,2,0,2,0,2,6,0
4,4,0,0,10,0,0,6,0
2,0,4,0,8,4,0,4,0
4,0,0,0,8,0,8,6,0
0,2,0,0,2,0,2,6,2
0,0,0,0,8,0,0,8,0
0,0,0,0,8,1,0,4,0
4,0,0,0,2,0,0,4,0
2,0,0,0,2,0,0,4,0
0,0,0,0,0,0,4,6,0
0,0,0,0,2,0,0,4,0
6,6,8,2,4,0,2,4,4
6,0,0,2,2,0,0,6,0
0,2,0,0,2,0,2,2,0
0,0,0,0,2,0,0,2,2
0,2,0,0,0,0,0,6,0
0,0,0,0,2,0,0,4,0
4,0,0,2,4,0,2,2,4
4,0,0,0,4,0,0,4,2
4,4,2,0,0,0,0,2,2
2,2,2,0,2,0,0,7,0
6,0,0,0,6,0,0,8,0
2,0,0,0,4,0,0,8,0
0,0,0,0,4,0,0,6,0
0,0,0,0,2,0,0,4,0
2,0,0,0,8,0,0,6,0
4,0,0,0,2,0,0,6,0
0,0,0,0,4,0,0,4,0
4,0,0,0,3,0,0,2,2
0,2,0,0,0,0,0,8,6
0,0,0,0,6,0,6,4,0
0,0,0,0,4,0,0,7,0
2,0,0,0,2,0,0,2,0
2,2,0,0,2,0,0,0,0
2,0,0,0,2,0,0,0,0
10,4,0,2,4,0,2,0,0
0,0,0,0,2,0,2,4,0
0,0,0,0,6,0,0,4,0
0,4,0,0,0,0,0,4,0
0,0,0,0,4,0,2,4,0
0,0,0,0,0,0,4,8,0
0,0,0,0,4,0,0,4,0
0,0,0,0,2,0,4,2,0
0,0,0,0,6,0,0,4,0
0,0,0,0,6,0,0,4,0
6,2,0,0,8,0,0,8,2
10,2,0,0,6,0,0,6,2
0,0,0,0,2,0,0,2,0
0,0,0,0,2,0,0,4,0
0,0,0,0,6,0,0,0,0
0,0,0,0,6,0,2,2,0
2,2,0,0,6,0,0,2,0
4,4,0,0,6,0,0,2,0
2,0,0,0,0,0,4,6,2
6,0,0,0,0,0,0,4,0
20,8,6,0,2,0,0,4,2
9,0,0,0,6,0,0,10,2
0,0,0,0,0,0,0,4,0
0,0,0,0,0,2,0,2,0
2,0,0,0,8,0,0,4,0
0,0,0,0,4,0,0,0,0
4,4,0,0,6,0,0,3,0
4,2,0,0,4,0,0,6,2
0,0,0,0,4,0,0,2,0
0,0,0,0,6,0,0,6,0
0,0,0,0,6,0,0,2,0
0,0,0,0,2,0,0,2,0
6,2,2,0,2,0,0,4,0
0,0,0,0,0,0,0,4,0
0,0,0,0,6,0,0,6,0
0,0,0,0,4,0,0,4,0
0,0,0,0,6,0,0,0,0
0,0,0,0,2,0,2,4,0
2,0,0,0,6,0,2,0,4
4,2,2,2,4,0,0,0,2
0,0,0,0,0,0,0,6,0
0,0,0,0,0,0,0,2,0
2,8,0,2,0,0,0,5,0
4,4,0,0,0,0,0,9,2
2,0,0,0,4,0,0,7,2
0,0,0,0,4,0,0,3,2
0,0,0,0,2,0,0,6,0
0,6,0,0,2,0,0,8,0
0,0,0,0,4,0,4,6,0
0,0,0,0,2,0,4,6,0
0,0,0,0,8,0,0,10,0
0,4,0,0,10,0,2,6,0
2,0,0,0,6,0,2,4,0
0,0,0,0,6,0,0,2,0
0,0,0,0,0,0,0,4,0
8,2,2,0,4,0,0,6,0
0,2,0,0,4,0,0,4,2
4,2,0,0,2,0,2,4,0
6,0,2,0,0,0,14,4,4
4,0,2,0,2,0,6,4,2
16,2,6,0,6,0,0,4,6
12,2,0,0,8,0,0,6,4
2,0,0,0,6,0,0,6,0
2,0,0,0,8,0,0,2,0
6,2,0,0,4,2,0,4,0
12,4,0,0,2,0,0,6,2
4,2,0,0,2,0,0,2,2
2,2,0,0,2,0,0,4,2
8,0,0,0,4,0,2,4,2
4,0,0,0,6,0,0,6,0
6,0,0,0,2,0,0,10,0
2,0,0,0,2,0,0,2,0
6,2,0,0,4,0,2,8,4
4,2,0,0,6,0,2,10,2
2,0,2,0,7,0,2,4,2
10,0,0,0,10,0,0,4,6
0,0,0,0,6,4,0,8,4
2,0,0,0,10,0,0,6,4
0,2,0,2,0,0,4,8,0
4,2,6,0,0,0,4,4,2
4,2,2,0,0,0,2,6,2
0,4,0,0,2,0,2,2,2
0,0,0,0,0,0,2,2,0
0,0,0,0,0,0,2,2,0
4,2,2,0,6,0,8,4,2
0,0,0,0,4,0,2,4,0
2,0,2,0,4,0,8,2,2
2,0,0,0,6,0,6,8,0
4,0,0,0,2,0,0,6,4
4,0,0,0,2,0,2,4,4
2,2,0,2,0,0,0,8,0
4,0,0,0,2,0,0,4,0
2,2,2,0,4,0,6,2,0
2,2,2,0,4,0,2,4,0
0,0,0,0,4,0,2,4,2
0,0,0,0,4,2,0,4,0
2,6,2,0,4,0,0,6,2
4,4,0,0,8,0,0,8,2
0,0,0,0,3,0,0,4,0
6,0,0,0,4,0,0,6,4
4,2,2,0,8,0,2,2,0
4,0,0,0,2,0,2,2,2
0,0,0,0,4,0,8,2,0
0,0,0,0,2,0,0,4,0
2,0,0,0,4,0,4,2,0
2,0,4,0,2,2,0,2,0
2,0,0,0,8,0,0,8,0
0,0,0,0,4,0,0,6,0
2,0,0,0,0,0,0,6,0
0,0,0,0,0,0,0,8,0
2,0,0,0,0,0,0,6,0
0,0,0,0,0,0,0,8,0
0,0,0,0,4,2,0,7,0
0,0,0,0,2,0,0,8,0
6,0,0,0,5,0,0,8,2
4,2,0,0,2,2,0,8,2
0,4,2,0,6,0,2,2,0
2,0,0,0,4,0,4,4,0
0,2,0,0,6,4,2,4,0
2,0,0,0,5,0,0,6,0
0,2,0,0,0,0,0,8,0
0,0,0,0,0,0,0,6,2
0,0,0,0,4,12,2,0,0
2,0,0,0,0,13,2,2,0
10,4,0,0,2,0,4,12,4
10,2,4,2,0,0,2,12,4
4,0,0,2,0,0,0,8,0
4,0,0,0,2,0,4,6,0
6,0,0,0,2,0,4,4,2
8,0,4,0,2,0,2,4,0
0,0,0,0,0,2,0,4,0
0,0,0,0,0,0,0,6,0
0,0,0,0,0,0,0,4,4
0,0,0,0,0,0,0,6,0
0,0,0,0,0,0,0,2,0
0,0,0,0,0,0,0,2,0
2,6,0,0,0,0,0,4,0
2,4,0,0,0,0,0,4,0
4,2,0,0,9,0,0,2,0
0,0,0,0,18,0,0,2,0
6,0,2,2,6,0,0,8,0
2,0,0,0,0,0,0,10,0
0,0,0,0,0,0,4,6,2
4,2,0,0,2,0,2,2,0
2,0,6,2,2,0,0,0,4
4,0,0,0,2,2,0,2,2
4,0,6,2,2,0,0,0,4
2,0,0,0,2,0,0,2,2
4,4,6,0,6,0,0,8,4
6,4,4,0,4,0,2,6,6
2,0,0,0,4,0,2,6,0
2,0,0,0,2,0,0,4,0
4,0,2,0,4,0,2,10,0
4,0,6,0,6,0,4,8,0
2,0,0,0,0,0,0,6,2
0,0,0,0,2,0,0,4,2
0,0,0,0,4,2,0,4,0
0,0,0,0,0,0,2,4,0
4,0,0,0,2,0,0,8,0
10,2,0,2,2,0,0,8,2
2,0,0,0,4,2,0,6,0
0,0,0,0,0,0,0,8,0
6,2,4,0,10,0,0,12,0
12,4,4,0,10,0,4,16,0
0,2,0,0,2,0,0,10,0
2,0,0,0,2,0,0,7,0
8,0,2,0,4,0,2,6,2
4,0,0,0,4,0,10,4,0
2,0,0,0,4,0,5,4,4
6,0,0,0,4,0,8,4,0
4,4,2,2,2,0,4,4,6
8,2,0,0,0,0,2,2,2
2,5,0,0,0,0,0,2,0
0,0,0,0,0,0,0,4,0
4,2,0,2,7,0,2,4,0
4,0,0,0,4,0,0,2,0
4,0,0,0,6,0,2,6,0
0,0,0,0,5,0,0,4,0
0,0,0,0,4,4,2,2,0
4,0,0,0,6,2,0,4,0
0,0,0,0,2,0,0,2,0
0,0,0,0,6,0,2,2,0
6,2,4,0,2,0,6,8,6
2,0,6,0,4,0,4,10,2
3,2,0,0,6,0,4,6,2
2,2,0,0,3,0,2,4,2
6,0,0,0,6,0,0,4,0
0,0,0,0,7,0,0,8,0
0,0,0,0,8,0,2,2,0
2,0,0,0,5,0,0,4,0
0,0,0,0,6,0,2,4,0
0,2,0,0,5,0,0,2,0
2,0,0,0,2,0,2,2,0
2,0,0,0,0,0,0,2,2
0,0,0,0,0,0,2,2,2
2,0,0,0,0,0,0,0,4
0,0,0,0,0,0,0,6,0
0,0,0,0,0,0,0,6,0
4,4,4,2,2,0,0,6,6
2,4,0,2,6,0,2,10,4
0,0,0,0,6,0,0,4,0
0,0,0,0,4,0,0,0,0
2,2,0,0,0,0,0,6,4
2,0,0,0,8,0,0,2,4
8,4,0,0,0,0,0,8,0
8,2,4,0,8,0,0,8,0
2,4,0,2,6,0,0,2,0
2,0,0,0,2,0,0,2,2
0,0,0,0,12,0,0,0,2
2,0,0,0,2,0,0,4,2
8,0,2,6,10,0,0,6,6
4,0,0,0,2,0,2,6,2
0,0,0,0,4,0,6,2,0
0,0,0,0,8,0,9,6,0
2,2,2,0,2,0,6,2,2
0,0,0,0,4,0,2,4,0
2,0,0,0,2,0,0,4,2
0,0,0,0,4,0,2,6,0
2,0,0,0,2,0,0,2,0
2,0,2,0,8,0,0,0,0
0,0,0,0,0,0,4,0,0
0,0,0,0,2,0,0,4,0
2,4,2,0,8,0,0,4,0
2,0,0,0,6,0,0,4,0
0,2,0,0,2,0,7,4,0
2,0,0,0,2,0,0,7,0
10,8,2,0,4,0,2,2,2
0,2,0,0,4,0,0,2,0
0,0,0,0,4,0,0,2,0
0,0,0,0,4,0,0,2,0
0,0,0,0,4,0,2,4,0
0,0,0,0,0,0,0,8,0
0,2,0,0,6,0,0,4,0
0,0,0,0,0,0,0,8,0
0,2,0,0,7,0,0,2,2
0,2,0,0,4,0,0,2,2
0,0,0,0,3,2,0,4,2
0,0,0,0,2,0,0,6,0
4,0,0,0,8,0,0,4,0
2,0,0,0,2,0,0,4,0
0,0,0,0,5,0,0,4,0
0,0,0,0,2,0,2,4,0
0,0,0,0,5,0,2,6,0
0,0,0,0,2,0,0,6,0
0,0,0,0,0,0,0,0,0
0,0,0,0,0,0,0,0,0
0,0,0,0,2,0,0,0,0
0,0,0,0,0,0,0,2,0
0,0,0,2,4,0,0,0,0
0,0,0,0,0,0,0,2,0
8,2,0,2,8,0,0,14,2
12,4,14,2,10,0,0,14,2
2,0,0,0,5,0,0,12,0
4,0,0,0,10,0,0,16,0
12,2,0,0,2,2,0,10,2
12,6,4,0,4,0,0,12,4
2,0,0,0,8,4,2,8,2
0,0,0,0,2,0,0,8,2
0,0,0,0,0,0,0,8,0
2,0,0,0,5,0,4,4,0
0,0,0,0,4,0,0,6,0
0,0,0,0,5,0,0,2,0
0,0,0,0,0,0,0,8,4
4,0,2,0,4,0,0,8,0
12,4,2,0,2,0,0,12,4
8,4,2,0,4,0,0,8,6
6,8,4,2,0,0,5,18,8
16,6,8,2,0,0,0,10,10
18,6,0,0,0,0,0,16,4
4,2,0,0,0,0,0,6,0
0,0,0,0,0,0,2,6,0
4,2,0,0,0,0,6,4,0
4,0,0,0,2,0,3,4,0
2,0,0,0,4,0,2,6,0
4,0,0,0,10,0,0,6,6
4,0,2,0,6,2,2,4,4
2,0,0,0,2,0,0,2,0
2,0,0,0,2,0,0,2,0
2,0,0,0,6,0,0,8,0
2,2,0,0,9,0,2,4,4
0,0,0,0,2,0,0,2,0
2,0,0,0,2,2,0,2,0
2,0,0,0,2,0,0,6,0
0,0,0,0,4,0,0,6,0
2,0,0,0,4,0,0,6,0
4,0,0,0,0,0,0,8,0
0,0,0,0,2,0,0,6,0
2,0,0,0,2,0,0,6,0
4,0,0,0,2,0,0,6,0
2,0,0,0,4,0,0,6,2
2,0,2,0,2,0,4,4,2
4,0,0,0,2,0,2,6,0
4,0,0,0,3,0,0,2,2
4,0,0,0,2,0,0,4,0
0,0,0,0,2,0,0,4,0
0,0,0,0,3,0,0,2,0
2,0,0,0,2,0,0,4,0
2,0,0,0,1,0,0,2,0
2,0,0,0,2,0,0,4,0
2,0,0,0,2,0,2,0,0
4,0,0,0,2,0,0,6,0
2,0,0,2,2,0,0,6,0
8,0,0,0,2,0,2,8,2
4,2,0,0,2,0,2,6,0
0,0,0,0,8,0,4,4,0
6,0,0,0,8,0,4,2,0
2,0,0,0,4,0,6,2,2
0,0,0,0,4,0,11,2,0
6,0,0,0,5,0,4,2,0
0,0,2,0,4,0,2,4,0
2,0,0,0,5,4,6,8,0
0,0,0,0,4,2,5,4,2
0,0,0,0,6,0,4,5,0
2,0,0,0,7,0,4,2,0
2,2,0,0,3,4,4,2,0
0,0,0,0,7,2,2,0,0
0,0,0,0,2,0,6,4,4
0,0,0,0,9,0,2,2,0
2,0,0,0,4,0,4,6,0
0,0,0,0,2,0,0,4,0
0,0,0,0,4,0,4,8,0
2,0,0,0,1,0,0,4,0
0,0,0,0,2,0,0,2,0
0,0,0,0,0,0,2,2,0
4,0,0,0,3,0,0,4,0
6,0,0,0,2,0,2,4,0
2,0,0,0,2,0,4,2,0
4,0,0,0,2,0,0,4,2
4,0,0,0,2,0,2,4,0
2,0,0,0,4,0,0,4,0
8,0,0,0,0,0,0,2,0
4,0,0,0,0,0,0,6,0
4,2,0,0,2,0,2,2,2
6,0,0,0,0,0,2,4,0
0,0,0,0,4,0,0,2,0
2,0,0,0,3,0,4,6,0
2,0,0,0,8,0,0,6,2
6,0,0,0,4,0,2,10,2
4,0,0,2,2,0,2,4,0
2,0,0,0,2,0,4,2,0
4,0,0,0,4,0,2,4,2
0,2,2,0,6,0,0,4,2
8,0,0,0,8,0,2,2,2
4,2,0,0,2,0,0,4,2
2,0,0,0,6,0,0,2,0
0,0,0,0,0,0,0,2,0
2,0,0,0,0,0,0,6,2
12,4,0,4,2,2,2,4,6
0,0,0,0,0,0,0,8,0
0,0,0,0,2,0,0,6,0
4,4,0,0,4,0,2,8,4
0,0,0,0,2,0,0,0,0
0,0,0,0,6,0,0,4,0
0,0,0,0,2,0,0,2,0
4,0,0,0,0,0,0,4,0
4,0,2,0,0,0,3,2,0
2,0,0,2,0,0,0,6,2
2,0,0,2,2,0,0,6,0
0,0,0,0,4,2,0,4,0
0,0,0,0,4,0,0,4,0
0,0,0,0,0,0,0,10,0
0,0,0,0,2,0,0,8,0
0,0,0,0,0,0,2,8,0
0,0,0,0,0,0,0,4,0
0,0,0,0,0,0,0,0,0
0,0,0,0,0,0,0,0,0
2,0,0,0,4,0,2,4,0
2,0,0,0,4,0,3,2,0
0,0,0,0,4,0,0,4,0
0,0,0,0,2,0,0,4,0
0,0,0,0,2,0,13,4,0
4,0,0,0,0,0,13,6,0
0,0,0,0,2,0,0,2,0
0,0,0,0,6,2,2,2,0
8,2,6,0,0,2,2,4,0
8,0,0,0,2,0,2,2,0
4,0,2,0,2,0,2,4,2
6,0,0,0,11,0,4,2,4
4,0,0,0,2,0,2,5,2
0,0,0,0,6,0,8,8,0
0,0,0,0,2,0,0,4,0
4,2,0,0,4,0,0,4,0
0,0,0,0,2,0,0,6,0
0,0,0,0,0,0,0,4,0
4,4,0,0,2,0,0,8,4
10,6,0,0,4,2,0,7,2
0,0,0,0,2,0,0,6,0
0,0,0,0,4,0,0,10,0
4,0,0,2,2,0,0,8,0
0,0,0,0,2,0,0,8,0
6,4,2,0,6,0,4,8,2
0,0,0,0,4,0,2,5,0
4,0,0,0,4,0,0,4,0
0,0,0,0,2,0,0,2,0
0,0,0,0,2,0,6,6,0
0,0,0,0,0,0,0,0,0
0,0,0,0,4,0,0,6,0
0,0,0,0,0,0,0,0,0
2,6,0,0,8,0,0,4,0
0,0,0,0,4,0,0,4,0
2,0,0,0,2,0,2,4,0
0,0,0,0,0,0,4,4,0
2,0,0,0,6,0,0,2,0
0,0,0,0,4,0,0,0,0
2,2,2,0,4,0,0,6,2
4,0,0,0,6,0,0,3,2
0,0,0,0,0,0,0,4,0
0,0,0,0,8,0,0,4,0
10,0,0,0,10,0,2,6,0
4,0,0,0,12,0,2,6,0
4,0,0,0,2,0,2,4,0
2,6,6,0,6,0,0,2,0
0,0,0,0,6,0,0,4,0
0,0,0,0,2,0,2,4,0
0,0,0,0,6,0,0,2,0
0,0,0,0,2,0,2,4,0
6,2,0,0,4,0,0,9,2
2,0,0,0,2,0,4,5,0
2,0,0,0,0,0,2,3,0
8,2,0,0,18,0,0,5,0
12,4,0,0,18,0,0,4,4
2,2,2,0,2,0,6,4,4
0,0,0,0,4,0,2,4,0
4,0,2,2,0,0,0,6,2
4,0,2,0,2,0,3,4,0
4,8,0,2,6,0,4,0,0
0,2,0,0,0,0,0,8,0
4,0,2,0,6,0,0,2,2
4,0,0,0,6,0,0,6,0
0,0,0,0,4,0,12,4,0
0,0,0,0,0,0,2,4,0
14,2,4,0,10,0,6,14,2
10,0,0,0,4,0,4,8,2
8,8,0,0,4,0,5,12,0
2,0,0,0,2,0,5,18,0
8,0,0,0,4,0,2,4,0
6,2,0,0,2,0,0,4,0
4,2,2,0,1,0,0,6,2
2,0,0,0,1,0,0,4,2
4,0,0,0,1,0,0,6,0
10,0,0,0,1,0,0,4,0
2,6,2,0,0,0,0,6,2
0,2,2,0,2,0,0,6,0
0,0,0,0,2,0,2,4,0
0,0,0,0,2,0,2,6,0
12,4,0,0,4,0,4,8,2
6,2,0,0,4,0,0,4,2
0,0,0,0,4,0,0,8,0
12,2,4,0,2,0,0,6,4
4,0,0,0,6,0,0,4,0
6,0,0,0,2,0,0,2,0
0,0,0,0,7,0,0,2,0
0,0,0,0,7,0,0,2,0
0,0,0,0,0,0,0,2,0
0,0,0,0,2,0,0,4,0
4,0,6,0,6,0,2,2,0
8,0,2,0,7,0,4,6,0
0,0,0,0,6,0,4,4,2
0,2,0,0,3,0,4,4,4
0,2,0,0,0,0,0,4,2
2,2,0,0,2,0,0,8,2
0,0,0,0,0,0,0,2,0
0,0,0,0,2,0,2,4,2
0,0,0,0,4,0,0,4,0
2,0,0,0,4,0,2,2,0
2,0,0,0,4,2,6,6,0
0,0,0,0,2,0,2,14,0
4,0,0,0,2,0,0,5,4
4,2,0,0,2,0,0,6,2
2,0,2,0,2,0,0,5,4
2,4,0,0,6,0,0,7,4
4,0,2,2,6,0,0,8,2
2,0,4,2,0,0,0,10,2
0,0,0,0,0,0,3,6,0
2,0,0,0,3,0,0,6,0
0,0,0,0,4,0,2,8,0
0,0,0,0,4,0,2,10,0
0,0,0,0,4,0,2,10,0
0,0,0,0,0,0,4,8,0
4,0,0,0,6,0,0,2,2
6,0,0,0,8,0,0,2,0
0,0,0,0,2,0,0,4,0
2,0,0,0,2,0,0,4,0
0,0,0,0,2,8,0,6,0
2,0,0,0,3,4,0,2,4
2,8,0,0,6,0,0,6,0
6,4,0,0,0,0,0,4,0
0,0,0,4,6,0,0,2,0
0,2,0,0,4,0,0,8,0
2,0,0,0,6,0,6,4,0
0,0,0,0,6,0,2,6,0
10,8,6,0,4,0,2,8,2
6,4,0,0,0,0,0,8,0
4,0,0,0,2,0,0,4,0
6,0,2,0,6,0,2,4,2
8,0,2,0,2,0,0,10,0
0,2,0,2,2,0,0,10,2
0,0,0,0,0,0,0,4,0
2,0,4,0,8,0,0,4,2
0,0,0,0,0,0,0,4,0
0,0,0,0,0,0,0,6,2
0,0,0,0,2,0,0,2,2
2,0,0,0,4,0,2,2,0
2,2,2,0,2,0,0,6,2
0,2,2,2,2,0,0,6,2
0,0,0,0,2,0,0,4,0
4,2,0,0,2,0,2,4,0
0,2,0,0,0,0,0,4,2
0,0,0,0,0,0,0,4,0
8,2,0,0,12,0,14,8,0
8,2,0,0,10,0,6,4,2
4,0,2,0,10,0,2,6,0
4,0,0,0,2,0,2,4,0
6,0,2,0,10,0,4,10,2
10,0,2,0,12,0,0,8,2
0,0,0,0,2,0,0,0,0
0,0,0,0,6,0,4,4,0
0,0,0,0,6,0,2,10,0
0,0,0,0,0,0,0,0,0
4,8,0,0,2,0,0,8,0
2,0,2,2,2,0,0,4,0
0,0,0,0,0,2,4,6,0
0,0,0,0,8,0,4,8,0
0,0,0,0,4,0,0,8,0
0,0,0,0,8,0,0,4,0
0,0,0,0,6,0,2,4,2
0,2,0,0,4,0,2,3,2
4,2,0,0,4,0,0,6,0
4,2,0,0,4,0,0,4,0
0,0,0,0,0,0,0,6,0
0,0,0,0,0,0,0,2,0
4,0,0,0,2,0,2,6,2
6,0,2,0,4,0,2,8,2
2,0,0,0,0,0,0,6,0
0,0,0,0,0,0,0,6,0
2,0,0,0,2,0,0,5,0
6,0,0,0,0,0,0,6,0
0,0,0,0,6,4,0,6,4
0,0,0,0,2,0,0,4,2
0,0,0,0,10,0,2,2,0
0,0,0,0,4,0,4,0,0
2,0,0,0,8,0,0,0,0
2,0,0,0,6,0,2,0,0
4,2,0,0,8,0,0,0,0
4,0,0,0,4,0,0,0,0
0,0,0,0,2,0,4,8,0
4,4,2,2,10,0,10,10,4
2,0,0,0,4,0,2,4,0
0,2,0,0,2,0,2,4,0
0,2,0,0,2,0,6,7,0
0,2,0,0,2,0,4,4,2
2,0,0,0,4,0,2,4,2
10,0,0,0,4,0,4,6,4
4,0,0,0,0,0,0,6,0
2,6,0,0,0,0,0,8,2
0,2,0,0,6,0,0,2,0
0,0,0,0,1,0,0,2,0
2,2,0,0,6,0,2,0,4
0,0,0,0,2,0,2,0,0
4,2,0,0,6,0,0,6,0
2,2,0,0,6,0,0,6,0
8,0,0,0,8,0,6,4,0
6,0,0,0,12,2,8,2,2
2,2,0,0,2,0,0,2,0
2,2,2,0,0,0,6,4,0
0,0,0,0,2,0,0,2,0
0,0,0,0,4,0,0,4,0
2,0,0,0,2,0,0,2,0
2,0,0,0,2,0,0,4,0
8,2,0,0,4,0,0,6,6
2,0,0,0,0,0,0,4,2
4,0,0,0,2,0,0,6,0
2,0,0,0,0,0,0,4,2
0,0,0,0,0,0,2,6,0
0,0,0,0,0,0,0,4,2
8,2,8,0,4,0,2,8,6
4,0,0,0,2,0,0,8,0
2,2,0,0,8,0,0,8,0
2,0,0,0,8,0,2,4,0
8,2,0,0,4,0,2,8,2
2,0,2,0,4,0,0,4,2
8,0,0,0,2,0,0,2,0
4,0,0,0,2,0,0,2,0
10,4,0,0,0,0,4,4,2
6,0,0,0,2,0,6,4,2
4,4,2,0,4,0,2,6,2
4,0,0,0,0,0,0,4,2
6,0,0,0,2,0,2,4,0
2,0,0,0,4,0,6,4,0
0,2,0,0,2,0,2,6,0
6,10,0,0,2,2,6,4,2
6,4,0,0,6,0,4,6,2
4,2,0,0,2,0,2,4,4
6,4,0,4,2,0,4,4,0
6,2,0,0,2,0,0,4,2
0,0,0,0,0,0,0,4,0
0,0,0,0,4,0,0,4,2
0,0,0,2,8,2,0,8,0
0,0,0,0,2,0,0,8,2
2,0,0,0,6,2,2,4,0
0,0,0,0,2,0,0,6,2
0,0,0,0,10,0,2,10,0
0,0,0,0,6,0,0,4,0
2,0,0,0,6,0,2,2,0
4,0,0,0,3,0,2,2,0
4,4,0,0,2,0,8,2,2
2,2,0,0,5,0,4,2,0
12,0,4,4,8,0,2,6,2
10,2,2,4,4,0,2,8,2
4,0,0,0,8,0,5,4,0
2,0,0,0,2,0,7,2,0
0,0,0,0,0,0,9,2,0
2,0,0,0,0,0,6,2,0
0,2,0,0,0,0,4,2,0
0,0,0,0,0,2,2,4,0
2,10,2,0,4,2,2,10,4
0,2,2,0,2,0,0,4,0
2,0,0,0,2,0,2,4,0
0,0,0,0,2,0,0,4,0
0,0,0,0,8,0,0,4,0
0,0,0,0,4,0,0,6,0
0,0,0,0,8,0,4,6,0
0,0,0,0,0,0,4,4,2
6,0,0,0,2,0,2,4,0
2,4,0,0,4,0,4,4,2
0,0,0,0,4,0,0,4,0
0,0,0,0,6,0,0,4,0
4,0,0,0,0,0,4,6,0
2,0,0,0,3,0,0,4,0
2,2,0,0,4,0,0,4,2
4,2,0,0,4,0,0,4,2
0,0,0,0,8,0,0,6,0
0,0,0,0,4,0,0,4,0
2,4,0,0,2,0,0,0,0
2,2,0,0,4,2,0,0,0
0,0,0,0,0,0,0,2,0
0,0,0,0,4,0,0,2,0
0,0,0,0,0,0,2,8,0
0,2,0,0,4,0,2,4,0
0,0,0,0,2,0,2,4,0
0,0,0,0,4,0,2,2,0
0,0,0,0,2,0,0,2,0
0,0,0,0,4,0,2,2,0
8,4,4,0,2,0,2,8,0
6,2,0,0,4,0,2,10,4
2,4,0,0,2,0,2,8,2
2,4,0,0,6,0,2,10,2
4,2,0,0,2,0,0,4,0
4,0,0,0,2,0,0,2,0
2,0,0,0,2,0,0,2,0
0,0,0,0,0,0,0,4,0
0,0,0,0,3,0,0,4,0
0,0,0,0,2,0,0,2,0
0,2,0,0,0,0,0,6,0
0,0,0,0,2,0,0,0,0
0,0,0,0,0,0,2,6,0
0,0,0,0,2,0,4,4,0
0,0,0,0,2,0,0,8,0
0,0,0,0,6,0,0,5,0
0,0,0,0,2,3,2,4,0
0,0,0,0,4,2,0,6,0
6,8,0,0,2,2,6,4,4
4,0,0,0,0,0,0,6,0
0,2,0,0,2,0,0,6,0
2,0,0,0,2,0,0,6,0
0,2,0,0,4,0,2,2,2
0,0,0,0,1,0,0,0,0
0,0,0,0,2,0,0,2,0
0,2,0,0,0,0,2,6,0
2,2,4,2,0,0,2,4,0
2,0,0,0,2,0,2,4,0
8,0,0,0,2,0,0,8,0
6,0,0,0,0,0,4,6,0
0,0,0,0,2,0,0,2,0
0,0,0,0,2,0,0,4,0
0,0,0,0,4,0,0,8,0
0,0,0,0,6,0,2,6,0
2,0,0,0,0,0,6,4,2
0,0,0,0,2,0,0,8,0
4,0,0,0,0,0,4,8,0
8,2,0,0,0,0,0,6,0
4,0,0,0,0,0,6,4,0
2,0,0,0,2,0,0,6,0
6,2,0,0,4,0,2,4,4
8,2,0,0,4,0,0,8,6
6,6,2,0,6,0,4,8,0
4,4,4,0,4,0,2,12,0
0,0,0,0,4,2,2,6,0
0,0,0,0,8,0,6,6,0
2,0,0,0,6,0,0,6,0
0,0,0,0,6,4,0,4,0
2,0,0,0,4,0,0,5,0
0,0,0,0,2,0,0,6,0
8,4,0,0,0,0,0,4,2
8,2,2,0,2,0,0,4,2
2,0,0,0,2,0,0,6,0
0,0,0,0,6,2,2,4,0
0,0,0,0,0,2,0,4,0
0,0,0,0,2,0,0,6,0
0,0,0,0,0,0,0,4,0
0,0,0,0,0,0,0,4,0
0,0,0,0,0,0,0,4,0
0,0,0,0,0,0,0,4,0
2,0,0,0,4,0,0,6,0
4,0,0,0,4,0,2,3,0
10,0,0,0,6,0,13,8,4
4,0,0,0,2,0,2,4,0
6,0,0,0,4,2,8,8,4
2,0,0,0,2,0,2,6,0
6,2,0,0,0,0,0,10,2
4,2,0,0,6,0,4,8,0
0,0,0,0,2,0,0,4,2
0,0,0,0,2,0,0,2,0
0,4,0,2,4,0,0,6,0
4,4,2,2,4,0,0,2,0
0,0,0,0,2,2,5,8,0
0,0,0,0,2,4,0,6,0
2,0,0,0,3,0,4,2,2
2,0,0,0,3,0,4,2,2
2,6,2,0,3,0,8,2,2
4,4,0,0,5,0,4,4,4
0,0,0,0,4,0,2,8,0
0,0,0,0,4,0,0,8,2
0,2,0,0,6,0,0,8,0
0,2,0,0,8,0,2,6,2
0,0,0,0,0,0,0,3,0
2,2,0,0,4,0,0,4,0
6,0,0,4,6,0,0,5,2
6,2,0,0,4,0,0,3,0
2,2,0,0,6,0,0,6,0
2,2,0,0,10,0,0,2,0
2,2,0,0,2,0,0,8,0
4,0,0,2,4,0,0,4,2
0,0,0,0,0,0,2,4,0
0,2,0,0,4,0,2,4,4
6,2,0,0,6,0,0,2,2
2,2,0,0,2,0,0,2,0
0,0,0,0,0,0,0,4,0
0,0,0,0,5,0,2,2,0
2,0,0,0,0,0,0,4,0
4,0,0,0,4,0,0,4,0
0,0,0,0,0,0,0,8,0
4,0,0,0,8,0,2,2,0
4,0,0,0,4,0,2,4,4
4,0,0,0,4,0,0,2,4
0,0,0,0,0,0,2,8,0
0,0,0,0,4,0,2,2,0
2,0,0,0,4,0,0,6,0
0,0,0,0,4,2,0,0,2
0,0,0,0,0,4,0,2,0
0,0,0,0,0,0,0,0,0
4,6,6,0,0,0,0,6,6
8,6,4,0,0,0,0,4,8
0,0,0,0,2,0,0,4,0
0,0,0,0,2,0,0,4,0
2,0,0,0,2,0,0,6,0
2,0,0,0,2,0,0,2,0
0,0,0,0,8,0,8,4,0
2,0,0,0,6,0,0,4,0
2,0,0,0,4,0,4,6,0
2,0,0,0,4,0,0,6,2
4,0,0,0,2,0,0,2,0
2,0,0,0,2,0,0,4,0
2,0,0,0,9,0,6,4,2
2,0,0,0,1,0,6,4,0
4,4,2,0,4,0,4,6,0
2,0,0,0,4,0,0,4,2
4,0,0,0,4,0,2,4,2
2,4,0,0,4,0,6,6,2
12,0,0,0,0,0,0,9,0
12,0,0,0,0,0,0,6,2
2,2,6,0,4,0,0,2,2
0,4,2,0,4,0,0,2,0
0,0,0,0,6,0,0,4,0
0,2,0,0,4,0,0,2,0
0,0,0,0,3,0,0,2,0
0,0,0,0,2,0,4,0,0
2,0,0,0,8,0,0,2,0
0,0,0,0,4,0,0,4,0
4,8,2,0,2,0,0,4,4
8,4,0,0,6,0,0,4,0
0,2,0,0,4,0,0,5,2
0,0,2,2,4,0,0,6,4
2,0,0,0,2,0,0,2,0
0,0,0,0,1,0,0,6,0
0,0,0,0,2,0,2,8,0
0,0,0,0,4,2,0,6,0
4,0,2,2,9,2,6,4,6
4,2,0,2,6,0,1,6,4
4,2,2,0,2,0,0,4,0
0,0,0,0,0,0,0,6,0
6,0,0,0,4,0,0,6,0
0,0,0,0,2,0,0,6,2
4,0,2,2,2,0,0,4,2
2,2,2,0,2,0,0,2,0
0,0,0,0,4,0,2,4,0
4,4,0,0,10,0,0,6,0
0,0,0,0,2,0,0,4,0
0,0,0,0,2,0,0,2,0
2,0,0,0,2,0,0,2,0
2,0,0,0,4,0,0,2,0
6,2,4,0,4,0,2,4,4
0,2,0,0,2,0,0,4,0
8,0,0,0,10,0,0,8,2
2,0,0,0,10,0,2,6,0
0,0,0,0,4,0,0,4,0
0,0,0,0,4,0,0,8,0
4,4,2,0,2,0,0,4,6
2,2,0,0,8,0,0,4,2
0,0,0,0,4,0,0,4,0
0,0,0,0,10,0,0,4,0
2,0,0,0,10,0,2,6,2
0,0,0,0,6,0,2,8,0
8,0,0,2,10,0,0,4,4
14,0,0,0,12,0,2,6,2
0,6,0,0,4,0,0,3,0
6,2,0,0,2,0,0,4,2
12,2,0,0,2,0,0,0,4
4,0,0,0,2,0,0,4,0
6,0,0,0,4,0,2,10,2
4,0,0,0,7,0,4,6,2
0,0,0,0,2,0,3,2,0
2,0,0,0,10,0,7,4,0
4,2,0,0,0,0,0,5,0
0,3,2,0,2,0,2,8,0
2,0,0,0,4,0,0,2,2
6,0,0,0,2,0,0,2,2
2,0,0,0,8,0,0,2,0
2,2,0,0,0,0,2,8,0
0,0,0,0,4,0,0,6,0
0,0,0,0,0,0,0,0,0
8,2,0,0,4,0,0,8,4
4,2,0,0,2,0,0,8,0
0,0,0,0,4,0,2,6,0
0,0,0,0,2,0,0,6,0
0,2,0,0,13,0,0,6,0
0,0,0,0,11,4,0,2,0
2,2,4,0,8,0,0,6,0
6,2,4,0,3,0,0,6,0
2,0,0,0,2,0,0,6,0
2,0,0,0,5,0,0,6,0
0,0,0,0,2,0,0,2,0
0,0,0,0,2,0,0,4,0
0,0,0,0,0,0,0,2,0
2,0,0,0,0,0,0,4,0
0,0,0,0,0,0,7,2,0
0,0,0,0,0,0,10,0,0
0,0,0,0,6,0,0,4,0
0,0,0,0,8,0,0,4,0
0,0,0,0,0,0,0,0,0
0,2,0,0,0,0,0,4,0
0,0,0,0,2,0,0,2,0
0,0,0,0,0,0,2,4,0
0,0,0,0,6,0,0,6,0
0,2,0,0,0,0,0,10,0
12,8,2,2,0,0,0,8,4
8,4,0,2,0,0,0,6,8
0,2,0,0,4,0,0,6,0
0,2,0,0,2,2,0,6,0
0,0,0,0,2,0,2,10,0
0,0,0,0,0,0,4,8,0
2,0,0,0,2,0,0,4,2
0,0,0,0,0,0,0,4,2
4,4,0,2,6,0,0,6,0
0,2,0,0,2,0,0,6,0
0,0,0,0,4,0,2,2,0
0,0,0,0,4,0,0,4,0
0,0,0,0,2,0,0,2,0
0,0,0,0,4,0,0,4,0
10,14,4,0,4,0,0,4,2
4,2,4,0,4,0,2,4,2
6,2,0,0,0,0,4,4,4
6,2,0,0,2,0,2,4,2
0,4,0,0,3,0,0,6,2
4,4,0,2,7,0,2,4,6
0,2,0,0,0,0,18,4,0
2,0,0,0,6,0,12,4,0
8,6,6,0,4,0,4,6,2
2,0,0,0,0,2,2,6,0
2,0,0,0,5,0,0,10,0
4,0,0,0,2,0,0,6,0
6,0,0,0,2,0,0,4,4
4,0,0,0,4,0,0,4,4
8,2,0,0,4,0,2,12,6
4,4,0,0,6,0,0,8,2
0,0,0,0,0,0,0,2,0
2,0,0,0,4,0,0,6,0
6,2,0,0,10,2,2,10,0
2,0,0,0,7,0,0,4,0
6,2,6,0,8,0,0,2,0
6,0,4,2,6,0,0,4,2
4,0,0,0,3,0,0,8,2
0,4,2,0,2,0,0,2,2
0,0,0,0,7,0,2,6,2
0,0,0,0,5,0,8,0,0
0,0,0,0,4,0,7,4,0
0,0,0,0,2,0,8,2,2
2,0,0,0,2,0,6,8,0
4,0,0,0,10,0,2,4,0
6,14,2,0,2,0,2,6,6
2,4,0,0,2,0,0,5,0
2,0,0,0,0,0,2,4,0
0,0,0,0,4,0,4,4,0
2,2,0,0,4,0,8,6,0
0,2,0,0,10,0,6,4,0
0,0,0,0,8,0,2,0,2
0,0,0,0,3,0,0,4,0
4,2,0,0,6,0,0,4,2
6,0,0,0,5,0,0,2,0
4,0,0,0,4,0,0,4,4
2,0,0,2,4,0,4,4,4
4,4,2,0,2,0,0,6,2
4,2,0,2,2,0,0,8,2
2,2,2,0,4,0,2,4,0
6,2,0,0,4,0,2,4,0
2,2,0,0,0,0,6,12,2
2,2,2,0,0,0,6,10,2
4,8,2,2,2,0,0,6,4
2,0,0,0,8,0,0,4,2
4,0,0,0,4,0,2,6,2
0,2,0,0,6,0,0,10,2
0,0,0,0,0,0,0,2,0
0,0,0,0,0,0,0,2,0
4,0,4,0,7,0,2,6,4
2,0,0,0,7,0,2,6,0
0,2,0,0,2,0,0,6,0
0,0,2,0,6,0,2,8,0
0,2,0,0,4,0,0,6,0
2,0,0,0,4,0,0,4,0
6,0,2,2,8,0,0,6,4
4,0,0,0,6,0,0,6,4
0,0,0,0,10,0,0,8,0
6,4,4,0,4,0,0,2,0
4,0,0,0,2,0,2,4,0
2,0,0,0,4,0,0,4,0
0,0,0,0,2,4,10,4,0
0,0,0,0,0,0,5,6,0
0,0,0,0,4,0,8,6,0
2,0,0,0,4,0,6,4,0
6,0,0,0,6,0,0,6,0
4,2,0,0,4,2,0,6,0
4,6,0,0,2,0,8,6,0
2,6,0,0,6,0,10,6,2
4,2,0,0,0,0,4,8,2
6,0,0,0,0,0,4,4,2
6,0,2,0,2,0,2,12,0
0,0,0,0,2,0,0,6,0
0,0,0,0,3,0,0,8,0
0,0,0,0,4,0,3,12,2
0,2,2,0,6,0,0,4,2
0,2,0,0,4,0,2,6,2
4,2,0,0,8,0,0,8,2
10,0,0,0,4,0,0,8,2
0,0,0,0,4,0,2,2,0
2,0,0,0,4,0,0,6,0
2,0,0,0,4,0,0,6,0
4,2,4,4,8,0,0,6,4
0,0,0,0,4,0,4,8,0
0,0,0,0,6,0,4,10,0
2,0,2,0,10,0,0,8,2
6,0,0,0,6,0,0,4,0
2,0,0,0,4,0,2,6,0
4,0,0,0,2,0,0,2,0
0,0,0,0,0,0,0,4,0
0,0,0,0,4,0,8,4,2
0,0,0,0,4,0,0,6,0
0,0,0,0,2,0,0,4,0
4,2,0,0,0,0,0,2,2
4,0,0,2,0,0,0,4,2
6,4,2,0,4,0,0,6,2
8,4,0,2,2,0,0,4,6
0,0,0,0,4,0,6,8,0
0,0,0,0,8,0,2,6,0
0,0,0,0,3,0,2,2,4
0,2,0,0,0,0,2,2,0
2,0,0,0,3,0,4,2,0
4,0,0,0,2,0,5,0,0
0,0,0,0,2,0,2,2,2
0,0,0,0,2,0,1,2,0
0,0,2,0,0,0,2,2,0
0,0,0,0,2,0,5,4,0
4,0,0,0,4,0,4,2,4
4,2,4,0,8,0,6,8,4
2,4,2,0,0,0,0,2,2
0,0,4,0,0,0,0,0,2
0,0,0,0,0,0,0,0,0
0,0,0,0,0,0,0,2,0
8,4,0,0,4,0,0,2,0
6,0,0,0,4,0,0,2,0
0,0,0,0,2,0,0,4,0
0,0,0,0,4,0,0,2,0
2,0,0,2,0,0,0,6,0
2,0,0,0,2,0,0,2,0
6,8,8,0,8,0,0,2,2
6,6,2,2,6,0,0,2,6
0,0,0,0,2,0,0,0,0
0,0,0,0,4,0,0,0,0
0,0,0,0,0,0,0,2,0
0,0,0,0,0,0,0,2,0
0,0,0,0,0,0,0,4,0
0,0,0,0,0,0,0,2,0
0,0,0,0,0,0,0,4,0
0,0,0,0,0,0,0,2,0
4,2,0,2,6,0,4,4,4
4,2,2,2,6,0,2,8,0
0,2,0,2,4,0,2,4,2
2,0,0,0,2,0,0,4,0
4,4,4,2,8,0,4,4,0
2,2,4,2,7,0,4,2,2
2,2,0,0,4,0,0,2,0
2,2,0,0,2,0,0,4,0
0,0,0,0,0,0,4,0,0
2,0,0,0,2,0,2,2,0
4,4,2,2,0,0,0,0,0
4,2,0,2,2,0,0,4,0
0,0,0,0,2,0,0,2,2
0,0,0,0,2,0,0,2,0
4,4,2,0,2,0,0,4,2
4,0,0,0,2,0,0,3,6
0,0,0,0,6,2,0,4,0
0,0,0,0,4,0,0,4,0
0,0,0,0,4,0,8,2,0
0,0,0,0,2,0,4,6,0
0,0,0,0,2,0,0,2,0
2,4,0,0,4,0,0,0,0
4,0,0,0,2,0,0,6,0
2,0,6,0,4,0,0,0,0
4,0,0,0,2,0,0,6,2
6,0,0,0,2,0,0,4,2
10,0,0,0,6,0,4,6,6
4,2,0,0,6,0,2,4,2
4,4,0,2,10,0,4,8,2
0,2,0,0,6,0,0,4,0
4,2,0,0,6,0,2,6,4
2,2,0,0,4,0,1,8,2
0,2,0,0,2,0,0,4,2
0,0,0,0,4,0,0,6,2
2,0,0,0,4,0,0,6,2
0,0,0,0,0,0,0,4,0
6,2,0,0,2,0,0,6,0
4,2,0,0,4,0,0,8,2
0,2,2,0,6,0,0,4,2
4,4,0,0,4,0,0,2,4
0,0,0,0,2,0,0,0,0
6,0,0,0,2,0,0,2,6
6,0,0,0,0,0,0,2,6
4,8,0,0,0,0,0,2,2
4,2,0,0,8,0,2,8,2
2,0,0,0,9,0,6,10,2
16,4,4,4,4,0,0,6,2
8,4,0,0,6,0,0,8,6
6,0,2,0,0,0,2,6,0
2,0,0,0,2,0,0,6,0
0,0,2,0,2,0,0,6,2
6,0,0,0,2,0,0,6,2
2,0,4,0,10,0,6,2,4
2,0,0,0,8,0,2,4,0
8,2,2,0,12,0,0,6,4
2,0,0,0,8,0,0,6,4
2,0,0,0,2,0,2,6,4
2,2,0,0,8,0,2,4,0
0,0,0,0,1,0,0,2,2
0,0,0,0,0,0,0,6,4
4,8,2,0,0,0,0,9,0
0,2,0,0,2,0,0,2,0
2,0,0,0,2,0,0,4,0
0,2,0,0,0,0,0,2,0
0,0,0,0,0,0,0,4,0
0,0,0,0,7,0,0,0,0
2,0,0,2,4,2,0,2,0
2,0,0,0,2,2,0,4,0
4,2,0,2,2,0,0,2,2
2,2,0,0,2,0,0,6,2
0,0,0,0,0,0,2,4,0
0,0,0,0,6,0,2,6,0
0,2,0,0,4,0,0,8,0
0,0,0,0,6,0,0,6,0
2,0,0,0,2,0,0,4,0
4,0,0,0,2,12,6,8,0
6,8,0,0,10,2,2,6,0
8,8,0,0,4,2,0,4,0
0,0,0,0,0,0,0,2,0
0,0,0,0,2,0,2,2,0
0,0,0,0,2,0,8,6,0
0,0,0,0,6,0,2,10,0
4,10,0,2,4,0,6,4,4
4,0,0,2,2,0,2,4,2
2,0,0,0,6,0,0,2,0
2,0,0,0,10,0,0,4,0
2,0,0,0,6,0,0,3,0
2,0,0,0,12,0,0,5,0
6,2,0,0,10,0,0,6,4
4,0,0,0,4,0,0,5,2
4,2,0,0,4,0,0,2,0
6,2,0,0,8,0,0,2,2
6,2,2,0,4,0,0,4,4
8,2,0,0,4,0,0,4,4
0,0,0,0,10,0,0,8,2
0,0,0,0,6,0,8,2,0
2,0,0,0,8,0,2,2,0
0,0,0,0,2,0,0,0,0
8,4,0,0,4,0,4,6,4
6,6,0,0,2,0,2,6,6
0,0,0,0,4,8,2,4,2
0,2,0,0,4,2,2,2,4
8,0,0,2,4,0,4,6,6
12,2,0,0,4,2,6,2,2
0,0,0,0,2,0,0,8,0
0,0,0,0,0,0,0,2,0
0,0,0,0,6,0,0,6,2
2,0,0,0,6,0,0,4,4
6,0,2,0,2,0,2,4,0
2,0,0,0,4,0,0,4,0
0,0,0,0,0,0,0,2,0
0,0,0,0,2,0,0,2,0
0,0,0,0,6,0,8,4,0
4,0,0,0,4,0,2,2,0
0,0,0,0,0,0,8,2,0
0,0,0,0,4,0,6,4,0
4,0,0,0,2,0,0,4,4
4,0,0,0,4,0,0,5,2
0,0,0,0,2,0,0,6,0
2,0,0,0,4,0,0,4,0
8,0,2,2,4,0,0,6,0
2,0,0,0,4,0,0,8,2
0,0,0,0,8,0,4,10,0
4,0,0,0,10,0,6,14,4
2,2,2,0,8,0,0,4,2
0,0,0,0,0,0,0,6,0
0,0,0,0,6,0,0,6,0
0,0,0,0,0,0,0,2,0
8,4,12,0,4,0,4,2,8
8,8,4,0,4,2,0,2,6
0,0,0,0,6,0,0,6,2
0,0,0,0,2,0,2,5,0
4,4,0,0,6,0,2,8,0
4,4,6,0,8,0,0,10,2
0,0,0,0,6,0,0,6,0
6,0,2,0,8,0,0,6,0
2,0,0,0,2,0,0,6,0
6,0,0,0,4,0,4,8,2
0,2,0,0,2,0,2,4,0
2,4,2,0,4,0,0,2,0
0,0,0,0,2,0,0,4,0
0,0,0,0,8,2,0,4,0
2,4,0,0,2,0,0,6,0
2,2,0,0,0,2,0,4,0
2,4,0,0,6,0,4,6,0
0,0,0,0,2,0,2,2,0
0,0,0,0,0,0,0,4,0
0,0,0,0,0,0,0,4,0
4,0,0,0,10,0,0,6,0
2,2,4,0,4,0,0,4,0
12,0,0,0,10,0,4,4,8
10,2,4,2,13,0,0,6,4
2,0,0,0,11,0,0,4,0
10,0,0,0,5,0,0,4,0
2,2,0,0,2,0,0,6,0
2,2,0,0,8,0,0,2,2
0,0,0,0,8,0,0,4,0
0,0,0,0,6,0,0,6,0
2,0,0,0,8,0,0,6,0
0,0,0,0,2,0,4,6,0
0,0,0,2,8,0,2,8,2
8,0,4,0,4,0,0,8,6
10,2,0,0,6,4,2,6,4
6,0,0,0,6,0,0,6,4
0,0,0,0,5,0,0,6,0
0,0,0,0,4,0,0,4,0
7,4,0,0,2,0,0,10,6
6,4,0,0,4,0,0,12,4
2,0,0,0,8,0,0,4,0
2,0,0,0,6,0,0,6,0
2,2,0,0,4,0,0,4,2
2,0,0,2,2,0,0,2,2
0,4,0,0,4,0,2,4,0
0,2,0,0,4,0,0,4,0
4,2,4,2,10,0,2,8,0
2,0,0,0,4,0,0,6,0
0,2,0,0,3,0,2,8,0
0,0,0,0,0,0,3,2,0
2,0,0,0,0,0,0,16,2
0,0,0,0,6,2,0,16,0
4,4,2,0,2,0,0,2,2
2,0,0,0,4,0,0,4,2
4,2,0,0,6,0,0,2,0
2,0,0,0,2,0,0,2,0
6,2,0,0,12,0,0,6,0
2,0,0,0,6,0,2,6,0
4,2,6,0,12,0,6,12,4
8,2,2,0,12,0,4,8,8
4,2,0,2,6,0,0,4,0
2,0,0,0,0,0,0,6,2
8,2,6,0,0,0,0,6,2
4,0,0,0,2,0,0,6,0
6,0,0,0,2,0,0,4,2
0,0,0,0,0,0,0,6,0
2,0,0,0,9,0,0,4,0
0,0,0,0,4,0,3,4,0
0,0,0,0,4,0,2,6,0
8,2,0,2,4,0,2,8,4
8,4,0,2,2,0,2,8,2
0,2,0,0,2,0,3,4,0
0,2,0,0,4,0,0,4,0
0,0,0,0,8,0,0,8,0
0,2,0,0,8,0,2,4,0
6,4,0,0,4,0,0,4,0
4,2,0,2,2,0,0,2,2
2,0,0,0,4,0,0,6,0
0,0,0,0,2,0,0,4,2
0,0,0,0,0,0,2,4,0
0,0,0,0,0,0,2,4,0
0,0,0,0,3,0,0,6,0
0,0,0,0,0,0,0,6,0
0,0,0,0,6,0,0,4,0
6,2,2,0,6,0,0,6,0
0,0,0,2,6,0,2,14,0
4,0,0,2,4,0,2,18,2
2,2,0,0,6,0,0,12,0
4,0,0,0,8,0,0,6,2
8,6,0,0,11,0,0,12,2
4,2,0,0,4,0,0,4,4
4,0,0,2,4,0,4,19,2
2,0,2,0,2,0,0,5,0
2,0,0,0,6,0,0,6,2
0,2,0,0,8,0,2,8,2
4,2,2,0,10,0,0,6,2
2,2,0,0,8,0,0,6,2
2,4,0,0,12,0,0,6,2
6,8,8,4,6,0,2,5,2
10,0,2,0,4,0,6,8,8
2,0,2,0,0,0,4,2,0
0,0,0,0,14,0,4,8,2
0,0,0,0,8,0,0,4,2
4,0,0,0,2,0,0,2,0
4,0,0,0,6,0,0,6,0
0,0,0,0,2,0,0,4,0
6,0,0,0,4,0,0,2,0
4,2,2,0,2,0,0,2,2
0,0,0,0,2,0,0,2,2
6,0,0,0,4,0,2,4,2
4,4,0,2,4,0,2,0,0
4,0,0,0,2,0,2,2,0
2,0,0,0,1,0,2,0,0
2,2,0,0,4,0,0,6,2
4,0,2,0,6,0,0,8,0
0,0,0,0,6,0,2,7,0
0,0,0,0,4,0,0,7,0
0,0,0,0,2,0,2,6,0
0,0,0,0,0,0,4,10,0
0,0,0,0,2,0,0,8,0
0,0,0,0,4,0,0,4,2
4,0,0,0,0,0,2,2,0
10,0,0,0,2,0,0,2,4
6,0,0,0,2,0,0,4,2
0,0,0,0,0,0,0,0,2
4,0,0,0,6,0,0,4,6
4,0,0,0,6,4,0,4,8
6,4,4,0,6,0,0,4,6
6,4,6,2,4,2,0,4,6
0,0,0,0,2,0,0,6,0
0,0,0,0,2,0,0,5,0
0,0,0,0,2,0,0,4,0
0,0,0,0,4,0,0,2,0
4,0,0,0,2,0,0,4,0
2,0,0,0,4,0,0,4,0
2,2,2,0,6,0,6,6,2
0,0,0,0,4,0,0,4,0
0,0,0,0,5,0,0,0,2
2,0,0,0,4,0,0,0,4
2,6,0,0,4,0,2,6,6
4,2,0,0,2,0,4,6,6
4,4,4,0,2,0,0,4,4
6,6,8,2,2,0,2,6,2
4,0,0,0,2,0,0,2,0
8,2,8,2,4,0,6,4,4
4,2,4,0,4,0,0,6,6
4,2,0,0,4,0,2,4,2
6,0,0,0,2,0,0,6,0
6,0,0,0,6,0,2,0,0
2,0,0,0,0,0,2,4,0
0,0,0,0,0,0,0,4,0
0,2,0,0,2,0,0,2,0
0,2,0,0,2,0,2,2,0
4,2,0,0,2,0,0,4,2
4,2,0,0,0,0,0,4,0
0,0,0,0,2,0,2,2,2
0,0,0,0,0,0,2,4,0
0,0,0,0,4,0,0,8,0
0,0,0,0,2,0,0,6,0
0,0,0,0,6,0,4,6,0
0,0,0,0,0,0,4,6,0
10,0,2,2,2,0,0,4,0
6,0,0,0,0,0,0,4,4
2,0,0,0,0,0,0,4,0
0,0,0,0,0,0,0,4,0
4,0,0,0,4,0,0,6,4
2,2,0,0,4,0,0,6,0
10,4,6,2,6,0,2,6,6
14,2,0,0,4,0,0,6,0
10,4,12,0,2,0,2,8,2
2,0,0,0,2,0,0,4,2
0,2,0,0,2,0,0,2,0
0,2,0,0,2,0,0,2,2
0,0,0,0,2,0,0,0,0
2,0,0,0,4,0,0,4,0
0,0,0,0,4,0,6,6,0
0,0,0,0,6,0,0,8,2
0,0,0,0,2,0,4,2,2
6,0,0,0,0,0,2,4,0
4,0,0,4,2,0,2,4,4
4,0,0,0,2,0,2,4,2
4,2,0,0,2,0,4,6,4
2,2,0,0,7,0,2,8,0
2,0,0,0,0,0,0,6,0
2,0,2,0,4,0,0,8,0
4,0,0,0,4,0,0,2,0
2,0,0,0,2,0,0,2,4
0,0,0,0,0,0,0,4,0
0,0,0,0,2,0,0,6,0
6,2,0,0,2,0,0,8,0
10,2,0,0,2,0,0,6,0
4,2,0,2,4,0,2,6,2
6,0,0,0,2,0,2,4,0
0,0,2,0,0,0,0,0,0
0,0,2,0,2,0,0,0,0
0,0,0,0,0,0,0,4,0
2,2,2,2,2,0,0,4,0
0,0,0,0,2,0,2,4,0
0,0,0,0,0,0,2,2,0
0,0,0,0,6,0,2,0,0
0,0,0,0,4,0,0,0,0
6,0,0,0,7,0,2,2,0
8,0,4,0,12,0,8,2,0
6,2,0,0,2,0,0,4,2
0,0,0,0,4,0,0,2,0
6,0,0,0,6,0,0,6,0
2,0,0,0,8,0,2,2,0
0,0,0,0,0,0,4,4,0
0,0,0,0,0,0,6,0,0
0,0,0,0,0,0,4,4,0
0,0,0,0,6,0,4,4,0
2,0,0,0,2,0,0,4,0
2,0,0,0,2,0,0,6,0
0,0,0,0,4,0,0,11,0
0,0,0,0,2,0,2,4,0
0,0,0,0,0,0,2,8,0
0,0,0,0,2,0,0,4,0
0,0,3,0,0,0,0,8,0
2,0,0,0,6,0,2,4,2
6,0,0,0,13,0,0,4,2
6,0,2,0,7,0,0,0,2
6,2,4,0,6,0,0,8,4
8,2,4,0,4,0,4,6,4
6,2,0,0,6,0,0,12,2
6,0,0,0,4,0,0,6,2
2,0,0,0,2,0,0,6,0
4,0,0,0,0,0,2,6,2
2,0,0,0,6,0,0,2,0
0,0,0,0,2,0,0,4,0
2,2,0,0,3,0,0,8,0
2,2,2,0,5,0,0,8,2
8,0,0,0,8,0,0,5,0
6,0,0,0,2,2,6,6,0
4,0,0,0,4,0,0,3,0
4,0,0,0,6,0,2,3,0
2,0,0,0,8,0,0,4,4
2,2,0,0,8,0,0,6,2
2,0,0,0,0,0,2,4,0
4,0,0,0,5,0,0,4,0
8,0,0,0,0,0,0,4,2
4,2,0,0,2,0,4,8,2
8,4,2,0,2,0,2,4,2
2,0,0,0,2,0,0,4,0
0,0,0,0,5,0,4,2,2
0,2,0,0,2,0,0,4,0
0,4,0,0,4,0,0,4,0
2,2,0,0,8,7,0,8,0
8,0,0,0,10,4,4,4,2
0,0,0,0,8,0,0,4,0
2,0,0,0,4,0,0,2,0
0,0,0,0,6,0,0,4,0
0,0,0,0,6,0,0,4,0
4,0,0,0,4,2,0,2,0
2,0,4,0,5,0,0,6,0
4,0,0,0,9,0,0,6,0
6,0,0,0,4,0,0,6,0
6,2,0,0,3,0,0,16,4
2,0,0,0,2,0,0,6,0
4,0,0,0,3,0,0,8,0
0,4,0,0,2,0,0,8,0
0,0,0,0,0,0,0,4,0
2,0,0,2,2,0,0,4,4
4,4,0,0,6,2,0,6,0
2,0,0,0,2,0,2,4,2
2,0,0,0,2,0,0,4,0
0,2,0,0,6,0,0,0,0
0,0,0,0,6,0,0,0,0
6,0,0,2,2,0,0,4,4
6,0,0,2,8,0,0,6,4
0,0,0,0,4,4,0,0,0
0,0,0,0,2,0,0,2,0
0,0,0,0,2,2,2,0,0
0,0,0,0,0,0,0,2,0
0,0,0,0,2,0,6,4,0
0,2,0,0,0,0,2,4,0
6,2,0,2,2,0,2,4,0
2,0,2,0,0,0,0,4,0
0,0,0,0,0,0,0,4,0
2,0,0,0,0,0,0,8,0
2,0,0,0,4,0,0,6,4
6,0,6,4,0,0,0,4,4
4,2,2,0,2,0,0,4,6
4,4,0,0,0,0,0,4,4
0,4,0,0,4,0,0,2,0
0,0,0,0,5,0,0,2,0
0,4,0,0,2,0,2,2,2
0,0,0,0,4,0,0,2,0
6,10,2,0,6,0,0,2,0
2,2,0,0,4,0,0,4,0
10,4,0,0,4,8,2,10,2
12,0,4,0,4,2,0,8,0
0,0,0,0,2,0,0,8,2
2,0,0,0,0,0,2,10,2
2,0,0,2,0,0,2,2,0
4,0,0,0,0,0,1,4,0
2,0,0,0,2,0,0,0,0
0,0,0,0,2,0,0,0,0
2,6,4,0,2,0,0,4,0
2,4,4,4,4,0,0,2,4
4,14,6,2,2,0,2,2,6
12,4,2,0,2,0,0,4,0
0,0,0,0,2,0,2,2,0
6,0,0,0,2,0,4,4,0
2,0,0,0,4,0,0,2,2
0,0,0,0,0,0,2,0,0
0,2,0,0,0,0,2,0,0
0,0,0,0,0,0,0,2,0
4,4,0,4,6,0,0,6,6
6,4,4,0,8,0,0,6,8
0,0,0,0,6,0,0,4,2
2,0,0,0,6,0,0,4,0
0,0,0,0,0,0,4,8,0
2,0,0,0,2,0,2,8,2
4,0,4,0,0,2,12,6,4
6,0,2,0,2,0,18,6,6
2,0,0,0,2,0,0,4,2
4,0,0,0,4,0,2,5,2
2,0,0,0,4,0,0,4,2
4,0,0,0,8,0,0,3,2
6,0,0,0,4,0,0,2,0
4,0,0,0,4,0,0,2,0
0,0,0,0,4,0,0,2,0
0,0,0,0,2,0,0,4,0
8,4,0,0,8,2,2,8,4
2,4,0,0,6,2,2,6,0
14,0,6,0,6,0,0,8,8
6,4,2,0,4,0,0,6,2
4,0,0,0,6,0,6,4,0
0,0,0,0,6,0,4,8,0
8,2,2,0,6,2,0,10,6
10,2,2,2,8,2,0,6,0
8,0,0,0,10,0,0,4,4
6,0,0,0,10,0,0,4,0
2,0,2,0,9,0,2,6,4
4,0,2,0,7,0,2,2,6
0,0,0,0,11,0,0,4,0
0,0,0,0,6,0,0,4,0
0,2,0,0,2,0,0,4,0
0,2,0,0,4,0,0,2,0
0,0,0,0,2,0,0,5,0
0,2,0,0,5,0,0,2,0
0,0,0,0,4,0,2,4,0
0,0,0,0,4,0,0,6,0
8,2,0,0,6,0,0,10,2
6,2,0,0,2,0,0,6,2
8,2,0,0,6,0,0,4,0
4,0,0,2,0,0,0,4,4
2,0,0,0,4,0,2,4,2
6,0,0,0,4,0,0,6,0
2,2,4,0,2,0,0,8,0
4,0,0,0,8,0,0,4,0
0,0,2,0,0,0,0,8,0
6,0,0,0,10,0,4,4,0
4,0,0,0,8,0,0,8,0
2,0,0,0,2,0,0,6,0
0,2,0,0,0,0,0,8,2
0,2,0,0,3,0,0,6,0
8,0,0,0,10,0,4,4,4
4,4,0,0,4,0,4,10,2
2,2,0,0,4,4,6,10,4
2,0,0,0,2,6,18,17,0
8,4,0,0,2,0,0,8,0
6,0,0,0,6,0,0,3,0
10,0,4,2,2,0,0,12,0
6,0,0,0,2,0,0,8,6
10,0,0,0,2,0,0,14,2
4,0,0,0,2,0,6,10,4
4,2,0,0,6,2,0,6,4
10,4,0,0,2,0,0,6,2
2,0,0,0,4,0,6,4,0
8,0,0,0,6,0,6,4,0
8,0,0,0,8,0,2,5,4
10,0,0,0,8,0,0,6,4
6,6,0,0,0,0,6,6,2
8,0,0,0,2,0,0,8,2
0,0,0,0,4,0,2,4,0
0,0,0,0,2,0,0,8,0
0,0,0,0,4,0,0,4,0
0,0,0,0,3,0,12,6,0
14,0,4,0,4,0,2,4,10
8,4,8,2,1,0,6,6,4
2,0,0,0,0,6,6,6,2
4,2,0,0,2,0,0,13,0
8,0,0,0,2,0,2,10,2
6,0,0,0,0,2,0,10,2
2,2,2,0,4,4,0,2,4
6,0,0,0,6,0,0,6,0
2,4,0,0,6,0,0,6,6
4,4,0,0,2,0,0,2,6
2,0,0,0,3,0,0,2,2
0,0,0,0,5,0,0,2,0
0,2,0,0,4,0,8,2,2
0,0,0,0,4,0,4,2,0
6,4,0,0,0,0,0,6,2
6,0,0,0,2,0,0,8,0
6,4,2,0,2,0,6,4,4
10,0,0,0,5,0,10,8,2
6,0,0,0,2,0,6,4,2
0,0,0,0,4,0,0,9,0
0,0,0,0,2,0,7,2,0
2,0,0,0,0,0,2,2,0
8,0,4,0,2,0,0,2,4
12,2,2,0,2,0,0,4,6
2,0,0,0,2,0,0,4,2
2,2,0,0,4,0,0,4,0
4,0,0,0,2,0,2,4,0
6,2,0,0,4,0,0,4,4
0,0,0,0,0,0,2,6,0
0,2,0,0,2,0,2,2,0
0,0,0,0,2,0,0,6,0
0,0,0,0,0,0,0,6,0
6,0,0,0,4,0,0,2,0
0,0,0,0,4,0,2,4,0
0,0,0,0,6,0,0,10,2
0,0,0,0,5,0,0,8,0
0,0,0,0,4,0,4,4,0
2,0,0,0,4,0,4,4,0
2,0,0,0,4,0,2,4,0
2,0,0,0,4,0,0,4,0
4,0,0,0,4,0,0,4,0
0,0,0,2,2,0,0,4,2
0,0,0,4,4,0,0,2,4
4,2,0,2,2,0,0,0,0
2,0,0,0,4,0,0,2,0
4,0,0,0,2,0,0,0,0
4,0,8,0,2,0,4,6,2
2,0,0,0,2,0,2,6,2
2,0,0,0,2,0,2,5,0
2,0,0,0,2,0,4,4,0
2,2,6,0,2,0,2,6,2
2,0,0,0,2,0,0,4,0
2,6,0,0,2,0,2,10,6
6,4,0,2,4,0,2,8,2
8,0,2,0,4,0,0,4,2
4,2,0,0,2,0,0,6,2
4,6,0,0,4,0,2,6,4
8,0,4,0,2,0,4,6,4
0,2,0,2,2,0,2,4,0
0,0,0,0,2,0,0,4,0
0,0,0,0,0,0,0,6,0
0,0,0,0,4,0,0,6,0
8,0,0,0,8,0,0,6,0
0,2,0,0,6,0,0,4,0
0,2,0,2,4,0,2,6,2
2,2,0,2,6,0,2,4,0
0,0,0,0,2,0,0,2,0
2,0,0,0,0,0,0,2,0
2,0,0,0,6,0,0,0,0
2,0,0,0,4,0,0,4,0
4,2,2,0,8,0,4,2,0
2,0,0,0,2,0,2,2,0
4,0,0,0,0,0,2,2,0
0,0,0,0,2,0,4,2,0
0,0,0,0,2,0,0,2,0
0,0,0,0,2,0,0,2,0
4,2,0,0,12,0,0,2,4
6,4,2,0,8,0,0,4,2
8,2,6,0,6,0,6,3,4
6,0,0,0,2,0,0,4,1
6,6,0,0,4,0,0,4,8
2,0,0,0,4,0,0,4,2
4,2,0,0,4,0,0,2,2
4,4,0,2,2,0,0,4,0
0,0,0,0,2,0,0,4,0
4,2,0,0,2,2,0,2,2
6,0,0,2,2,0,2,4,4
6,4,0,0,4,0,2,4,2
0,0,0,0,4,0,0,2,0
2,0,0,0,4,0,0,4,0
0,0,0,0,4,0,0,4,0
0,2,0,0,6,0,0,4,0
2,0,0,0,4,2,0,4,0
0,0,2,0,6,0,0,7,0
0,0,0,0,2,0,0,4,0
0,0,0,0,4,0,0,4,0
0,0,0,0,0,0,2,11,0
4,0,0,0,6,0,0,12,2
0,2,0,0,4,0,0,6,0
0,0,0,0,2,0,4,4,2
0,0,0,0,2,0,0,3,0
0,0,0,0,0,0,0,4,0
4,0,0,0,4,0,2,0,0
4,0,0,0,0,0,0,2,0
6,0,0,0,2,0,0,8,2
4,0,2,0,0,0,0,6,4
2,2,0,0,6,0,0,4,4
2,0,2,2,6,0,4,6,0
0,0,0,0,2,0,0,2,2
0,0,0,0,6,0,0,4,2
4,2,0,0,4,0,0,12,2
2,4,2,2,10,0,0,7,0
8,10,10,0,8,0,2,6,4
0,2,0,0,2,0,0,6,4
4,0,0,0,4,0,0,6,0
0,0,0,0,2,0,0,6,0
0,0,0,0,4,0,2,10,0
0,0,0,0,4,0,0,6,0
2,2,0,0,8,0,0,4,4
0,0,0,0,8,0,0,2,2
0,2,0,0,8,0,0,2,4
2,2,0,0,4,0,0,4,2
2,2,2,0,4,0,4,8,0
2,0,4,0,6,0,4,8,2
8,2,0,0,6,0,2,6,2
6,0,0,0,4,0,2,6,2
2,2,0,0,0,0,9,10,0
0,0,0,0,7,0,2,4,0
0,0,0,0,6,0,0,4,2
0,2,0,0,4,0,0,2,2
2,0,0,0,4,0,0,2,0
4,0,0,0,6,0,0,2,0
4,0,0,0,4,0,0,4,0
4,0,0,0,6,0,2,4,0
6,2,0,0,4,0,0,8,2
2,2,0,0,4,0,2,2,0
2,0,0,0,0,0,13,4,2
2,0,4,0,0,0,17,4,2
2,2,0,0,2,0,0,2,0
2,0,0,0,2,0,0,2,4
0,0,0,0,2,0,0,2,0
6,0,0,0,2,0,0,2,0
0,0,0,0,0,0,0,6,0
6,0,0,0,4,0,0,8,0
0,0,0,0,0,0,2,12,0
0,0,0,0,6,0,2,10,0
2,0,0,0,2,0,6,4,0
4,0,0,0,6,0,10,4,0
4,0,2,0,6,0,0,6,2
6,2,0,0,2,0,0,6,0
4,4,0,2,9,0,0,4,6
4,0,4,0,8,0,0,6,0
0,0,0,0,8,0,2,5,0
0,0,0,0,5,0,2,4,0
6,2,2,0,8,0,2,2,2
6,6,0,0,5,0,2,4,2
2,2,2,0,4,0,0,12,0
2,0,0,0,2,0,0,8,0
0,0,0,0,0,0,0,4,0
0,0,0,0,0,0,0,8,0
0,0,0,0,6,0,0,6,0
0,0,0,0,4,0,0,6,0
2,0,0,0,6,0,0,6,2
0,0,0,0,2,0,0,4,0
2,0,0,0,6,0,2,6,2
2,0,0,0,6,0,0,4,0
0,0,0,0,2,0,5,2,0
0,0,0,0,4,0,3,2,0
2,0,2,0,4,0,2,4,2
0,0,0,0,2,0,0,2,0
2,0,0,0,4,0,0,10,2
4,0,2,0,2,0,0,0,2
8,2,8,2,3,0,2,0,4
2,0,0,0,2,0,0,2,2
4,0,0,0,2,0,2,6,0
0,0,0,0,0,0,2,4,0
4,0,0,0,4,0,0,4,0
0,0,0,0,2,0,2,4,0
4,0,0,0,3,0,0,6,2
8,0,0,2,3,0,0,4,4
2,0,0,0,6,0,0,6,0
4,0,0,0,4,0,0,4,0
10,0,0,0,6,0,2,6,2
6,0,0,0,4,0,2,6,0
6,8,6,0,0,0,2,10,2
6,0,0,0,0,0,0,10,0
0,0,0,0,0,0,0,2,0
0,0,0,0,0,0,0,0,0
6,0,2,0,6,0,0,4,4
8,2,2,0,6,0,0,6,2
0,2,0,2,2,0,0,4,2
0,0,0,0,2,0,0,4,0
2,0,0,0,2,0,0,6,0
4,0,0,0,0,0,0,6,0
0,0,0,0,7,0,4,0,0
0,2,0,0,5,0,0,0,2
2,2,0,0,4,0,0,4,2
0,2,0,0,2,0,0,6,0
2,0,0,0,2,0,0,6,0
2,2,0,0,2,0,0,6,0
0,0,0,0,2,0,0,2,0
0,0,0,0,0,0,0,4,0
4,0,0,0,8,0,0,6,0
2,0,0,0,8,0,0,4,0
2,0,0,0,4,0,0,4,0
0,0,0,0,6,0,0,2,0
4,4,2,2,0,0,0,8,0
4,6,2,2,0,0,2,4,2
0,0,0,0,2,0,0,6,0
0,0,0,0,2,0,0,4,0
0,0,0,0,2,0,0,6,0
0,0,0,0,2,0,0,8,0
4,4,0,0,4,0,0,2,0
4,6,0,0,2,0,2,4,0
2,2,0,0,4,0,0,6,2
4,2,0,0,0,0,0,4,2
2,0,0,0,2,0,0,6,0
0,0,0,0,2,0,0,6,0
8,4,0,0,2,0,0,8,8
4,4,2,0,0,0,0,4,4
0,0,0,0,4,0,0,6,0
0,0,0,0,2,0,0,6,0
2,4,0,0,5,0,0,2,2
2,0,4,2,2,0,2,2,2
0,0,0,0,7,0,0,2,0
0,0,0,0,2,0,2,4,0
0,2,0,0,5,0,4,0,2
2,2,2,0,2,0,8,4,2
2,2,0,0,2,0,0,0,2
0,2,0,0,0,0,0,2,0
0,0,0,0,4,0,2,4,0
2,0,0,0,2,0,4,4,0
2,0,0,0,2,0,2,4,4
4,0,0,0,2,0,0,4,0
0,0,0,0,4,0,0,0,0
0,0,0,0,0,0,0,0,0
2,2,4,2,4,0,3,6,4
8,0,0,0,2,0,1,4,4
0,0,0,0,2,0,6,4,0
2,0,0,0,2,0,6,6,0
2,2,0,0,4,0,0,7,4
2,2,0,0,2,0,0,4,2
2,0,0,2,4,0,0,7,2
0,2,0,0,2,0,2,5,0
2,2,4,0,0,0,0,12,2
2,2,0,0,0,0,0,8,2
14,2,0,0,4,0,0,6,4
10,2,0,0,6,0,0,6,2
8,0,0,0,6,0,6,6,6
2,0,0,0,2,0,2,6,2
6,0,0,0,2,0,0,8,2
4,0,0,0,4,0,0,6,0
6,0,0,2,0,0,0,4,4
2,0,0,0,10,0,0,4,2
2,0,0,0,2,0,2,6,0
0,0,0,0,4,0,4,4,0
2,0,0,0,4,0,0,2,4
4,0,0,0,2,0,0,6,0
0,0,0,0,4,0,2,6,0
2,0,0,0,4,0,2,4,0
4,2,0,0,4,0,4,2,4
4,0,0,0,6,0,8,2,4
0,0,2,0,3,0,0,0,0
0,0,0,0,7,0,0,4,0
4,0,0,0,4,0,0,4,0
0,0,0,0,4,0,0,5,0
0,0,0,0,0,0,2,0,0
0,0,0,0,4,0,0,2,2
0,0,0,0,2,0,0,2,0
2,0,0,0,0,0,0,5,0
2,0,0,0,4,0,0,8,4
2,2,0,0,4,0,0,6,0
12,0,0,0,9,0,0,8,6
16,4,2,0,9,0,0,2,2
4,2,0,0,6,0,4,4,2
4,0,0,0,2,0,0,6,2
0,0,0,0,6,0,0,0,0
4,2,0,0,6,0,0,0,0
2,2,0,0,0,0,0,2,0
2,2,0,2,0,0,0,4,2
2,0,0,0,8,0,4,6,0
4,0,0,0,4,0,0,6,0
0,0,0,0,4,0,0,0,0
0,0,0,0,6,0,0,2,0
0,2,0,0,2,0,0,4,0
6,2,0,0,2,0,0,2,0
6,2,0,0,4,0,2,7,2
4,2,0,0,2,0,0,5,0
0,0,0,0,2,0,2,6,0
0,0,0,0,0,0,0,5,0
0,2,0,0,0,0,0,6,0
0,0,0,0,4,0,0,2,0
0,0,0,0,0,0,0,4,0
0,2,0,0,2,0,0,5,0
0,0,0,0,2,0,2,4,0
0,0,0,0,0,0,0,4,0
8,10,4,2,4,0,0,3,6
8,0,0,0,2,0,0,2,4
2,0,0,0,2,0,0,4,0
0,0,0,0,4,0,0,2,0
0,0,0,0,6,0,4,4,0
0,0,0,0,2,0,4,4,0
0,0,0,0,6,0,4,4,0
2,0,0,0,0,0,4,4,0
2,2,0,0,5,0,0,2,2
2,0,0,0,5,0,0,4,2
4,2,0,0,5,0,0,2,2
4,2,2,0,5,0,0,2,0
2,2,4,0,6,0,0,4,4
0,2,2,0,0,0,0,6,2
0,0,0,0,0,0,0,2,0
0,0,0,0,0,0,2,2,0
6,0,0,0,6,0,0,10,2
10,4,4,0,2,0,6,6,6
4,2,0,0,0,0,2,6,0
2,0,2,0,4,0,6,4,2
2,0,0,0,2,0,0,4,0
0,0,0,0,4,0,2,4,0
2,2,2,0,4,0,0,6,0
0,2,0,0,6,0,0,2,2
4,0,0,0,2,0,0,2,2
2,0,0,0,2,0,0,2,2
2,2,0,0,8,0,0,6,0
0,0,0,0,4,0,0,2,0
0,0,0,0,8,0,0,4,2
0,0,0,0,4,0,0,2,0
2,4,4,0,8,0,0,4,4
4,2,4,2,10,0,0,2,4
2,0,0,0,8,0,2,4,0
0,2,0,0,6,0,2,8,0
2,0,0,0,4,0,0,4,0
2,0,0,0,4,0,0,2,2
0,2,0,0,8,0,2,4,0
0,0,0,0,6,0,0,6,0
0,0,4,8,8,0,6,5,0
0,0,4,0,4,0,6,6,4
6,4,2,0,2,0,0,4,0
4,0,0,0,4,0,2,6,0
8,4,0,0,4,0,0,2,0
4,6,2,0,4,0,0,4,2
0,0,0,0,2,2,0,6,0
0,0,2,0,6,0,0,8,2
4,4,0,0,2,0,0,10,2
2,0,0,2,2,0,0,9,2
4,4,2,0,2,0,2,10,4
0,0,2,0,0,0,0,8,0
2,6,4,0,12,0,0,6,6
6,0,0,0,6,0,0,3,6
6,8,2,0,4,0,2,2,4
2,0,0,0,8,0,0,8,0
2,0,0,0,2,0,0,4,0
2,0,0,0,0,0,0,6,2
0,0,0,0,2,0,0,2,0
0,0,0,0,2,0,0,0,0
4,0,6,0,6,0,4,6,4
2,0,4,0,2,0,2,4,2
0,0,0,0,4,0,0,2,0
2,2,0,0,4,0,0,4,0
12,0,0,0,0,0,2,14,2
6,0,0,0,0,0,2,12,2
4,2,2,0,2,0,0,4,4
4,2,0,0,2,0,0,2,4
14,0,10,0,0,0,6,6,2
6,0,10,0,4,0,2,6,4
8,0,0,0,0,0,2,4,0
0,0,0,0,2,0,0,5,0
0,0,0,0,5,0,4,2,0
0,0,0,0,2,0,4,2,0
0,0,0,0,0,0,0,0,0
0,0,0,0,0,0,7,2,0
4,0,0,2,0,0,2,8,0
6,0,0,0,4,0,2,6,0
2,0,0,0,0,0,0,4,0
4,0,0,0,6,0,4,4,0
16,4,0,2,8,0,4,8,4
12,4,2,0,10,0,4,4,4
0,0,0,0,6,0,4,7,0
2,0,0,0,8,0,0,6,0
2,2,0,0,5,0,0,2,0
0,0,0,0,13,0,2,2,0
10,2,0,0,6,0,0,2,2
4,2,4,0,0,0,0,2,2
0,0,0,0,2,0,0,2,0
0,0,0,0,2,0,0,2,0
0,4,0,2,6,0,0,8,2
4,4,0,0,4,0,0,4,0
6,2,0,2,0,0,0,4,0
10,6,4,2,10,0,0,10,0
0,0,0,0,2,0,0,6,0
0,0,0,0,3,0,0,6,0
6,6,2,0,8,4,6,8,4
2,4,0,0,8,0,0,8,2
4,0,0,2,2,0,0,9,2
4,4,8,0,8,0,0,8,2
8,4,0,0,10,0,2,6,4
6,4,0,0,4,0,2,10,0
0,4,2,0,6,0,0,3,2
2,2,0,0,2,0,2,4,0
2,0,0,0,2,0,0,0,0
2,0,0,0,2,0,2,2,0
0,0,0,0,1,0,0,2,0
0,0,0,0,4,0,0,2,0
0,2,2,2,2,0,0,8,4
2,2,0,2,2,0,0,6,2
0,0,0,0,4,0,4,2,0
0,0,0,0,2,0,0,4,0
0,0,0,0,6,0,0,6,0
0,0,0,0,4,0,0,6,0
0,0,0,0,2,0,2,4,0
0,0,0,0,4,0,2,2,0
10,2,2,0,6,0,0,6,4
4,2,0,2,8,0,0,8,2
0,0,0,0,2,0,0,2,0
0,0,0,0,0,0,0,0,0
4,2,0,2,4,0,2,8,4
8,2,2,2,6,0,2,2,6
0,0,0,0,2,0,0,4,0
0,0,0,0,0,0,0,6,2
0,0,0,0,0,0,0,6,0
0,0,0,0,0,0,0,6,0
0,2,0,0,0,0,0,4,0
0,0,0,0,0,0,0,4,0
0,0,0,0,5,0,2,6,0
2,0,0,0,2,0,0,6,0
2,2,2,0,2,0,0,6,0
0,0,0,0,6,0,0,4,0
0,0,0,0,0,0,0,4,0
4,0,0,0,4,0,2,8,4
4,0,0,0,4,0,0,4,0
2,0,0,0,2,0,0,4,0
4,0,0,0,4,0,0,2,0
2,0,0,0,2,0,0,2,0
2,0,0,0,2,0,0,4,2
2,0,2,0,2,0,0,4,2
2,4,2,0,4,0,0,8,0
0,0,0,0,2,0,0,10,0
4,2,0,0,5,0,0,4,0
6,0,0,0,13,0,0,0,2
12,0,0,0,13,0,0,4,0
4,0,0,0,17,0,0,2,0
6,2,0,0,13,0,0,4,2
12,4,2,0,13,0,0,4,0
2,6,0,0,2,2,0,2,2
4,6,0,0,2,0,0,4,2
0,0,0,0,4,0,2,8,0
0,0,0,0,6,0,0,2,2
8,2,4,2,2,0,0,6,0
2,0,0,0,10,0,0,8,2
10,2,0,0,4,0,0,4,4
8,2,0,0,6,0,0,4,4
2,2,4,0,4,2,0,4,0
6,0,2,0,2,0,0,2,2
0,0,0,0,4,0,4,6,0
0,0,0,0,6,0,2,2,0
2,0,0,0,2,0,0,4,0
0,0,0,0,6,0,0,8,0
2,0,0,0,3,0,4,4,0
0,0,0,0,0,0,4,2,0
2,0,0,0,4,2,4,2,0
2,0,0,0,4,0,0,4,0
10,2,2,0,8,0,0,2,2
4,4,4,0,4,0,4,3,4
2,0,0,0,6,0,0,8,0
0,0,0,0,2,0,0,8,0
0,0,0,0,2,0,0,6,0
0,0,0,0,3,0,0,2,0
4,0,0,0,6,0,0,4,0
0,0,0,0,4,0,0,6,0
0,0,0,0,3,0,0,2,0
0,0,0,0,6,0,0,6,0
0,0,0,0,2,0,0,2,0
0,0,0,0,4,0,7,4,0
0,0,0,0,4,0,0,6,0
2,0,0,0,4,0,2,2,0
0,0,0,0,2,2,2,6,0
2,0,0,0,0,2,0,2,0
4,0,0,0,6,0,2,4,0
4,0,4,0,12,0,2,2,2
8,2,0,0,12,0,0,6,4
0,2,0,0,2,0,0,4,2
0,2,0,0,2,0,2,6,0
0,0,0,0,0,0,2,6,0
0,0,0,0,6,0,2,6,0
0,0,0,0,0,0,0,5,0
4,0,0,0,0,0,2,2,2
0,0,0,0,4,0,0,4,0
4,0,0,0,2,0,2,0,2
4,0,0,0,2,0,4,0,0
6,0,0,0,2,0,2,0,0
4,0,0,0,2,0,4,0,0
4,4,0,2,0,2,0,6,4
4,2,0,0,0,0,0,6,0
0,0,0,0,0,0,9,8,0
10,2,0,0,0,0,8,10,0
4,0,0,0,4,0,2,4,0
4,0,2,0,0,2,0,6,0
2,0,0,0,4,0,0,4,0
2,0,0,0,0,0,0,4,0
4,2,4,0,12,0,0,4,0
0,0,0,2,0,2,0,6,0
4,2,0,2,8,0,2,6,4
10,0,2,2,2,0,2,6,0
8,2,2,2,6,0,12,2,4
0,0,0,0,2,0,4,6,0
0,0,0,0,2,0,0,6,0
0,0,0,0,0,0,0,0,0
0,0,0,0,0,0,0,2,0
4,0,0,0,0,0,4,4,0
0,0,0,0,6,0,0,4,0
0,0,0,0,6,0,0,4,2
0,0,0,0,6,0,0,4,2
0,2,0,0,4,0,0,4,2
2,0,0,0,2,0,0,4,4
4,0,0,0,2,0,0,6,6
2,0,0,0,2,0,0,2,0
0,2,0,0,0,0,0,2,0
4,6,4,2,1,0,0,10,2
8,4,2,0,0,0,0,6,4
0,0,0,0,2,0,4,4,0
0,0,0,0,2,0,2,4,0
0,0,0,0,4,0,0,4,0
0,0,0,0,6,0,0,4,0
0,0,0,0,4,0,0,0,0
2,2,4,0,2,0,8,4,2
2,0,0,0,4,0,0,4,2
6,2,0,0,6,0,0,2,6
2,0,0,0,2,0,0,8,0
2,0,0,0,6,0,0,4,0
4,0,0,0,9,0,0,6,0
18,0,0,0,6,0,2,12,2
6,0,0,0,2,0,0,6,0
8,0,0,0,4,0,0,2,0
2,4,0,0,8,0,0,6,6
4,0,2,0,6,0,0,4,2
8,0,0,0,6,0,2,10,4
6,0,0,0,6,0,0,8,2
8,2,0,2,6,0,0,6,2
10,0,0,0,8,0,0,6,4
2,0,0,0,6,0,0,4,2
0,0,0,2,2,0,0,4,2
2,0,0,0,4,0,0,8,2
2,0,0,0,0,0,0,4,2
0,0,0,0,4,0,0,4,0
0,0,0,0,6,0,0,4,0
0,0,0,0,4,0,2,4,0
0,0,0,0,7,0,0,4,0
4,0,0,0,2,0,0,8,0
2,2,0,0,2,0,0,4,0
4,6,2,0,10,0,0,6,4
10,4,2,0,2,0,0,4,6
0,4,0,0,2,0,2,6,0
0,2,2,0,5,0,4,4,0
0,0,0,0,5,0,4,0,0
2,0,0,0,3,0,4,2,0
4,2,2,0,8,0,4,4,0
12,5,4,0,10,0,0,4,2
2,0,0,0,2,0,2,6,0
4,0,0,2,4,0,0,4,0
2,4,2,0,6,0,0,4,0
0,2,0,0,6,0,0,0,0
4,4,0,0,8,0,0,8,6
4,0,0,0,8,0,0,6,4
10,0,0,0,10,0,0,4,0
6,0,0,0,6,0,0,8,2
0,0,0,0,0,0,0,4,2
0,0,0,0,4,0,0,4,0
2,6,2,0,2,0,0,7,0
4,0,0,0,2,0,0,2,2
0,0,0,0,0,0,2,8,0
0,0,0,0,0,0,0,6,0
0,0,0,0,0,0,0,12,0
0,2,0,0,2,0,2,10,0
0,0,0,0,4,0,2,4,0
0,0,0,0,2,0,0,8,0
4,0,2,0,6,0,0,6,2
4,2,0,0,2,0,0,6,2
4,0,0,0,0,0,0,4,0
0,0,0,0,2,0,0,0,0
0,0,0,0,0,0,0,2,0
0,0,0,0,4,0,2,2,0
0,0,0,0,8,0,0,4,2
6,0,2,0,6,0,0,2,0
0,0,0,0,8,2,0,6,2
0,0,0,0,6,0,0,4,0
4,4,0,0,4,0,6,6,6
4,4,0,0,2,0,4,8,4
0,0,0,0,0,0,11,2,0
2,0,0,0,2,0,4,0,2
2,2,0,2,2,2,0,0,4
4,0,0,0,2,0,0,0,0
2,0,2,0,4,0,2,2,0
0,0,0,0,4,0,2,2,0
0,0,0,2,2,0,4,6,0
2,0,0,0,3,0,2,8,0
0,0,0,0,4,0,4,2,0
0,0,0,0,2,0,5,2,0
0,0,0,0,6,0,0,8,0
0,0,0,0,2,0,0,4,0
2,0,0,0,2,0,0,2,0
0,0,0,0,2,0,0,2,0
8,0,2,0,0,0,12,4,0
2,0,0,0,0,0,2,6,0
0,4,4,0,2,0,0,4,4
2,0,0,0,2,0,0,4,0
4,0,0,0,10,0,10,0,0
6,0,0,0,6,0,4,2,0
8,0,2,0,10,0,0,2,2
2,0,4,0,2,0,0,2,2
8,4,0,0,2,0,0,6,6
8,6,2,0,4,0,0,6,4
4,8,2,0,2,0,4,8,0
2,0,0,0,4,0,4,2,4
6,0,0,0,3,0,0,2,4
2,0,0,0,2,0,4,4,2
2,6,0,0,3,0,2,6,2
4,0,0,0,6,0,0,8,0
4,8,2,0,3,0,4,8,0
4,0,2,2,16,0,2,2,0
2,2,0,0,9,0,0,14,2
2,0,10,2,12,2,0,10,4
0,0,0,0,2,0,0,6,0
4,0,0,0,2,0,0,5,0
4,0,0,2,6,0,4,4,0
2,0,0,0,2,0,2,0,0
2,2,0,0,2,0,0,2,4
2,2,0,4,2,0,4,2,2
0,0,0,0,4,0,2,2,0
2,0,0,0,0,0,2,2,0
4,0,2,0,0,0,0,6,0
0,0,0,0,2,0,0,4,4
4,0,0,0,2,0,0,4,4
2,0,0,0,2,0,0,8,6
0,0,0,0,4,0,5,2,0
0,0,0,0,2,0,2,2,0
4,0,0,0,4,0,0,6,2
4,0,0,0,8,0,0,5,0
4,2,0,0,6,0,0,2,2
4,0,0,0,12,0,0,8,0
10,0,0,0,5,0,2,10,4
10,6,4,0,6,0,4,12,2
4,2,0,0,6,0,2,10,4
4,2,0,0,4,0,0,8,6
4,2,0,0,8,0,0,4,0
2,2,2,2,0,0,0,6,0
6,0,0,0,4,0,2,4,0
2,0,0,0,0,0,0,4,0
0,0,0,0,4,2,2,2,0
0,0,0,0,0,0,2,6,0
8,0,0,0,8,0,2,3,2
0,0,0,0,0,0,0,2,0
0,2,0,0,8,0,12,4,0
2,0,0,0,2,0,6,8,0
4,2,0,0,6,0,2,6,0
2,0,0,0,4,0,0,6,0
8,2,0,0,4,0,0,6,2
8,0,0,0,0,0,0,6,0
0,0,0,0,2,0,0,4,0
0,0,0,0,4,0,0,6,0
0,2,0,0,8,0,2,4,0
2,0,0,0,0,0,0,4,0
12,0,0,0,10,0,0,6,4
6,0,0,0,2,0,0,2,2
10,4,0,0,4,2,0,4,2
8,0,0,0,2,0,4,4,4
2,2,0,0,4,2,0,6,0
2,0,0,2,2,2,2,8,0
0,0,0,0,1,0,0,2,0
0,0,0,0,3,0,0,0,0
0,0,0,0,6,0,2,4,0
2,0,0,0,4,0,0,6,0
8,0,2,2,10,2,4,6,2
6,0,4,0,6,0,0,6,2
0,2,0,0,8,4,0,4,2
2,0,0,0,8,4,0,2,0
2,0,0,0,6,0,0,6,0
6,0,0,0,4,0,6,4,2
2,0,0,0,6,0,0,6,0
2,2,0,0,2,0,2,4,4
2,4,0,0,2,0,2,6,0
2,0,0,0,2,0,2,6,0
10,6,2,0,4,0,0,4,4
6,6,4,2,2,0,0,4,6
0,2,0,0,6,0,0,4,2
6,4,0,0,4,0,0,8,2
12,4,2,0,2,0,2,8,2
8,2,0,2,2,0,0,8,2
2,4,0,0,4,0,0,4,2
6,4,2,6,2,0,0,8,0
2,2,2,0,4,0,0,8,0
2,2,0,0,4,0,2,4,2
0,4,0,0,4,0,0,9,0
0,0,0,0,6,0,0,4,0
0,0,0,0,2,0,0,0,0
0,0,0,0,8,0,0,0,0
2,6,6,0,2,0,0,2,4
8,2,0,2,6,0,4,2,4
0,0,0,0,4,0,0,0,0
0,0,0,0,4,0,0,0,0
0,0,0,0,0,0,0,6,0
0,0,0,0,0,0,0,4,0
0,0,0,0,0,0,0,4,0
4,2,2,0,12,0,6,1,4
0,0,0,0,10,0,6,2,0
0,0,0,0,2,2,8,0,2
0,0,0,0,2,0,6,6,2
4,0,0,0,4,0,0,6,0
6,0,2,0,8,0,0,8,0
0,0,0,0,4,0,0,10,0
0,0,0,0,2,0,0,8,0
4,0,4,0,6,0,0,4,4
2,0,0,0,4,0,0,2,0
0,0,2,0,0,0,0,4,0
2,2,2,2,2,0,0,6,0
0,0,0,0,0,0,0,4,0
0,0,0,0,2,0,0,0,0
2,0,0,0,6,0,2,4,2
2,0,0,0,6,0,2,2,0
2,2,2,0,2,0,4,2,2
2,0,0,0,0,0,0,2,0
4,0,0,0,2,0,0,4,4
4,0,0,0,2,0,2,6,0
0,0,0,0,0,2,0,2,0
0,0,0,0,0,0,0,4,0
2,0,0,0,10,0,4,12,2
2,0,2,0,14,0,4,6,0
8,4,10,2,8,0,0,6,4
10,4,6,0,10,0,0,4,0
6,2,0,2,8,0,0,6,2
2,2,0,0,7,0,0,6,2
0,0,0,0,9,0,0,4,0
0,0,2,0,8,0,2,4,0
4,0,0,0,2,0,0,10,0
2,0,0,0,8,0,0,8,0
2,0,0,0,2,0,0,4,0
0,0,0,0,5,0,0,4,0
0,0,0,0,2,0,0,6,0
0,0,0,0,2,0,4,6,0
0,2,2,0,2,0,2,6,2
0,2,0,0,2,0,2,6,2
6,0,0,0,2,0,2,8,4
6,2,0,0,6,0,0,8,0
0,6,0,0,2,0,0,4,0
0,2,0,0,0,2,4,1,0
0,0,0,0,0,0,0,4,0
2,0,0,0,6,0,0,4,2
2,4,2,0,5,0,4,2,6
2,0,0,0,6,0,0,4,0
0,0,0,0,6,0,0,2,0
0,0,0,0,8,0,0,6,0
4,2,0,0,2,2,0,4,2
5,0,0,0,2,2,0,4,4
4,2,0,0,6,0,0,6,4
6,0,0,0,2,0,0,4,0
6,2,0,0,4,0,6,4,6
2,2,2,2,6,0,6,4,2
2,2,0,0,2,0,4,2,2
4,0,0,0,6,0,4,2,2
12,0,2,0,4,2,0,8,2
8,4,2,0,4,2,0,10,2
0,0,0,0,6,0,0,2,0
2,0,0,0,14,0,0,2,0
6,2,8,2,3,10,0,2,2
0,0,0,0,1,0,0,6,0
2,0,0,0,6,4,0,6,0
4,0,0,0,0,4,0,6,0
4,2,0,0,4,0,6,4,0
0,0,0,0,4,0,0,8,0
0,0,0,0,4,0,0,8,0
4,0,0,0,4,0,2,6,0
8,0,0,0,2,0,2,2,0
4,2,2,0,0,0,0,4,0
0,2,0,0,4,0,2,2,2
0,0,0,0,0,0,0,4,0
0,0,0,0,0,0,4,6,0
0,0,0,0,0,0,0,4,0
4,0,0,0,2,0,0,2,0
2,2,0,0,0,2,2,2,0
0,0,0,0,2,0,0,0,0
4,0,0,0,2,0,2,0,0
2,0,0,0,2,0,2,4,0
2,0,0,0,2,0,0,6,0
6,2,2,0,4,0,0,8,4
10,0,0,0,2,0,2,4,4
2,0,0,0,2,0,0,2,0
2,0,0,0,2,0,0,2,0
2,2,0,0,2,0,4,4,0
0,0,0,0,2,0,0,4,0
0,2,0,0,6,0,2,4,2
0,0,0,0,2,0,0,6,0
0,0,2,0,6,0,0,2,0
2,2,2,0,2,0,0,4,2
0,0,0,0,4,0,0,2,0
0,0,0,0,0,0,0,4,0
0,0,0,0,2,0,0,4,0
0,0,0,0,2,0,0,4,0
4,2,0,0,5,0,0,6,0
4,2,0,0,6,0,0,6,0
8,4,0,0,8,0,0,0,0
12,6,2,0,8,0,4,4,2
4,0,0,0,8,0,0,3,4
6,4,0,0,6,0,2,4,4
2,0,0,0,8,0,2,1,0
2,0,0,0,4,0,2,6,0
0,0,0,0,6,0,0,5,0
0,0,0,0,0,0,0,6,0
0,4,0,0,6,0,0,6,0
2,6,0,4,4,0,0,5,0
0,0,0,0,2,0,2,4,0
0,0,0,0,4,0,0,5,0
0,0,0,0,0,0,0,4,0
2,0,0,0,6,0,0,4,0
8,8,4,0,2,0,0,4,2
6,4,0,0,2,0,0,4,0
12,6,2,0,4,0,2,2,4
6,4,2,0,2,4,2,6,0
2,2,0,2,2,0,2,6,0
2,0,0,0,2,0,0,10,0
2,0,0,0,0,4,2,4,2
2,0,2,0,2,2,6,8,8
4,0,0,0,2,0,0,4,0
0,0,0,0,2,0,0,2,2
2,0,3,0,2,0,0,6,0
4,4,4,0,6,0,0,9,0
0,0,0,0,2,0,0,4,0
0,2,0,0,2,0,0,8,0
4,0,0,0,2,0,8,2,2
10,0,2,0,4,0,4,2,0
2,0,0,0,2,0,4,6,0
4,0,0,0,4,0,4,4,2
4,0,0,0,2,0,0,4,0
0,0,0,0,6,0,6,6,0
0,0,0,0,2,0,2,6,0
0,0,0,0,6,0,4,4,0
10,2,2,0,6,0,6,4,4
2,0,0,0,0,0,0,4,0
2,2,0,0,8,0,2,4,2
4,0,0,0,4,0,2,4,2
0,0,0,0,2,0,2,6,0
2,0,0,0,2,0,0,6,0
2,2,0,0,2,0,0,6,0
2,0,4,0,0,0,0,2,0
0,0,0,0,0,0,0,2,0
4,0,0,0,2,0,0,0,0
14,8,8,0,4,0,0,10,2
10,2,6,0,2,0,0,12,2
0,0,0,0,6,0,0,6,2
2,0,0,0,4,0,0,6,0
2,2,0,0,4,0,0,6,0
0,0,0,2,6,0,0,8,0
2,0,0,0,2,0,0,10,0
4,2,0,0,0,0,0,8,2
6,0,0,0,6,0,0,4,0
2,0,0,0,8,0,2,4,0
2,2,2,0,4,0,4,6,2
0,0,0,0,4,0,4,6,0
2,2,0,0,4,0,4,8,0
0,0,0,0,0,0,0,4,0
4,2,2,0,2,0,0,4,2
0,0,2,2,6,0,2,3,2
2,0,0,0,0,0,0,4,0
0,0,0,0,2,0,0,4,0
2,0,0,0,0,0,0,4,0
0,0,0,0,2,0,0,4,0
0,0,0,0,4,0,2,4,2
6,2,0,0,0,0,0,4,2
0,2,0,0,2,0,2,4,0
4,0,0,0,0,0,2,6,0
6,2,0,0,4,0,0,4,2
0,0,0,0,0,0,2,4,0
2,4,0,0,6,0,2,4,8
2,0,0,0,3,0,4,8,4
4,2,0,0,0,0,2,0,0
2,0,4,0,2,0,4,0,0
2,2,0,0,6,0,2,4,2
0,0,0,2,4,0,0,8,0
2,4,0,0,2,2,2,2,2
0,2,0,0,2,0,0,6,0
6,0,0,0,1,0,0,8,0
6,0,0,0,4,0,5,4,0
0,0,0,0,4,6,0,2,0
0,0,0,0,2,2,0,2,0
10,6,6,0,2,0,2,9,4
4,0,0,0,2,0,0,4,0
6,2,2,0,10,0,0,6,4
4,2,0,0,2,0,0,4,2
0,0,0,0,6,0,0,4,0
0,0,0,0,4,0,0,6,0
0,0,0,0,2,0,0,4,0
0,0,0,0,2,0,0,6,0
4,0,0,0,2,0,0,3,0
6,2,2,0,4,0,6,6,2
14,10,8,2,8,0,0,1,2
8,2,0,0,14,0,4,0,0
6,0,0,0,0,0,0,8,0
4,2,0,0,4,0,0,6,2
6,0,0,0,8,2,0,4,4
10,2,0,0,4,2,2,5,0
0,0,0,0,4,0,4,4,0
0,0,0,0,6,0,2,5,0
0,0,0,0,3,0,0,0,0
0,0,0,0,3,0,0,0,0
4,4,0,0,4,0,0,6,2
4,0,0,0,4,0,0,4,2
0,2,0,0,0,0,0,4,2
2,0,0,0,2,0,2,8,2
4,0,0,0,2,0,0,2,0
0,0,0,0,4,0,0,2,0
2,2,0,0,6,0,0,4,0
2,0,0,0,2,0,0,4,0
0,0,0,0,2,0,2,6,0
0,0,0,0,5,0,4,8,0
0,0,0,0,0,0,2,6,0
0,0,0,0,2,0,0,4,0
0,0,0,0,0,0,2,2,0
0,0,0,0,0,0,2,2,0
2,0,0,0,4,0,2,8,0
0,0,0,0,2,0,2,8,0
2,2,0,0,4,4,0,7,6
0,0,0,0,4,2,0,6,6
8,0,0,0,4,0,0,6,0
6,0,2,0,0,0,0,6,0
2,0,0,0,6,0,0,2,0
2,0,0,0,2,0,0,2,0
0,0,0,0,0,0,6,4,0
0,0,0,0,0,0,4,2,0
2,0,0,0,6,0,0,10,2
6,6,0,0,8,0,0,8,2
4,0,0,0,4,0,0,4,2
4,2,0,0,6,0,0,4,4
4,0,2,0,4,0,10,2,2
4,0,0,0,4,0,8,2,4
10,4,4,0,4,2,6,8,6
8,0,0,0,8,0,14,8,4
2,0,0,0,4,0,0,4,2
0,0,0,0,4,0,0,2,0
0,0,0,0,2,0,0,4,0
6,0,0,0,2,0,0,4,0
0,0,0,0,2,0,2,2,0
0,0,0,0,4,0,2,2,0
4,0,0,0,2,0,2,20,2
4,2,4,0,2,0,0,8,2
0,0,0,0,6,0,0,6,0
0,0,0,0,4,0,4,6,0
2,0,0,0,0,0,2,4,0
2,0,0,0,6,0,4,2,0
0,0,0,0,0,0,0,2,0
2,0,0,0,2,0,0,4,0
4,6,2,0,8,0,0,12,0
6,8,0,0,4,0,0,10,0
6,2,0,0,6,0,2,8,2
4,2,0,0,3,0,2,6,2
8,0,0,0,10,0,0,2,10
6,4,6,2,4,0,0,4,4
10,4,6,0,0,1,8,6,6
10,4,8,0,6,2,0,10,6
4,2,0,0,2,0,2,6,2
4,2,0,0,4,0,0,2,2
0,0,0,0,9,0,0,2,0
0,0,0,0,0,0,0,4,0
0,0,0,0,3,0,2,0,0
0,0,0,0,2,0,0,0,0
0,0,0,0,6,0,0,2,0
0,0,0,0,2,0,0,4,0
0,0,0,0,2,0,2,10,1
0,4,0,0,4,0,0,0,0
2,0,0,0,0,0,4,10,0
2,2,0,0,5,0,0,2,0
10,8,0,0,8,4,0,6,4
2,4,2,0,4,2,0,6,2
4,0,0,0,2,0,0,6,0
4,0,0,0,2,0,0,8,0
0,0,0,0,2,2,2,2,0
4,0,0,0,6,0,0,2,0
6,0,0,0,4,2,2,4,4
6,0,0,0,2,2,2,6,4
6,2,6,4,4,0,2,8,8
4,0,4,0,0,0,0,10,4
0,0,0,0,4,0,6,6,0
0,0,0,0,6,0,2,8,0
4,0,0,0,6,0,2,2,0
0,0,0,0,2,0,0,2,0
4,0,0,0,4,0,0,4,0
4,0,0,0,4,4,0,9,0
2,0,0,0,2,0,0,2,0
0,0,0,0,3,2,0,2,0
12,2,0,0,6,0,2,10,8
10,4,0,0,2,2,0,10,4
0,0,0,0,8,0,0,2,0
4,0,0,0,12,0,4,2,0
2,0,0,0,10,0,2,10,6
6,0,0,0,8,0,6,9,8
12,4,2,0,4,0,0,10,6
10,0,0,0,2,0,2,8,6
8,2,0,0,12,0,0,2,2
2,0,0,0,4,0,0,2,0
8,10,0,0,2,0,0,6,10
0,6,0,0,2,0,0,4,2
12,6,2,0,2,0,0,4,2
6,0,0,0,0,0,0,4,0
6,2,0,0,2,0,0,4,0
8,0,0,0,0,0,0,6,0
4,2,0,0,0,2,8,2,2
0,0,0,0,0,0,4,4,0
2,0,0,0,2,0,10,8,0
0,0,0,0,0,0,0,7,0
4,4,4,0,0,2,2,12,0
4,0,0,0,0,2,2,7,0
6,2,2,0,6,0,4,8,4
8,4,0,0,6,0,4,6,4
0,0,0,0,2,0,2,8,0
0,0,0,0,6,0,0,9,0
4,0,0,0,4,0,0,4,4
2,0,0,0,2,0,0,4,2
4,0,4,0,2,0,0,4,0
8,0,0,0,0,0,0,6,2
22,4,0,0,4,0,2,6,4
14,4,0,0,5,0,0,6,4
0,0,0,0,15,0,2,6,0
0,0,0,0,7,0,0,2,0
0,0,0,0,5,0,0,2,2
6,2,0,0,4,0,0,6,2
2,0,0,0,2,0,0,5,0
0,0,0,0,4,0,2,5,0
0,0,0,0,2,0,2,2,0
0,0,0,0,8,0,5,2,0
6,6,0,0,6,0,0,4,6
14,2,0,0,6,2,0,4,2
0,0,0,0,0,6,0,2,2
0,0,0,0,0,4,0,0,0
0,0,0,0,4,0,0,9,2
2,0,0,0,0,0,0,4,0
8,2,6,0,2,0,4,4,0
8,2,2,0,2,0,0,8,0
0,4,0,0,2,2,2,10,0
2,0,0,0,2,2,0,4,0
0,0,0,0,2,4,4,10,0
2,0,0,0,0,2,0,8,0
0,0,2,0,4,0,0,6,0
0,0,0,0,2,0,0,4,0
6,6,0,0,4,0,4,14,8
4,8,6,0,4,0,2,6,0
0,0,0,0,4,0,0,4,4
0,0,0,0,6,0,0,2,2
0,0,0,0,6,0,0,4,0
2,2,0,4,6,0,0,4,0
0,0,0,0,4,0,0,4,0
0,0,0,0,0,0,0,2,0
4,0,0,0,2,0,0,5,6
4,0,0,0,4,0,2,5,4
2,2,0,0,6,0,0,8,0
2,2,2,0,3,2,2,6,0
0,2,0,0,4,0,2,4,2
2,0,0,0,6,0,2,4,0
2,0,0,0,0,0,0,7,0
0,0,0,0,6,0,0,4,0
4,0,0,0,2,0,0,6,2
4,0,0,0,2,0,0,4,0
4,2,0,0,2,0,2,4,0
4,0,0,0,9,0,0,6,0
6,4,2,6,8,0,0,4,6
8,8,4,0,12,0,0,7,8
2,0,0,0,0,0,2,2,2
0,0,0,0,0,0,0,2,0
4,2,0,2,0,0,2,6,0
6,2,8,0,0,0,0,4,6
8,0,2,0,4,0,2,8,2
4,0,0,0,4,0,0,6,0
8,2,0,0,4,0,0,0,4
4,0,0,0,8,0,0,2,2
0,0,0,0,4,0,0,14,2
0,0,0,0,4,0,0,4,2
2,0,0,0,0,0,0,2,0
4,0,0,0,2,0,0,4,0
4,0,0,0,2,0,4,4,0
4,0,0,0,2,0,2,2,2
4,2,2,0,2,0,0,4,2
4,4,0,0,2,0,0,10,6
4,2,0,0,6,0,2,6,4
6,4,2,0,6,0,2,8,2
2,0,0,2,4,0,0,2,0
2,0,0,0,2,0,0,6,0
2,0,0,0,2,0,0,4,0
2,0,0,0,10,0,0,8,2
2,0,2,2,4,0,0,6,0
4,0,0,0,3,0,0,2,2
0,0,0,0,6,0,10,4,0
0,0,0,0,4,2,4,0,0
0,0,0,0,0,0,0,2,0
0,2,0,0,2,0,0,4,0
2,0,2,0,2,0,0,4,2
2,0,0,0,0,0,0,2,2
0,0,0,0,6,0,2,6,0
2,0,0,0,2,0,0,4,0
8,0,0,0,2,0,0,6,2
2,4,4,0,0,0,0,4,6
0,0,0,0,0,0,0,6,2
8,2,0,0,0,0,4,8,4
0,2,0,0,0,0,0,2,0
0,0,0,0,0,0,0,4,0
2,0,0,0,0,0,0,4,0
0,0,0,0,2,0,0,2,0
0,0,0,0,8,0,0,5,0
0,0,0,0,7,0,0,2,0
0,0,0,0,2,0,4,2,0
0,0,0,0,2,0,0,2,0
0,0,0,0,2,0,0,4,0
2,0,0,0,0,0,2,4,2
2,0,0,0,2,0,0,4,0
0,0,0,0,0,0,0,0,0
4,0,0,0,4,0,0,4,4
4,0,0,0,2,0,0,6,2
2,0,0,0,4,0,0,4,0
2,0,0,0,4,0,2,4,0
0,6,0,2,4,0,0,6,2
2,4,2,2,0,2,0,6,4
6,0,0,0,2,4,6,6,0
0,0,0,0,4,0,0,6,2
6,0,4,0,2,0,2,6,4
6,0,0,2,4,0,0,4,0
2,0,0,0,8,0,0,2,0
0,0,0,0,9,0,2,2,2
0,0,0,0,8,0,0,2,0
0,0,0,0,7,0,0,4,0
4,2,4,0,4,0,0,8,2
4,4,0,0,2,0,0,6,4
0,0,0,0,0,0,2,4,0
2,0,0,0,2,0,0,2,4
4,2,0,0,2,2,2,2,0
4,4,6,0,6,0,2,2,0
2,0,0,0,4,0,2,6,0
0,2,2,0,2,0,0,6,0
2,4,0,0,8,0,2,8,0
4,2,6,0,10,0,0,10,0
2,2,0,0,2,0,4,4,0
0,0,0,0,4,0,2,6,2
0,0,0,0,0,0,0,5,0
0,0,0,0,0,0,0,6,2
4,0,0,0,0,0,4,5,2
6,0,0,0,0,0,2,6,4
4,0,0,0,2,0,0,4,0
2,0,0,0,4,0,0,2,0
4,0,0,0,1,0,0,4,2
4,0,0,0,2,0,0,0,0
6,6,2,2,0,0,0,12,6
8,8,0,0,2,0,0,14,6
6,0,0,0,2,0,0,6,4
4,0,0,2,2,0,0,4,2
0,0,0,0,3,0,0,4,0
0,0,0,0,5,0,0,4,0
8,4,2,0,2,0,0,2,4
4,2,0,0,0,0,0,2,2
2,0,0,0,0,0,0,4,0
2,0,0,0,0,0,2,6,0
0,2,0,0,2,0,4,2,0
0,0,0,0,4,0,2,2,2
2,0,0,2,4,0,0,4,0
0,0,0,0,2,0,0,6,4
4,4,0,2,4,0,0,2,2
8,0,0,0,8,0,0,4,2
0,0,0,0,4,0,0,0,2
0,0,0,0,4,0,0,4,2
8,2,2,2,10,0,0,8,6
8,4,2,2,4,0,0,10,2
4,0,2,0,4,0,2,0,0
2,0,0,0,4,0,2,0,0
4,0,0,0,6,0,0,4,2
0,0,0,0,8,0,2,4,2
2,0,0,0,4,0,0,8,4
12,6,0,0,6,0,0,6,4
2,0,0,0,4,0,0,6,0
2,2,0,0,2,0,0,6,0
2,0,0,0,8,0,6,6,0
2,0,0,0,0,0,4,4,0
2,0,0,0,2,0,0,4,2
2,2,0,2,8,0,0,4,2
14,4,0,2,6,0,4,2,2
8,2,2,0,6,0,4,4,4
8,0,0,0,6,0,0,8,6
12,0,0,0,12,0,0,8,6
6,10,2,0,4,0,0,12,4
2,4,4,2,4,0,0,8,0
2,0,2,0,4,0,0,6,2
4,2,0,0,6,0,2,4,2
0,0,2,2,6,0,0,8,2
2,2,2,0,8,0,0,6,2
2,2,0,0,6,0,0,4,0
0,0,0,0,6,0,0,10,0
0,0,0,0,4,0,0,6,0
0,0,0,0,8,0,0,4,0
0,2,0,0,6,0,0,4,0
0,2,0,0,4,0,2,8,0
12,2,4,0,6,0,0,6,6
6,6,4,2,8,0,0,4,6
0,0,0,0,8,0,0,8,0
0,0,0,0,10,0,0,6,0
0,0,0,0,5,0,0,4,0
0,0,0,0,0,2,0,6,0
0,0,0,0,2,0,2,2,0
0,0,0,0,0,0,0,0,0
6,0,0,0,4,0,0,0,2
0,0,0,0,0,0,0,0,0
8,2,4,0,4,0,0,4,2
4,2,0,2,4,0,0,2,2
0,0,0,0,3,0,0,2,0
0,0,0,0,3,0,0,6,0
4,2,0,0,6,0,4,2,4
4,4,0,0,6,0,1,2,4
0,0,0,0,2,0,0,4,0
0,0,0,0,2,0,4,0,0
6,2,0,0,6,0,0,2,0
4,2,0,2,4,0,0,2,4
0,0,0,0,3,0,2,0,0
0,0,0,0,1,0,2,2,0
0,0,0,0,4,4,0,6,0
2,2,0,0,10,2,0,4,0
0,0,0,0,6,2,0,4,2
2,2,0,0,6,6,0,4,4
2,0,0,2,2,0,0,2,4
2,0,0,0,4,0,0,2,6
8,4,0,0,18,0,8,8,0
6,4,0,0,6,0,6,6,0
2,0,0,0,6,0,4,4,0
0,2,0,0,6,0,6,3,2
6,0,2,2,4,0,2,6,0
8,0,0,0,4,0,0,6,2
0,0,0,2,2,2,4,6,2
2,0,0,0,2,0,0,2,0
0,0,0,0,4,0,2,6,2
0,0,0,0,0,0,0,6,0
2,0,0,2,0,0,2,8,2
0,0,0,0,2,0,0,10,0
2,0,0,0,12,0,0,4,0
0,0,0,0,4,0,0,2,0
0,0,0,0,2,0,0,4,0
2,0,0,2,2,0,0,4,0
8,2,4,0,2,0,4,4,4
4,0,0,0,2,0,0,2,0
0,0,0,0,2,0,2,4,4
0,0,0,0,2,0,0,4,0
6,2,2,0,2,0,4,2,2
2,4,2,0,0,0,8,4,2
2,0,0,0,6,0,0,10,0
0,0,0,0,2,0,0,6,0
4,4,4,0,6,0,0,2,2
4,2,0,0,2,0,0,8,4
4,2,0,0,0,0,0,3,0
0,0,0,0,2,0,0,6,0
0,0,0,0,0,0,0,5,0
0,4,2,0,2,0,2,6,0
2,0,0,0,0,0,2,4,0
0,2,0,0,4,0,0,8,2
2,0,0,0,4,0,0,2,0
2,0,0,0,7,0,2,4,0
2,0,0,0,0,0,0,6,0
2,0,0,0,5,0,0,6,2
2,2,0,0,6,0,0,2,2
0,0,0,0,0,0,0,8,2
2,2,0,0,6,0,0,2,2
0,2,0,0,0,0,0,8,2
10,2,0,0,10,0,2,6,4
6,0,0,0,12,0,2,4,0
0,0,0,0,4,0,0,2,0
4,2,0,0,4,2,2,6,0
4,0,0,0,2,0,0,10,2
6,2,4,0,2,0,0,8,4
10,2,6,0,3,0,0,4,2
10,0,0,0,5,0,0,8,2
4,4,0,0,6,0,0,2,0
0,0,0,0,5,4,0,2,0
0,0,0,0,6,0,2,6,0
4,2,2,0,5,0,2,6,2
2,0,2,0,4,2,0,4,2
2,0,0,0,2,0,0,4,6
6,4,0,0,6,0,6,10,4
4,4,0,0,4,0,2,10,8
6,2,0,2,10,0,2,12,0
0,0,0,0,6,0,0,2,0
0,0,0,0,6,0,0,6,0
2,2,0,0,7,0,0,4,0
6,2,0,0,10,0,0,4,4
4,4,0,0,8,0,0,6,2
0,0,0,0,2,0,0,8,0
2,4,0,0,2,0,0,2,0
2,2,0,0,6,0,0,4,2
4,4,4,0,10,0,0,2,0
4,2,0,0,8,0,0,6,2
4,2,4,0,14,0,0,8,2
2,2,0,0,2,2,0,4,2
4,0,4,2,4,8,0,6,2
2,2,0,0,3,0,0,0,0
2,0,0,0,3,0,0,2,0
0,0,0,0,1,0,0,2,0
0,0,0,0,1,0,0,2,0
2,0,0,0,1,0,0,2,0
2,0,0,0,3,0,0,2,0
8,0,0,0,8,2,0,10,4
8,0,0,0,4,2,0,4,0
2,0,0,2,4,0,0,8,4
2,0,0,0,2,0,0,6,4
0,0,0,0,0,0,0,0,0
2,0,0,0,0,0,0,4,0
2,0,0,0,0,0,0,0,0
0,0,0,0,0,0,0,4,0
0,0,0,0,5,0,0,2,0
4,2,0,0,8,0,0,2,0
8,0,4,0,5,0,2,4,2
6,0,0,0,2,0,0,6,0
2,0,0,0,0,0,0,6,0
0,0,0,0,4,0,0,6,0
0,0,0,0,0,0,0,7,0
0,0,0,0,0,0,0,2,0
8,8,0,0,0,0,2,4,2
2,4,0,0,0,0,2,2,2
0,4,0,0,2,0,0,2,0
4,8,8,2,6,0,2,6,4
4,0,0,0,2,0,0,4,0
2,0,0,0,4,0,0,6,0
6,6,0,0,2,0,2,8,6
10,2,0,0,6,0,0,6,2
0,0,0,0,4,0,0,6,0
0,0,0,0,4,0,3,10,0
0,0,0,0,2,0,4,8,0
2,0,4,0,6,0,0,3,0
0,0,0,2,4,0,0,9,0
0,0,0,0,12,0,0,6,2
2,0,6,0,5,0,0,14,4
0,0,0,0,8,0,2,8,0
4,0,0,0,2,0,0,2,0
2,0,0,0,4,0,0,0,0
4,0,0,0,10,0,0,0,0
2,2,0,0,2,0,0,0,0
8,4,0,0,4,0,4,7,4
4,2,0,0,2,2,0,6,2
0,0,0,0,5,0,0,10,2
0,0,0,0,2,2,0,4,0
14,4,2,2,8,0,6,4,0
4,4,0,0,6,0,0,10,4
6,6,2,0,2,0,2,14,0
4,2,0,0,0,0,0,8,2
0,4,0,0,4,0,4,7,2
2,2,0,0,6,0,2,4,2
8,0,0,0,0,0,2,6,2
8,4,12,0,0,0,0,6,2
0,0,0,0,4,0,2,4,0
0,0,2,0,4,2,0,4,0
0,0,0,0,2,4,0,4,0
0,0,0,0,4,0,0,4,0
0,0,0,0,4,2,2,4,0
0,0,0,0,8,0,0,4,0
6,8,2,2,4,0,0,12,4
6,2,0,0,6,0,0,17,4
0,0,0,0,4,0,0,10,0
0,0,0,0,0,0,0,11,0
0,0,0,0,4,0,2,6,0
0,0,0,0,2,0,0,6,0
0,2,0,0,4,0,4,4,0
0,0,0,0,2,0,0,4,0
6,2,2,2,2,0,0,4,6
4,0,0,0,2,0,0,4,2
2,2,0,0,2,0,2,6,2
2,0,0,0,4,0,2,2,2
2,2,0,0,2,0,0,5,2
8,2,0,0,6,0,4,4,4
6,4,2,0,2,0,2,4,0
0,0,0,0,0,0,0,10,0
6,4,0,0,6,0,4,3,4
0,0,0,0,2,0,0,4,0
8,10,8,2,2,0,0,3,4
8,4,0,0,0,0,2,12,2
2,0,0,0,2,0,0,8,2
4,2,0,0,4,0,0,6,6
2,4,10,0,0,0,2,5,4
0,2,0,0,0,0,0,6,4
0,0,0,0,4,0,0,2,0
0,0,0,0,2,0,0,2,0
0,0,0,0,0,0,0,8,0
0,0,0,0,0,0,0,4,0
0,2,0,0,2,0,4,4,0
0,2,0,0,0,0,4,4,0
2,4,2,0,6,0,2,6,0
0,0,4,0,2,0,4,4,0
0,0,0,0,6,0,4,4,0
2,0,0,0,2,2,2,6,2
4,0,2,0,4,0,11,10,0
2,0,0,0,0,0,2,6,0
2,0,2,0,1,0,6,2,2
4,0,0,0,0,0,3,4,0
0,0,0,0,4,0,0,0,0
0,0,0,0,7,0,0,2,0
0,0,0,0,2,0,2,2,0
0,0,0,0,2,0,0,2,0
2,0,0,0,2,0,0,6,0
2,0,0,0,2,0,0,4,0
4,0,0,0,2,0,0,10,0
2,2,2,0,8,0,0,8,2
2,0,4,0,4,4,2,8,2
4,0,4,0,4,0,4,8,0
8,4,0,2,4,2,2,8,4
6,2,0,0,6,0,2,4,4
6,8,0,0,0,0,0,4,2
4,4,0,0,0,0,0,4,0
0,0,0,0,5,0,0,4,0
4,0,0,0,2,0,2,4,0
0,0,0,0,4,2,0,2,0
0,0,0,0,0,0,0,6,0
4,6,0,0,16,0,0,6,2
0,2,4,0,16,0,0,4,0
6,2,0,0,20,0,0,4,4
4,2,0,0,18,0,0,6,6
6,6,0,0,2,2,0,8,0
12,2,0,0,8,0,0,8,2
6,4,0,0,2,0,0,4,0
6,6,2,0,0,0,0,10,2
0,0,0,0,5,0,0,4,2
0,0,0,0,5,0,0,6,0
0,0,0,0,4,0,0,8,0
0,0,0,0,0,0,0,6,2
0,0,0,0,6,0,2,2,0
0,0,0,0,6,0,4,2,0
10,8,4,0,6,0,6,3,4
6,2,4,2,6,0,2,6,4
0,2,0,0,10,0,12,8,0
0,0,0,0,4,0,2,6,0
0,2,0,0,8,0,6,6,0
2,0,0,0,8,0,2,10,0
0,0,2,0,4,0,2,4,0
4,2,0,2,2,0,4,10,0
8,0,0,2,2,0,0,10,0
2,0,0,0,0,0,1,6,0
2,0,0,0,7,0,0,6,0
0,0,0,0,0,0,0,6,0
0,0,0,0,2,0,0,4,0
0,0,0,0,0,0,0,2,0
4,0,0,0,2,0,0,6,0
8,2,0,0,4,0,0,3,6
8,2,0,0,15,0,0,0,0
4,4,0,0,17,0,0,2,0
2,4,0,0,7,0,0,2,0
2,4,0,0,9,0,0,0,0
2,0,0,0,4,0,4,2,4
2,0,0,0,4,0,0,2,2
2,6,0,0,2,0,0,0,6
0,4,0,0,2,0,0,0,0
2,4,0,0,5,0,0,0,0
0,6,2,0,3,0,0,0,2
0,2,0,0,4,0,0,0,0
0,2,0,0,4,0,0,0,0
0,0,0,0,2,0,0,4,0
4,2,2,0,0,0,0,2,2
6,0,0,0,2,0,0,4,2
4,0,0,0,0,0,0,4,0
0,0,0,0,4,0,0,0,0
0,0,0,0,4,0,0,0,0
0,0,0,0,6,0,0,0,0
0,0,0,0,4,0,2,0,0
0,0,0,0,2,0,0,4,0
2,0,0,0,0,0,0,6,0
2,0,0,0,4,0,2,4,2
2,0,0,0,4,0,2,6,2
2,0,0,0,4,0,0,2,2
0,0,0,0,4,0,0,4,0
4,0,0,0,4,0,0,0,0
2,0,0,0,4,0,0,2,0
2,0,0,0,2,0,0,6,0
0,0,0,0,0,0,0,6,0
4,0,0,0,0,0,5,2,0
6,0,0,0,3,0,0,10,0
6,2,2,0,7,0,0,8,4
6,0,0,0,6,0,0,9,0
4,2,0,0,10,0,0,6,2
8,4,6,2,8,0,0,6,0
4,0,0,2,2,0,0,6,4
4,4,4,2,2,0,0,4,0
2,0,0,0,2,0,0,0,0
0,0,0,0,2,0,0,4,0
8,2,0,0,8,0,4,6,8
2,2,0,0,0,2,6,6,2
4,2,0,0,2,0,0,4,6
10,6,4,6,0,0,0,6,4
16,4,0,0,8,0,0,16,6
6,0,2,0,4,0,0,16,0
2,0,4,0,8,0,8,4,0
2,4,0,0,2,0,4,2,4
4,0,2,0,6,0,6,4,0
6,4,0,0,2,0,4,4,2
0,0,0,0,16,0,0,2,2
2,0,0,0,12,0,0,0,0
2,2,0,0,0,0,0,2,0
0,0,0,0,0,0,0,4,0
0,0,0,0,2,0,0,0,0
0,0,0,0,2,0,0,4,0
6,0,0,0,4,0,0,0,0
4,0,0,0,4,0,0,0,0
0,0,0,0,2,0,0,2,0
0,0,0,0,1,0,0,2,0
2,2,0,0,2,0,3,0,0
4,0,0,0,1,2,0,4,0
0,2,0,0,2,0,0,0,0
0,0,0,0,0,0,0,4,0
4,0,0,0,2,0,2,5,0
2,0,0,0,2,0,2,4,0
2,4,0,0,4,0,0,12,2
4,2,0,0,0,0,0,8,2
4,0,0,0,2,0,0,4,0
2,2,0,0,2,0,0,1,0
0,0,0,0,8,0,2,0,0
0,0,0,0,6,0,0,0,0
0,0,0,0,6,0,0,4,0
0,0,0,0,6,0,0,2,0
2,2,2,0,0,0,0,4,0
8,0,0,0,0,0,0,6,0
0,2,0,0,4,0,0,2,0
0,0,0,0,1,0,0,6,0
2,4,0,2,4,0,0,0,2
0,2,0,0,0,0,0,4,2
0,0,0,0,2,0,0,6,0
0,0,0,0,5,0,0,4,0
2,2,2,0,6,0,2,2,0
2,2,2,0,8,0,4,2,0
0,0,0,0,4,0,4,2,0
0,0,0,0,4,0,4,2,0
0,0,0,0,2,2,2,2,0
0,0,0,0,2,2,2,2,0
0,0,0,0,2,0,0,2,0
0,0,0,0,3,0,2,4,0
6,2,0,0,4,0,2,2,2
6,0,0,0,2,0,2,4,2
0,0,0,0,2,0,2,6,0
0,2,0,0,2,0,4,2,0
4,2,0,0,4,0,0,2,4
6,2,0,0,6,0,0,4,4
0,0,0,0,0,0,2,8,0
0,0,0,0,4,0,2,4,0
0,0,0,0,4,0,0,8,2
0,2,0,0,6,0,2,4,6
4,0,0,0,5,0,2,4,2
2,0,0,0,0,0,0,8,0
2,0,2,0,6,2,4,2,0
2,0,0,0,10,0,4,4,0
4,0,0,0,12,4,2,0,2
2,0,0,0,6,4,0,2,0
2,2,4,0,5,0,4,6,0
2,0,0,0,2,2,4,4,0
2,0,0,0,14,0,0,5,2
0,0,0,0,8,0,0,4,0
2,0,6,0,9,0,0,6,2
2,0,0,0,9,0,0,6,2
0,2,0,0,6,0,0,6,2
0,0,0,0,4,0,0,4,0
0,0,0,0,2,0,0,6,0
2,0,0,0,5,0,0,4,0
0,0,0,0,4,0,0,6,0
0,0,0,0,0,0,0,6,0
2,0,0,0,8,0,15,4,2
0,0,0,0,6,0,6,4,0
4,2,0,0,3,0,6,6,2
4,2,0,0,4,0,4,6,2
4,2,0,0,4,0,5,4,0
2,2,0,0,1,0,0,2,0
2,0,0,0,0,0,0,8,0
0,0,0,0,0,0,0,4,0
12,2,2,2,4,0,2,0,4
6,2,0,2,4,0,0,6,2
0,0,0,0,10,0,0,4,0
0,0,0,0,10,0,0,4,0
0,0,0,0,4,0,4,4,0
0,0,0,0,2,0,13,4,0
0,6,0,0,4,0,2,4,4
4,2,0,0,4,0,2,2,0
4,0,0,0,6,0,2,6,0
0,0,0,0,10,0,4,4,0
2,4,2,2,8,0,0,4,0
6,0,0,0,10,0,0,6,2
4,0,0,0,6,2,0,2,0
2,0,0,0,4,2,0,2,0
2,0,0,0,4,0,2,4,0
4,0,0,0,4,2,2,4,2
2,0,0,2,6,2,2,6,4
2,0,0,0,4,0,0,6,0
2,4,0,0,2,0,2,10,0
4,0,0,0,5,0,0,8,2
2,8,2,2,0,0,2,6,0
2,4,0,0,0,0,0,6,0
2,2,2,0,2,0,0,4,6
2,0,0,0,0,0,0,4,2
8,0,0,0,4,0,0,4,2
4,0,0,0,6,0,0,14,0
6,0,0,0,10,0,0,8,2
4,0,0,0,0,0,0,6,0
6,2,0,0,4,0,0,9,0
6,0,0,0,2,0,0,4,0
4,0,0,0,4,0,0,4,2
4,2,0,0,4,0,0,4,2
4,2,0,0,0,0,0,6,0
2,0,0,0,2,0,0,4,2
0,0,0,0,4,0,0,4,0
0,0,0,0,2,0,0,6,0
2,2,0,0,2,0,0,4,2
4,2,0,0,2,0,0,7,0
14,4,4,0,8,0,0,16,6
6,2,0,0,6,0,0,8,4
0,0,0,0,10,0,0,10,0
0,0,0,0,4,0,0,8,0
2,4,0,2,3,0,0,6,4
4,2,4,0,4,0,0,8,6
0,0,0,0,7,0,0,6,0
0,0,0,0,10,0,0,10,2
2,0,0,0,2,0,0,4,4
2,0,0,0,2,0,0,4,0
4,0,0,0,8,3,0,4,0
4,0,0,0,2,3,0,6,0
2,0,0,0,0,0,0,2,0
0,0,0,0,0,0,0,2,0
6,4,0,0,0,0,0,10,4
2,2,0,0,6,0,0,8,4
8,2,0,0,4,0,0,7,2
2,0,0,2,2,0,0,6,2
6,0,0,0,2,0,0,4,2
4,0,0,0,6,0,0,6,2
6,0,0,0,8,0,0,8,2
2,0,0,0,2,0,0,20,0
10,4,2,2,6,0,0,6,4
4,0,0,0,6,0,0,0,4
0,0,0,0,4,0,0,2,0
0,0,0,0,2,0,0,6,0
0,0,0,2,9,0,0,4,2
2,0,0,0,9,0,0,2,0
4,2,4,0,2,0,0,4,2
2,0,0,2,0,0,2,4,0
2,0,0,0,2,0,0,2,0
0,0,0,0,2,0,0,2,0
0,0,0,0,2,0,0,2,0
0,0,0,0,2,0,0,2,0
4,2,6,0,6,0,4,4,6
0,8,2,0,6,0,2,4,2
4,0,2,0,8,0,0,10,0
0,0,0,0,4,0,0,5,0
0,0,0,0,4,0,4,2,0
0,0,0,0,2,0,0,4,0
0,0,0,0,6,0,2,7,0
0,0,0,0,2,0,0,6,0
0,0,0,0,6,2,0,1,0
0,0,0,0,8,2,0,3,0
4,6,4,2,4,0,2,2,6
2,2,0,2,4,0,0,4,2
0,0,2,0,8,0,6,2,2
2,2,2,0,6,2,4,7,0
0,2,0,0,0,0,0,4,0
0,0,0,0,4,0,0,2,0
0,0,0,0,4,0,0,6,0
0,0,0,0,4,0,2,2,0
2,0,0,0,2,0,0,2,2
2,2,0,0,4,0,0,4,0
4,6,2,0,2,0,0,6,2
6,6,2,0,0,0,0,6,6
4,2,0,0,8,0,0,4,4
4,0,0,0,6,0,0,6,0
2,4,0,0,8,0,2,6,2
4,0,2,0,6,0,4,4,2
0,0,0,0,6,0,0,2,0
0,0,0,0,10,0,0,2,0
8,2,0,0,6,0,6,6,6
8,4,0,0,4,0,4,6,4
2,2,0,0,4,0,0,4,0
0,4,0,0,6,0,0,6,0
8,0,2,0,4,0,2,6,2
0,0,0,0,4,0,0,2,0
0,0,0,0,2,0,2,6,0
0,0,0,0,2,0,0,6,0
0,0,0,0,2,0,0,0,0
0,0,0,0,4,0,0,2,0
2,0,0,2,2,0,2,2,0
4,4,4,0,2,0,0,2,0
0,0,0,0,0,0,0,0,0
0,0,0,0,0,0,0,0,0
0,2,0,0,0,0,3,2,0
0,0,0,0,7,0,0,0,0
4,0,0,0,0,0,0,2,0
0,0,0,0,4,0,0,2,0
0,0,0,0,2,2,0,2,0
0,4,2,0,4,0,0,2,0
0,0,0,0,6,0,6,10,2
0,0,0,0,6,0,0,7,0
0,0,0,0,6,0,0,4,0
0,0,0,0,2,0,0,0,0
0,0,0,0,2,0,8,0,0
0,0,0,0,2,0,4,2,0
2,2,0,0,6,0,4,10,0
2,0,0,0,6,0,2,6,4
2,2,0,0,6,0,0,6,0
2,0,0,0,2,0,2,6,0
2,0,0,2,4,0,0,4,2
2,2,0,0,4,0,0,4,4
4,0,0,0,4,0,0,12,2
2,0,0,0,2,0,0,13,2
0,0,0,0,1,0,0,4,0
2,0,0,0,6,0,2,6,0
8,0,0,0,2,0,0,16,0
2,0,0,0,6,0,0,10,0
8,0,0,2,2,0,2,4,0
4,4,0,0,0,0,4,4,0
4,2,0,0,4,0,0,4,0
2,2,0,0,4,0,0,2,0
2,2,0,0,6,0,4,2,2
0,2,0,0,2,0,2,4,0
2,4,0,2,4,2,2,8,2
0,4,0,0,0,0,0,4,0
6,0,0,0,2,0,4,8,2
4,4,2,0,6,0,2,8,2
2,0,0,0,2,0,0,6,0
0,0,0,0,2,0,0,4,0
0,4,0,0,8,0,2,0,2
0,2,2,0,8,0,0,2,0
0,0,0,0,4,0,4,2,0
0,0,0,0,2,0,8,4,0
0,0,0,0,8,0,2,6,0
0,0,0,0,4,0,6,8,0
2,4,0,0,4,0,2,6,2
0,0,0,2,4,0,0,4,0
4,4,0,2,11,0,2,8,2
2,0,0,0,2,0,0,10,0
4,2,0,0,7,0,2,2,2
0,0,0,0,0,0,2,6,0
8,4,0,0,6,0,0,8,0
6,8,0,0,4,0,0,4,4
6,4,6,0,4,0,2,4,2
0,0,2,0,4,0,0,6,0
2,0,0,0,2,0,0,4,0
2,0,0,0,2,0,0,2,0
0,2,2,0,7,0,0,4,0
0,0,0,0,4,0,3,6,0
0,0,0,0,2,0,0,4,0
2,0,0,0,2,0,0,6,0
0,0,0,0,2,0,2,4,0
2,0,0,0,6,0,2,2,0
2,0,0,0,6,0,2,2,2
0,0,0,0,4,0,0,2,0
8,4,4,0,8,0,2,8,2
2,0,0,0,4,0,0,12,0
2,2,0,0,4,0,2,8,2
8,0,0,0,8,0,2,9,2
2,0,0,0,2,0,4,6,0
0,0,0,0,0,1,4,4,0
4,0,0,0,14,0,0,4,0
4,0,0,0,8,0,0,0,0
8,2,2,0,10,2,4,4,2
0,2,2,0,8,0,0,6,2
2,0,0,0,8,0,0,2,0
0,0,0,0,0,0,0,2,0
0,0,0,2,2,0,0,8,0
0,2,0,0,4,0,0,6,0
4,0,0,2,2,0,0,6,0
2,0,0,0,6,0,2,6,0
2,2,0,0,0,0,0,9,0
6,0,2,0,2,0,0,7,2
0,0,0,0,2,0,0,4,0
0,0,0,0,2,0,0,6,0
4,2,6,0,4,0,2,2,2
6,0,0,0,6,0,0,4,0
8,2,2,0,6,0,0,6,2
4,4,2,2,6,0,0,6,2
2,4,0,0,2,0,2,6,2
4,2,0,0,2,0,2,4,2
4,2,0,0,2,0,0,2,2
0,0,0,0,2,0,0,2,2
0,0,0,0,2,0,0,4,0
8,4,0,0,2,0,0,4,2
2,0,0,0,8,0,0,6,0
0,0,0,0,2,0,0,2,0
0,6,0,0,8,0,2,6,0
0,0,0,0,0,0,4,2,0
6,2,4,0,4,0,0,4,4
8,2,0,0,6,0,2,10,2
2,0,2,0,2,0,4,6,0
4,4,2,2,10,0,6,6,4
6,6,0,2,2,2,2,10,0
6,2,4,0,6,2,0,8,4
6,0,0,0,6,2,0,12,0
8,2,0,0,4,0,2,6,2
0,0,0,0,2,0,0,2,0
2,0,0,0,4,0,0,2,0
0,0,0,0,4,0,2,0,0
0,0,0,0,2,0,2,2,0
0,0,0,0,6,0,0,2,0
0,0,0,0,4,0,0,6,0
4,0,0,0,8,0,2,10,4
6,0,0,2,6,0,0,8,2
6,2,6,4,6,7,0,8,4
0,2,2,0,6,2,0,12,2
0,0,0,0,4,0,0,4,0
0,0,0,0,4,0,2,4,0
2,2,2,0,4,0,2,4,2
4,0,0,0,4,0,2,4,0
6,2,0,0,12,0,0,10,0
4,0,0,0,6,0,0,6,0
2,2,4,0,0,0,0,2,0
4,0,0,0,0,0,0,2,0
2,2,0,0,4,0,0,6,0
4,4,4,0,6,0,0,4,0
0,2,0,0,4,0,0,6,0
0,0,0,0,0,0,0,4,0
0,0,0,0,4,0,0,4,0
0,0,0,0,6,0,8,8,0
2,0,0,0,4,0,0,6,0
0,2,0,0,4,0,0,0,0
0,0,0,0,4,0,0,4,0
2,0,0,0,2,0,0,2,0
4,0,4,4,4,0,2,4,2
0,2,0,0,2,0,0,2,2
18,4,6,0,7,0,2,2,2
4,0,0,0,3,0,2,4,0
0,0,0,0,0,0,0,4,0
0,0,0,0,2,0,2,4,0
2,0,0,0,6,0,2,8,2
0,0,0,0,2,0,0,8,0
2,0,2,0,2,0,0,4,2
0,0,0,0,2,0,0,4,0
0,0,0,0,4,0,0,8,0
0,2,0,0,0,0,0,2,0
2,2,0,0,8,0,0,10,2
0,2,0,0,6,0,0,12,2
2,0,0,0,6,0,2,6,0
0,0,0,0,0,0,0,2,0
2,2,8,0,8,0,0,4,2
4,0,2,0,4,0,0,6,0
0,0,0,0,4,0,0,4,0
2,0,0,0,6,0,2,2,0
2,0,0,0,2,0,0,10,2
4,0,0,0,8,0,0,0,0
6,6,0,0,24,0,0,10,2
6,4,2,0,17,0,0,6,4
10,0,0,0,8,0,0,13,2
8,2,0,0,9,0,0,12,4
8,4,0,0,8,0,2,8,2
8,4,8,2,4,0,2,12,2
4,0,0,0,6,0,0,4,0
2,0,0,0,6,0,6,4,0
0,0,0,0,6,0,0,6,0
2,0,0,0,12,0,6,0,0
0,0,0,0,2,0,0,8,0
0,0,0,0,10,0,0,6,0
6,2,2,2,2,4,0,3,4
5,0,0,0,2,0,2,6,0
6,4,0,4,15,0,0,4,0
6,0,0,0,4,0,0,9,2
2,0,0,0,2,0,0,4,2
0,0,0,0,6,0,0,4,0
2,0,0,0,10,0,0,4,0
2,4,0,0,10,0,0,4,2
0,0,0,0,4,0,0,4,0
2,0,0,0,4,0,0,4,0
10,4,2,0,2,0,2,4,6
6,2,6,0,2,0,0,8,2
2,0,0,0,2,0,4,5,0
4,0,0,0,2,0,4,4,0
0,0,0,0,4,0,0,2,0
2,0,0,0,2,0,0,2,0
4,0,0,0,2,0,4,4,0
0,0,0,0,0,0,2,4,0
6,4,0,0,10,0,2,6,4
6,2,2,0,6,0,4,8,0
2,0,0,0,8,0,7,8,0
4,0,0,0,6,0,11,10,0
4,4,0,0,6,2,0,8,0
6,0,0,0,8,0,0,6,4
0,0,0,0,9,0,0,8,4
2,4,0,2,7,0,0,12,2
4,4,4,0,6,0,0,6,10
6,4,4,2,6,0,0,4,2
0,0,0,0,12,0,0,4,2
0,0,0,0,10,0,0,4,2
0,0,2,0,0,0,2,4,2
4,0,4,2,2,0,0,6,0
2,0,0,0,4,0,0,6,0
0,0,0,0,2,0,0,4,0
8,4,0,2,2,2,0,4,0
2,2,0,0,2,0,0,4,0
8,0,0,0,2,2,4,4,0
8,0,0,0,6,4,0,4,2
2,4,2,0,8,0,6,6,2
4,4,4,0,2,2,4,6,2
4,0,0,0,4,0,0,8,0
6,2,0,0,2,4,2,10,0
8,2,0,0,2,0,0,6,2
6,4,4,2,4,0,0,6,2
4,2,0,0,2,0,2,7,2
6,2,0,0,4,0,0,4,0
2,2,0,0,2,0,0,6,0
6,0,0,0,4,2,0,4,2
8,2,4,4,8,0,0,8,0
6,0,4,0,9,0,0,4,0
4,0,0,0,6,0,0,6,4
6,2,0,0,7,0,0,12,2
2,2,2,0,2,4,0,2,0
2,0,0,0,2,0,0,6,0
4,0,4,2,8,0,2,6,0
0,0,0,0,2,0,0,8,0
8,0,0,2,6,0,0,4,4
2,0,0,0,4,0,0,4,0
0,0,0,0,2,0,0,8,0
0,0,0,0,0,0,2,6,0
6,0,0,0,6,0,0,6,2
4,0,0,2,5,0,0,8,2
0,2,0,0,4,0,0,6,2
6,2,0,0,4,0,0,6,2
2,4,0,0,2,0,0,7,2
2,0,0,0,2,0,0,6,0
2,2,0,0,0,0,2,2,0
2,2,0,0,6,0,2,6,0
2,0,0,0,2,0,0,6,0
4,2,4,0,0,0,0,4,4
0,0,0,0,2,0,0,4,0
6,2,2,0,2,0,0,5,0
2,0,0,0,6,0,0,4,0
4,0,2,0,8,0,0,2,0
2,2,0,0,0,0,4,8,0
2,0,0,0,2,0,4,6,0
0,0,0,0,2,0,2,4,0
2,0,0,0,2,0,6,6,0
0,0,0,0,1,0,0,0,0
2,0,0,0,1,0,2,2,0
2,4,2,0,3,0,0,0,0
2,0,0,0,3,0,2,0,0
2,0,0,0,2,0,0,8,2
0,0,0,0,4,0,0,2,0
0,0,0,0,0,0,0,4,0
0,0,0,0,4,0,0,4,0
6,2,4,0,2,0,0,4,6
8,2,4,0,0,0,0,4,4
10,0,2,0,6,0,6,4,6
8,0,0,0,2,0,6,4,2
4,0,0,0,4,0,2,6,0
8,0,0,0,0,0,4,4,6
6,2,0,0,4,0,4,8,4
8,0,0,0,0,0,6,6,6
4,0,0,0,2,2,8,7,2
4,2,2,0,6,0,0,4,0
2,0,0,0,2,0,0,6,0
0,0,0,0,2,0,0,4,0
4,2,0,0,2,0,2,4,0
6,2,2,0,6,0,0,4,2
0,0,0,2,4,0,0,6,0
0,0,0,0,2,0,0,6,0
0,0,0,0,2,0,0,8,0
0,2,0,0,2,0,0,8,0
0,0,0,0,2,0,0,10,0
6,4,2,0,4,0,6,4,2
8,2,0,0,4,0,0,4,2
0,0,0,2,2,0,0,4,2
4,0,0,0,4,0,0,4,0
0,2,0,0,5,0,2,6,2
4,0,0,0,8,0,4,4,4
8,0,0,0,6,2,0,4,0
4,0,0,0,7,0,0,6,0
4,2,4,0,6,0,0,6,0
4,0,2,0,10,0,0,6,2
0,2,2,0,2,0,2,8,4
2,2,0,0,0,0,0,4,0
4,2,0,0,10,0,0,7,2
4,0,0,0,13,0,2,12,0
0,0,0,0,8,0,8,4,0
0,0,0,0,2,0,2,6,0
0,0,0,0,6,0,0,6,0
0,0,0,0,0,0,0,8,0
12,2,0,0,8,0,0,4,4
10,0,4,0,10,0,0,6,2
6,2,0,0,6,0,0,6,2
4,0,0,0,2,0,0,4,2
0,0,0,0,5,0,0,10,0
0,0,0,0,6,0,0,4,2
0,0,0,0,6,0,0,8,0
0,0,0,0,2,0,0,8,0
0,0,0,0,0,0,2,4,0
0,0,0,0,6,0,4,5,0
4,0,0,0,5,0,8,10,0
2,0,0,0,6,0,0,7,2
4,0,6,0,21,0,0,2,4
8,2,0,0,6,0,2,4,2
2,6,2,2,6,0,0,8,0
4,0,0,0,2,0,1,6,0
0,0,0,0,1,0,0,6,0
0,0,0,0,2,0,0,6,0
0,0,0,0,0,0,2,6,0
2,0,0,0,0,0,2,9,0
2,0,0,0,2,0,0,6,0
0,0,0,0,6,0,2,6,0
2,0,2,0,2,4,2,4,2
2,0,0,0,6,0,4,4,0
2,0,2,0,4,0,2,2,0
2,0,0,0,2,0,2,4,2
4,2,0,0,6,0,10,5,2
2,0,0,0,2,0,0,6,0
0,0,0,0,2,0,2,6,0
4,0,0,0,4,0,2,4,0
2,2,0,0,2,0,2,8,2
0,2,0,0,0,0,0,2,0
0,0,0,0,2,0,0,5,2
0,0,0,0,4,0,0,2,4
0,0,0,0,2,0,0,1,2
2,2,0,0,1,0,0,2,2
0,0,0,0,8,0,0,8,2
4,2,8,4,10,0,0,6,4
0,0,0,0,2,0,8,8,0
0,0,0,0,8,0,8,6,0
0,0,0,0,2,0,8,8,0
0,0,0,0,6,0,8,6,0
4,2,4,0,10,0,6,4,4
0,2,0,0,12,0,0,5,0
2,2,4,0,4,2,4,8,2
2,0,0,0,4,0,2,2,0
4,2,0,0,2,0,0,4,2
4,0,0,0,2,0,0,6,2
4,2,8,2,10,0,6,8,0
2,0,4,0,6,0,2,4,0
0,0,0,0,0,2,2,4,0
0,0,0,0,2,0,3,0,0
4,4,0,0,10,0,4,11,4
4,2,0,4,4,0,4,11,6
4,4,0,0,8,0,2,6,0
6,2,0,0,10,0,4,6,0
8,0,0,0,8,0,0,4,0
8,0,0,0,8,0,0,4,0
0,0,0,0,16,0,0,21,0
0,0,0,0,8,0,0,14,0
0,0,0,0,3,0,0,2,0
6,2,0,0,10,0,0,2,0
2,0,0,0,6,0,2,4,0
0,8,6,0,8,0,0,2,2
0,5,0,0,4,2,6,12,0
0,4,2,0,6,4,0,14,0
0,4,0,0,4,0,0,4,4
0,0,0,0,0,0,0,6,2
2,6,4,0,10,0,0,8,0
2,0,0,0,0,0,0,14,0
4,0,2,0,4,0,6,8,2
2,0,0,0,2,0,0,4,0
2,0,0,0,6,0,0,6,0
0,0,0,0,2,0,0,6,0
0,0,0,0,0,0,0,2,0
0,0,0,0,0,0,0,2,0
2,0,0,0,10,0,8,10,0
0,0,0,0,4,0,0,10,0
6,0,0,0,4,0,0,0,0
4,0,0,0,11,0,0,0,0
0,2,0,0,7,0,0,2,0
2,0,0,0,9,0,0,0,0
0,0,0,0,7,0,2,4,0
0,0,0,0,4,0,0,0,0
4,4,4,0,4,0,0,11,2
10,2,2,2,2,0,0,10,0
0,2,0,0,9,0,0,8,0
2,0,0,0,13,0,0,10,2
2,0,0,0,0,0,2,2,0
6,0,0,0,3,0,6,6,0
4,0,0,0,10,0,0,8,4
2,2,2,0,6,0,0,10,2
2,2,4,0,8,0,0,2,2
4,0,0,0,4,0,0,2,0
4,0,0,2,4,0,6,4,0
2,0,0,0,4,0,4,0,0
0,0,2,0,10,0,0,4,0
0,0,0,0,16,0,0,2,0
4,4,0,0,6,0,4,2,0
4,0,0,0,6,0,2,2,0
0,4,4,2,4,0,0,2,2
2,0,0,0,2,0,0,4,0
0,0,0,0,0,0,0,5,0
0,0,0,0,2,0,0,4,0
2,4,0,2,4,0,0,4,2
2,4,6,0,4,0,0,2,4
0,0,0,0,4,0,0,2,2
2,0,0,0,4,4,0,4,0
4,2,0,0,3,0,4,4,2
2,2,0,2,5,0,4,4,4
4,0,0,0,3,0,2,0,2
0,0,0,0,7,0,2,4,0
4,0,0,2,2,0,2,8,0
8,0,0,2,0,0,0,6,0
6,0,4,0,2,0,0,6,0
4,0,2,2,0,0,4,8,0
4,2,0,0,4,0,0,6,0
4,0,0,0,6,0,0,4,0
0,0,0,0,4,0,0,0,0
2,0,0,0,0,0,0,6,2
2,0,0,0,2,0,0,2,2
0,0,0,0,2,0,0,4,0
6,0,0,0,4,0,2,0,0
0,0,0,0,1,0,0,2,0
0,0,0,0,0,0,0,4,0
0,0,0,0,2,0,0,6,0
0,0,0,0,2,0,4,2,0
0,0,0,0,6,0,2,0,0
0,0,0,0,2,0,0,0,0
0,0,0,0,2,0,0,0,0
2,2,0,0,4,0,0,0,2
6,0,0,0,10,0,0,0,2
4,0,0,0,10,0,0,10,0
4,5,0,0,6,0,0,4,0
0,2,0,0,10,0,0,2,0
4,4,0,0,10,0,0,4,0
8,4,0,0,10,0,0,8,10
10,8,2,2,12,0,0,8,6
4,0,0,0,2,0,0,2,0
2,0,0,0,0,0,0,2,0
0,0,0,0,6,0,0,2,0
0,0,0,0,0,0,0,4,0
0,0,0,0,2,0,0,4,0
0,0,0,0,2,0,0,4,0
0,0,0,0,4,0,2,4,0
0,0,0,0,2,0,2,4,0
8,2,2,0,6,0,0,10,6
10,2,2,0,6,0,0,6,6
6,0,0,0,6,0,0,0,0
2,0,0,0,4,0,0,2,0
6,2,4,0,6,0,0,2,4
8,4,4,0,4,0,0,4,2
4,0,0,0,0,2,2,4,0
4,0,0,0,2,0,0,2,0
2,0,0,0,2,0,0,4,0
4,0,0,0,2,0,0,2,0
0,0,0,0,4,0,4,4,0
0,0,0,0,6,0,4,2,0
2,0,0,0,4,0,0,0,2
2,0,0,0,4,0,0,2,2
6,0,0,0,6,2,2,2,4
4,2,0,2,8,0,2,0,2
8,6,2,0,8,0,0,4,2
4,6,4,0,2,0,0,4,2
4,0,2,0,4,2,0,4,2
2,0,0,0,12,0,0,4,0
4,2,2,0,8,0,0,8,0
6,0,0,0,6,0,0,4,0
2,8,10,0,8,0,2,6,2
2,2,0,0,4,0,0,4,0
0,0,0,0,4,4,0,8,2
0,0,0,0,4,0,0,4,0
12,4,0,2,4,2,0,6,6
8,4,0,0,2,2,0,4,6
6,2,0,0,2,0,0,8,2
4,2,2,2,3,0,0,4,2
6,0,0,0,2,0,0,6,2
6,0,6,0,2,0,0,4,4
0,0,0,0,2,0,0,4,0
0,0,0,0,6,2,0,4,2
8,2,0,0,2,0,0,4,2
2,0,0,0,2,0,0,4,0
0,2,0,0,2,0,2,4,2
0,2,0,0,2,0,2,4,2
0,4,0,0,12,0,0,4,0
0,0,0,0,10,0,4,2,2
0,0,0,0,5,0,0,4,0
0,0,0,0,7,0,2,4,0
0,0,0,0,0,0,0,6,0
0,0,0,0,2,0,0,4,0
6,4,2,0,2,0,0,4,4
2,2,0,0,0,0,2,0,2
0,0,0,0,0,0,0,4,0
2,2,0,0,0,0,0,2,0
0,0,0,0,0,0,6,4,0
0,0,0,0,2,0,6,2,0
0,0,0,0,4,0,0,8,2
0,0,0,0,4,0,0,4,2
4,2,2,2,2,0,0,6,2
2,0,0,0,2,0,0,4,0
0,0,0,0,6,4,4,4,0
0,0,0,0,2,4,0,6,0
0,0,0,0,6,0,6,4,0
0,0,0,0,2,0,6,8,0
0,0,0,0,6,0,4,8,0
0,0,0,0,2,0,2,6,0
10,0,2,2,4,0,0,8,4
2,2,2,2,8,0,0,3,2
6,2,0,0,6,0,0,6,4
0,2,0,0,2,0,0,4,2
4,2,0,0,3,0,0,10,0
0,4,0,0,2,0,0,4,0
8,4,6,0,4,0,0,6,2
6,2,2,0,2,0,0,4,2
0,2,0,0,2,0,0,4,0
0,0,0,0,2,0,0,4,0
0,0,0,2,4,0,0,6,0
2,0,5,0,0,0,0,4,0
4,0,0,0,4,0,1,2,0
0,0,0,0,0,0,0,4,0
0,0,0,0,6,0,2,0,0
2,2,0,0,10,0,2,0,0
6,6,6,0,0,0,8,2,4
0,2,0,0,2,0,0,6,0
2,2,0,0,2,0,0,5,2
2,0,0,0,2,0,0,4,0
0,0,0,0,2,0,7,6,0
0,0,0,0,5,0,4,6,0
0,0,0,0,2,0,7,2,0
0,0,0,0,1,0,2,6,0
4,0,0,0,2,0,0,4,0
0,0,0,0,1,0,0,4,0
0,0,0,0,6,0,0,2,0
0,0,0,0,2,0,0,2,0
0,0,2,0,4,0,0,4,0
8,0,0,2,6,0,2,6,4
0,0,0,0,0,0,0,4,0
0,0,0,0,0,0,2,0,0
2,0,0,0,2,0,0,4,0
0,0,0,0,2,0,0,4,0
4,4,2,0,0,0,4,8,2
6,4,0,2,4,0,0,4,0
0,0,0,0,2,0,2,6,0
0,0,0,0,4,0,2,6,0
6,0,0,0,4,0,0,10,0
10,0,2,2,4,0,0,6,0
4,2,0,0,2,0,2,8,4
16,2,10,2,6,2,4,4,8
0,0,0,0,4,0,0,6,0
0,0,0,0,8,0,10,6,0
2,0,0,0,0,0,0,4,0
4,0,0,0,0,0,0,0,0
4,0,0,0,0,0,0,2,0
4,0,0,0,2,0,0,0,0
2,0,2,0,0,0,0,4,0
0,0,0,0,0,0,0,4,0
0,0,0,0,0,0,0,6,0
0,0,0,0,0,0,0,4,0
6,0,0,2,0,0,0,8,2
2,0,0,0,4,0,0,4,2
4,0,0,0,14,0,2,6,0
6,0,0,0,6,0,0,2,0
0,0,0,0,4,0,4,4,0
0,0,0,0,2,0,0,8,0
6,2,0,2,2,0,1,10,2
4,2,0,0,4,0,0,6,2
0,0,2,0,2,0,0,8,2
2,0,0,0,1,0,0,6,0
2,0,0,0,4,0,0,8,2
8,2,6,2,4,0,0,12,4
0,0,0,0,4,0,0,6,0
0,0,0,0,2,0,4,2,0
2,0,0,0,2,0,0,6,0
0,0,0,0,2,0,2,4,0
6,0,0,0,8,0,2,6,2
6,0,0,0,1,0,4,8,0
4,2,4,2,4,0,0,6,4
4,2,6,2,6,0,0,6,8
0,0,0,0,2,0,0,6,2
0,0,0,0,6,0,0,2,2
4,0,6,0,4,0,4,4,4
2,0,0,0,2,0,4,4,2
8,2,0,0,2,2,6,2,0
2,2,2,0,4,0,6,2,4
0,0,0,0,0,0,0,4,0
0,0,2,0,4,0,2,2,0
2,0,0,0,4,0,0,6,0
2,0,0,0,4,0,2,4,4
2,0,0,0,2,0,0,0,0
0,0,0,0,6,0,0,2,0
0,4,0,2,6,0,0,4,4
4,2,4,0,14,0,0,6,0
4,0,0,0,6,0,0,8,2
2,0,0,0,0,0,0,6,6
4,0,0,2,8,0,0,10,4
4,0,4,0,6,0,0,4,0
0,0,0,0,6,0,0,2,0
2,0,0,0,4,0,0,4,0
0,0,0,0,2,0,0,0,0
0,0,0,0,2,0,0,4,0
0,0,0,0,2,0,0,2,0
0,2,0,0,4,0,0,2,0
0,0,0,0,4,0,8,4,0
0,0,0,0,2,0,2,4,0
2,4,0,0,9,0,0,2,2
2,0,0,0,4,0,2,4,0
12,2,4,2,4,0,2,10,0
2,0,0,0,4,0,0,4,0
2,0,0,0,2,0,0,2,0
2,0,0,0,0,0,0,4,2
8,2,0,0,6,2,0,2,4
12,4,0,0,2,0,0,4,0
6,4,4,0,2,0,0,4,2
8,4,8,0,5,0,0,2,2
0,0,0,0,10,0,0,6,0
0,0,0,0,6,0,0,6,4
0,0,0,0,8,0,0,4,0
0,2,0,0,4,0,4,6,0
2,0,0,0,4,0,0,7,0
0,0,0,0,6,2,0,7,0
2,2,0,0,6,0,0,8,2
4,2,0,0,14,0,0,4,4
0,0,0,0,2,0,0,7,0
0,0,0,0,2,0,0,6,2
2,0,0,0,6,0,2,6,2
0,0,0,0,10,0,2,6,0
0,0,0,0,0,0,0,2,0
0,0,0,0,0,0,0,0,0
2,0,4,2,0,3,2,8,0
0,0,0,0,0,0,0,0,0
0,0,0,2,4,0,0,6,0
2,0,0,0,2,0,0,4,0
0,0,0,0,6,0,0,6,0
2,0,0,0,2,0,0,2,2
0,0,0,0,4,0,2,4,0
0,0,0,0,2,0,0,2,0
0,0,0,0,4,0,0,6,0
0,0,0,0,2,0,0,4,0
0,0,0,0,5,0,0,0,0
0,0,0,0,4,2,0,2,0
14,0,0,0,12,2,0,4,2
10,0,0,0,14,0,0,4,2
4,0,0,0,2,0,0,6,2
4,0,0,0,2,0,0,6,0
0,0,0,0,9,0,0,4,0
2,0,0,0,10,0,0,2,0
0,0,0,0,8,0,3,0,2
0,0,0,0,0,0,3,0,2
14,0,6,0,5,0,2,4,4
8,0,0,0,4,0,2,4,4
0,0,0,0,6,0,0,4,0
0,0,0,0,4,0,0,2,0
0,0,0,0,8,0,2,2,0
0,0,0,0,4,0,0,4,0
2,0,0,0,8,0,3,4,0
2,0,0,0,0,0,3,4,0
6,2,0,2,0,6,2,4,0
6,4,4,2,0,2,2,6,6
2,6,0,0,10,0,0,4,6
2,0,2,0,6,0,0,4,4
10,0,0,0,10,0,0,5,2
10,2,0,0,8,0,0,6,4
12,2,0,0,12,0,14,8,8
6,6,2,2,16,0,16,4,2
2,0,0,0,6,4,2,8,6
4,0,0,0,4,2,2,9,2
6,2,4,2,4,2,0,6,4
4,4,0,0,4,4,2,5,6
2,2,0,0,4,0,0,6,4
4,0,0,0,2,0,0,6,2
4,2,6,0,6,0,2,6,0
2,0,0,0,9,2,2,6,2
0,2,2,0,8,2,4,2,0
4,2,2,0,0,0,0,4,4
0,2,2,0,8,2,0,2,2
4,2,0,0,6,2,2,5,2
4,0,4,0,6,0,0,4,2
8,4,0,0,8,0,2,4,0
6,4,4,0,10,0,0,6,4
6,0,0,0,0,0,2,6,4
0,0,0,0,0,0,0,2,0
0,0,0,0,0,0,0,2,0
8,2,6,4,16,0,2,6,0
0,0,0,0,6,0,2,4,0
2,0,0,0,0,0,0,2,0
4,0,0,0,4,0,0,4,0
0,0,0,0,2,0,0,4,0
0,0,0,0,0,0,0,4,0
2,2,0,0,2,0,0,4,0
0,0,0,0,0,0,0,4,0
4,0,0,0,0,0,2,7,0
2,0,0,0,4,0,0,8,0
2,0,0,0,8,0,0,8,0
4,0,0,0,3,0,0,2,0
0,0,0,0,2,0,0,4,0
0,0,0,0,0,0,0,4,0
6,2,0,0,4,0,0,6,0
0,0,0,0,6,0,2,4,2
0,0,0,0,2,2,0,2,0
2,0,0,0,2,0,0,0,0
2,0,0,2,2,0,2,6,2
2,0,0,0,4,0,0,6,2
2,2,0,2,2,0,2,6,2
0,0,0,2,6,0,0,6,0
0,0,0,0,2,0,0,6,0
4,0,0,0,4,0,2,6,0
0,2,0,0,2,0,2,8,0
0,0,0,0,0,0,2,4,0
4,0,0,0,6,0,0,6,0
2,0,0,0,6,0,0,2,0
2,4,4,0,2,0,2,4,4
2,0,0,0,2,0,0,2,0
0,0,0,0,4,2,0,4,0
0,0,0,0,4,0,0,4,0
2,0,2,0,0,0,0,2,0
6,0,0,2,6,0,0,4,2
0,0,0,0,6,0,6,6,0
2,0,0,0,4,0,0,4,0
0,0,0,0,4,0,4,4,0
0,0,0,0,4,0,4,6,0
0,0,0,0,4,0,0,6,2
2,0,0,0,4,0,0,6,0
0,0,0,0,8,0,0,6,2
4,0,4,2,4,0,0,6,4
4,2,2,2,2,0,0,0,0
4,4,0,0,2,0,2,6,2
2,0,0,0,0,4,0,4,0
2,0,0,0,0,6,0,4,0
2,0,0,0,4,0,0,3,2
6,0,0,0,4,0,0,4,0
0,2,2,0,10,0,0,2,0
2,2,0,2,12,0,0,2,2
0,0,0,0,2,0,0,4,0
2,4,2,0,8,0,0,4,0
2,2,0,0,0,0,2,4,0
6,2,2,2,2,0,2,4,0
2,0,0,0,2,0,0,8,0
2,2,2,0,2,0,0,6,4
0,0,0,0,0,0,0,6,0
2,2,0,0,6,0,2,4,2
6,2,2,2,10,0,2,7,4
10,2,0,2,6,0,2,6,0
0,0,0,0,0,0,5,6,0
0,0,0,0,2,0,0,6,0
6,0,0,0,4,0,0,2,0
0,0,0,0,0,0,0,4,0
2,0,0,0,8,0,4,7,2
2,0,0,0,8,0,4,6,2
8,0,6,0,6,0,0,11,4
8,2,0,0,4,2,8,7,4
0,0,0,0,4,0,0,4,2
0,2,2,0,6,0,0,6,0
2,0,0,0,4,0,0,7,0
2,0,0,0,4,0,0,6,0
2,0,0,0,0,4,2,4,0
4,0,2,0,2,8,0,4,2
2,2,0,0,2,0,0,4,0
2,2,0,0,6,0,0,4,0
0,0,0,0,4,0,0,4,0
0,0,0,2,4,0,0,4,2
0,0,0,0,2,0,0,4,2
4,0,0,0,0,0,2,6,2
6,2,6,0,0,0,0,6,2
4,0,4,0,2,0,0,4,6
0,0,0,0,2,0,4,8,2
0,0,0,0,2,0,0,2,0
2,0,0,0,0,0,0,6,0
0,0,0,0,0,0,4,6,0
0,2,0,0,10,2,2,0,2
0,0,0,0,4,0,2,0,0
6,0,8,0,6,2,0,6,4
2,0,0,2,2,1,0,6,4
0,0,0,0,0,0,0,4,0
0,0,0,0,0,0,0,4,2
4,0,0,0,2,0,0,2,2
0,0,0,0,4,0,0,4,0
2,0,0,0,4,0,0,4,2
0,0,0,0,0,0,0,6,0
0,0,0,0,6,0,0,2,0
0,0,0,0,6,0,0,2,0
2,0,0,0,6,0,0,2,0
2,0,0,0,0,0,0,2,0
2,0,0,0,4,0,0,2,0
4,0,0,0,6,0,2,4,0
2,0,0,0,2,0,0,2,0
2,0,0,0,2,0,0,2,0
0,2,0,0,3,0,0,2,0
0,0,0,0,4,0,0,6,0
0,0,0,0,4,0,0,6,0
0,2,0,0,6,0,0,4,2
2,2,0,0,10,0,0,6,4
4,4,0,0,10,0,0,4,6
4,2,0,0,2,0,0,6,0
2,2,0,0,4,0,0,6,0
2,0,0,0,4,0,0,4,0
2,0,0,0,4,0,0,4,0
0,0,2,0,2,0,0,0,0
0,0,0,0,0,0,0,2,0
0,0,0,0,4,0,0,2,0
0,0,0,0,0,0,0,2,0
2,2,0,0,2,0,13,4,0
2,0,0,0,0,0,7,4,0
2,0,0,0,0,2,2,2,0
2,0,0,0,0,0,2,0,0
0,2,0,0,2,0,0,2,0
0,2,0,0,0,0,0,4,0
2,0,0,0,0,0,4,6,0
2,0,0,0,2,0,1,0,0
4,0,0,0,0,0,2,3,0
4,0,0,0,0,0,0,4,0
0,0,0,0,0,0,0,3,0
0,0,0,0,0,0,0,0,0
2,0,4,0,2,0,2,6,0
2,0,0,0,0,0,4,6,2
2,0,0,0,4,0,2,4,0
4,0,0,0,2,0,0,2,0
2,2,0,0,2,0,4,4,0
0,4,0,0,0,0,4,4,0
0,0,0,2,2,0,0,4,0
0,0,0,2,2,0,0,4,0
0,0,0,0,3,0,0,8,0
0,0,0,0,2,0,0,4,0
0,0,0,0,1,0,0,4,0
0,0,0,0,0,0,0,2,0
2,0,0,0,6,0,2,8,2
4,0,0,0,6,0,2,4,0
0,0,0,0,4,0,0,6,0
0,0,0,0,4,0,0,4,0
2,0,0,0,4,0,2,2,2
4,0,0,0,8,2,2,4,2
0,0,0,0,2,0,0,2,0
0,0,0,0,2,0,0,4,0
0,0,0,0,1,0,4,4,0
0,0,0,0,0,0,3,4,0
4,4,0,0,11,0,0,2,2
4,0,0,0,8,0,0,0,2
0,0,0,0,7,0,2,2,0
2,0,0,0,7,0,4,2,0
6,0,0,0,10,0,0,6,6
10,0,0,0,2,0,0,6,0
4,4,0,0,6,0,0,6,6
2,0,0,0,6,0,0,6,0
2,0,0,0,4,2,2,0,2
6,0,0,0,6,2,0,4,0
0,0,0,0,4,0,0,2,2
4,0,0,0,4,0,0,6,2
0,0,0,0,6,0,5,6,2
2,2,2,0,12,0,4,4,4
4,0,2,0,4,0,4,5,0
4,0,0,0,4,0,2,2,0
2,0,0,0,2,0,0,6,0
2,0,2,0,2,0,0,6,0
6,2,0,0,4,0,0,5,2
4,0,0,0,4,0,0,6,2
2,0,0,0,0,0,0,6,0
0,0,0,0,2,0,2,6,0
6,4,2,0,10,0,0,6,4
4,2,6,0,16,0,2,8,6
6,0,0,0,0,0,4,6,0
2,2,0,0,2,0,2,6,2
0,0,0,0,6,0,0,2,0
0,0,0,0,2,0,0,2,0
0,0,0,0,4,2,0,2,0
0,0,0,0,0,0,0,0,0
8,6,2,4,0,0,0,4,4
12,8,4,0,6,0,2,4,0
2,2,0,0,6,0,0,0,0
0,0,0,0,0,0,0,0,0
0,2,2,0,2,0,0,6,0
6,0,2,0,2,0,0,0,0
4,0,0,0,4,0,2,6,0
0,0,0,0,2,0,2,6,0
0,0,0,0,6,0,2,2,0
2,0,0,0,2,0,0,4,0
14,0,0,2,5,0,6,6,6
2,0,0,0,2,0,2,6,0
6,2,0,2,6,0,0,4,0
6,2,6,2,6,0,0,4,2
2,0,2,2,2,0,0,4,0
0,0,2,0,4,0,0,4,0
0,8,0,0,6,0,0,6,0
0,0,0,0,8,0,0,8,0
8,2,0,0,11,2,4,4,4
4,4,0,0,3,0,8,6,0
2,0,0,0,6,0,0,4,0
0,2,0,0,6,0,4,6,0
4,0,0,0,2,0,0,8,0
4,8,4,2,2,0,0,6,2
14,6,6,2,20,0,10,4,0
4,0,0,0,4,0,4,8,2
4,0,0,0,10,0,9,8,6
5,0,4,4,8,0,6,8,0
2,2,0,0,12,0,11,2,2
2,0,4,0,8,0,3,8,0
6,6,6,2,3,0,2,2,6
4,0,4,2,5,0,4,2,4
0,0,0,0,8,0,0,2,0
8,2,0,0,6,0,0,8,4
0,0,0,0,6,0,0,6,0
4,0,0,0,8,0,0,6,4
4,4,6,0,2,0,0,6,6
8,2,4,0,4,0,0,8,4
4,4,2,2,4,0,0,4,0
6,0,0,0,2,0,2,4,2
0,2,0,0,2,0,0,4,0
2,4,0,0,4,0,0,2,2
0,0,0,0,8,0,0,4,0
0,6,0,0,2,0,0,4,0
0,0,0,0,4,0,2,4,0
0,0,0,0,0,0,0,4,0
0,2,0,0,1,2,0,0,0
2,0,0,0,1,0,0,0,0
0,2,0,0,16,0,0,8,0
4,0,0,0,4,0,2,4,0
10,2,2,0,8,0,0,4,2
10,2,2,0,6,2,0,4,0
6,10,0,0,4,0,2,4,4
14,12,4,0,4,0,0,4,2
0,0,0,0,12,0,0,4,0
0,0,0,0,4,0,0,2,0
0,0,0,0,6,0,2,4,2
0,0,0,0,6,0,2,6,0
2,0,0,0,4,0,4,6,6
0,0,0,0,4,0,4,4,0
4,0,2,0,8,0,0,4,2
6,0,2,2,4,0,2,10,2
6,4,0,0,8,2,2,4,2
4,0,0,0,2,0,2,6,0
0,0,0,0,9,0,2,6,0
0,0,0,0,2,0,0,2,0
6,0,0,0,4,0,0,4,0
4,0,0,0,4,0,0,10,2
4,2,0,0,4,0,2,6,4
0,0,0,0,0,0,0,8,0
0,0,0,0,4,0,2,2,2
2,2,0,0,8,0,0,5,0
6,0,0,0,0,0,4,4,0
4,2,0,0,4,0,14,4,0
8,4,10,4,2,0,0,4,4
4,2,10,0,0,2,2,4,0
0,0,0,0,2,2,0,2,0
6,0,0,0,4,0,0,4,0
4,2,0,0,4,0,0,11,0
4,0,0,0,6,0,0,6,0
0,0,0,0,8,0,2,10,0
0,0,0,0,8,0,0,6,0
0,0,0,0,6,0,0,6,0
0,0,0,0,4,0,0,6,0
8,4,0,0,10,0,2,4,4
6,2,0,2,4,0,4,6,2
0,0,0,0,4,0,6,2,0
0,0,0,0,2,0,16,4,0
6,4,4,0,4,0,0,6,4
8,2,0,0,10,2,0,14,6
2,0,0,0,4,0,0,2,0
2,0,0,0,1,0,0,2,0
2,2,0,2,2,0,0,2,0
2,4,0,0,4,0,0,4,0
4,2,6,0,2,0,0,6,6
2,2,8,2,2,0,2,2,4
4,0,0,0,10,0,0,4,2
4,0,0,0,4,4,0,2,0
0,0,0,0,0,0,4,6,0
0,0,0,0,4,0,4,4,0
0,0,0,0,2,0,2,6,0
0,0,0,0,0,0,6,6,0
2,4,4,2,4,0,0,6,0
2,0,0,0,6,0,0,4,0
0,0,0,0,6,0,0,6,0
2,0,0,0,5,0,0,8,0
14,2,2,4,6,0,0,6,0
8,2,2,2,2,2,0,10,2
0,0,0,0,2,0,0,6,2
0,0,0,0,2,0,0,6,0
0,0,0,0,0,0,0,6,0
0,0,0,0,0,0,2,4,0
0,0,0,0,8,0,0,6,0
0,0,0,0,4,0,0,8,0
8,0,0,0,8,0,0,2,0
4,0,0,0,4,0,2,2,0
2,0,0,0,0,0,4,4,0
0,0,0,0,2,0,2,4,0
0,0,0,0,0,0,2,6,0
0,2,0,0,2,0,6,2,0
0,0,0,0,6,0,0,2,0
0,0,0,0,6,0,0,4,0
0,0,0,0,4,0,0,4,0
0,0,2,0,2,0,0,2,0
2,0,0,0,2,0,0,2,0
0,0,0,0,4,0,0,4,0
2,2,2,0,2,0,2,6,4
4,8,8,0,2,0,4,6,2
0,0,0,0,2,0,0,2,0
0,0,0,0,2,0,2,4,0
2,0,0,0,0,0,2,4,2
2,0,0,0,4,0,2,4,2
12,4,10,0,4,0,0,2,2
6,2,0,0,10,0,2,10,4
0,0,0,0,2,0,0,6,2
0,0,0,0,3,0,0,4,0
2,0,0,0,4,0,0,6,0
0,0,0,0,6,0,0,4,0
2,0,2,2,0,0,0,2,0
4,2,0,0,2,0,4,2,4
0,0,0,0,0,0,0,2,0
0,0,0,0,2,0,2,2,0
0,0,0,0,2,0,0,4,0
0,0,0,0,0,0,0,2,0
0,0,0,0,2,0,0,2,0
4,0,0,2,4,0,0,2,2
0,0,0,0,2,0,2,4,0
10,0,0,0,1,0,0,6,0
4,0,0,0,2,2,0,5,2
4,2,0,0,2,0,0,5,2
10,2,6,0,0,0,4,4,4
4,2,4,0,0,0,0,4,0
2,2,0,0,2,0,0,2,0
8,0,0,2,10,2,2,2,6
4,0,0,0,6,12,4,10,0
0,0,0,0,8,4,6,10,0
6,2,2,2,4,8,0,14,6
4,2,4,2,8,4,0,12,2
6,0,0,0,2,0,2,10,0
4,4,6,0,6,4,4,10,2
2,0,0,0,8,0,8,4,0
6,0,0,0,8,0,4,6,0
0,2,0,0,2,0,0,8,0
2,0,0,0,2,0,0,4,0
2,0,0,0,2,0,0,4,2
2,0,0,0,6,0,0,4,2
0,0,0,0,4,0,0,6,0
0,0,0,0,8,0,0,4,0
2,0,0,0,6,0,2,4,2
2,2,0,0,6,0,2,2,0
6,0,0,2,2,2,0,2,6
4,0,0,0,4,0,0,2,2
2,0,0,0,6,4,0,4,0
4,0,0,0,8,2,0,4,0
0,0,0,0,6,0,4,2,0
0,0,0,0,2,0,2,4,0
0,0,0,0,4,0,4,10,0
0,0,0,0,5,0,0,4,0
2,0,2,0,8,0,0,4,0
4,2,4,0,4,0,0,4,2
2,2,0,0,2,0,0,8,0
10,2,0,0,6,0,0,4,0
4,0,0,2,4,0,0,4,2
10,0,0,0,2,0,0,4,2
2,0,0,0,2,0,0,2,4
0,0,0,0,2,0,0,2,0
0,0,0,0,6,0,4,4,2
2,0,0,0,10,0,4,8,0
2,2,2,2,6,0,0,6,2
0,0,2,2,4,0,0,8,0
12,4,2,0,2,0,2,8,4
10,4,4,0,16,0,8,4,4
2,0,0,0,6,0,2,4,0
0,0,0,0,6,2,6,4,2
2,2,0,2,8,0,2,10,0
0,0,0,0,2,0,0,6,0
4,4,2,0,4,0,0,6,4
4,4,4,2,2,0,0,4,8
10,6,0,2,10,0,0,2,6
18,2,4,2,16,0,0,8,8
4,0,0,0,7,0,0,4,4
6,2,0,0,5,0,0,0,4
6,0,2,0,6,0,0,6,0
4,0,0,0,2,0,0,6,0
12,0,0,0,16,0,8,2,2
8,4,4,0,6,0,8,2,6
0,0,0,0,4,0,0,4,0
0,0,0,0,6,0,0,4,0
0,0,0,0,4,0,0,2,0
0,0,0,0,2,0,0,4,0
0,0,0,0,4,0,0,4,0
0,0,0,0,2,0,0,2,0
4,2,0,0,4,0,0,6,2
2,4,2,0,4,0,0,2,2
2,2,6,0,2,0,0,6,2
6,0,2,0,0,0,0,6,2
10,0,0,0,6,0,0,6,4
8,0,0,0,2,0,0,6,2
0,2,0,0,2,0,0,6,0
0,2,0,0,4,0,0,6,0
2,2,6,0,2,0,2,6,2
0,6,12,0,2,0,4,4,4
6,0,0,0,2,0,7,4,2
2,0,0,0,2,4,5,4,0
0,0,0,0,6,0,5,4,0
0,2,0,0,4,0,7,4,0
4,0,0,2,0,0,2,4,2
8,0,4,0,0,0,2,4,2
2,0,0,0,6,0,0,4,2
2,0,0,0,2,0,0,4,2
0,0,0,0,4,0,0,2,0
0,0,0,0,2,0,0,2,0
6,0,0,0,7,0,0,4,2
4,2,2,0,6,0,0,6,0
0,0,0,0,0,0,2,4,0
0,0,0,0,2,0,2,4,0
10,2,0,0,10,0,2,8,6
10,0,0,0,10,0,0,6,4
4,0,2,0,4,0,6,4,0
2,0,0,0,1,0,0,6,0
0,0,0,0,2,0,2,4,2
2,0,0,0,6,0,0,8,0
2,8,4,2,4,0,0,12,0
2,0,0,2,0,0,0,5,2
4,2,0,0,2,0,0,7,4
2,0,0,0,0,0,0,2,2
6,0,2,0,4,0,0,6,0
6,6,0,0,4,0,0,4,4
4,0,2,0,0,0,2,6,4
14,0,0,0,4,0,0,6,4
2,0,0,0,2,0,2,4,0
2,2,0,0,8,0,2,4,0
0,0,0,0,6,0,0,4,0
0,0,0,0,4,0,2,4,0
6,2,0,0,6,0,0,2,4
6,6,2,2,4,2,0,4,4
2,0,3,0,2,0,0,2,2
2,2,0,0,4,0,0,4,2
2,2,0,2,0,0,0,8,4
4,4,0,0,0,0,2,4,4
0,0,0,2,0,0,0,4,0
2,0,4,4,0,0,2,6,0
0,0,0,2,0,0,0,4,0
0,0,0,0,2,0,0,4,0
6,4,6,0,0,0,2,3,4
8,0,2,0,2,0,0,6,4
4,0,0,0,0,0,0,4,0
2,2,0,0,0,0,0,0,0
6,0,0,0,4,6,0,2,0
6,0,0,0,4,6,0,2,0
6,8,2,2,8,0,0,4,6
4,2,2,0,4,0,4,4,4
0,2,0,0,2,2,4,8,0
10,0,0,0,8,0,4,10,4
0,0,0,0,0,2,2,6,0
0,0,0,0,0,0,0,6,0
2,0,0,0,2,0,0,2,0
4,0,0,0,4,0,0,2,2
2,0,0,0,4,0,0,10,0
4,0,2,0,4,2,0,6,0
6,4,0,0,8,0,0,6,2
8,2,0,0,10,0,0,6,4
0,0,0,0,0,0,0,8,0
6,0,0,0,2,2,0,7,0
4,0,0,0,0,0,2,8,0
4,0,2,0,0,0,4,2,0
2,0,0,0,2,0,0,4,0
0,0,0,0,2,0,0,2,0
2,0,0,0,0,8,2,12,4
6,0,0,0,0,6,2,6,0
4,0,0,0,0,2,0,4,2
2,0,0,0,0,8,8,6,4
6,0,0,0,4,2,2,4,2
2,0,0,0,4,4,2,4,0
0,0,0,0,4,2,2,6,0
2,0,2,0,2,2,0,4,2
4,0,0,0,6,0,0,6,0
4,2,0,0,2,0,0,4,0
0,0,0,0,2,0,6,4,0
0,0,0,0,2,0,6,4,0
0,4,2,2,6,2,6,4,4
2,2,0,0,4,0,2,4,2
2,0,0,0,2,0,0,3,0
4,0,0,0,4,0,2,4,0
4,2,0,0,11,2,6,6,0
6,0,0,0,4,0,0,2,0
2,0,0,0,8,2,8,10,0
2,0,0,0,8,0,4,6,0
6,2,0,0,4,0,2,4,0
8,2,0,0,2,0,1,4,4
4,0,0,0,2,0,0,4,0
0,2,0,0,4,0,2,6,0
8,4,8,0,4,0,0,12,2
4,4,0,2,4,0,0,4,2
0,0,0,0,14,0,0,4,0
0,0,0,0,4,0,0,4,0
2,0,0,0,0,0,0,4,0
12,0,4,2,4,0,2,6,2
2,0,0,0,2,0,0,2,2
4,0,0,0,4,0,0,6,2
0,0,0,0,4,0,2,4,0
0,0,0,0,4,0,2,3,2
0,0,0,0,2,0,0,4,0
2,2,0,0,3,0,0,4,0
4,0,2,0,4,0,0,6,0
4,2,0,0,3,0,0,4,0
0,0,0,0,0,0,2,6,0
0,0,0,0,2,0,2,4,0
0,0,0,0,7,0,2,0,0
0,0,0,0,9,0,10,0,0
2,0,0,0,7,0,4,4,2
4,2,0,2,2,0,6,4,4
0,0,0,0,3,0,6,2,0
0,0,0,0,3,0,6,2,0
4,2,0,0,0,0,0,6,2
2,2,0,0,2,0,0,6,2
0,0,0,0,0,0,0,6,2
2,2,0,2,4,0,0,6,0
6,2,0,0,2,0,0,6,2
4,2,0,0,4,0,0,4,2
6,2,0,0,6,0,0,6,2
4,0,0,0,2,0,0,6,2
8,2,4,0,8,0,2,4,0
2,2,0,2,4,0,0,4,0
0,2,4,0,2,0,2,8,0
2,0,0,0,0,0,1,6,0
8,4,4,0,14,0,0,6,2
4,2,2,0,10,0,0,2,2
4,0,0,0,8,0,4,4,0
6,0,0,0,2,0,6,6,0
0,0,0,0,4,0,6,6,0
10,8,4,2,10,0,2,4,2
12,4,6,0,14,0,2,8,6
6,0,0,0,4,4,2,2,2
4,0,0,0,6,2,2,4,0
4,8,0,0,0,4,4,4,0
4,2,2,0,6,4,4,7,4
8,4,0,0,3,0,0,8,2
8,0,2,0,10,0,0,8,4
6,4,0,0,3,0,0,4,6
2,6,4,0,6,0,0,6,4
0,0,2,2,4,0,0,5,2
8,0,0,0,6,0,0,6,2
8,0,2,0,12,0,2,2,0
2,0,0,0,2,0,0,4,0
0,0,0,0,2,0,0,4,0
0,0,0,0,0,0,0,2,0
2,0,0,0,2,0,2,2,0
6,6,0,0,4,0,2,4,0
0,0,0,0,4,0,6,4,0
0,0,0,0,6,0,8,2,0
4,0,2,2,6,0,4,6,2
4,0,0,0,6,0,0,4,0
0,0,0,0,2,0,0,6,0
0,0,0,2,8,0,0,3,0
6,6,0,0,14,0,0,4,4
10,2,2,2,14,0,0,4,4
0,2,0,0,10,0,2,4,2
2,0,0,0,4,0,2,4,0
0,0,0,0,6,0,2,8,0
0,0,0,0,6,0,0,8,0
8,0,0,0,2,3,0,8,0
4,0,0,0,0,2,0,5,0
4,0,0,0,4,0,0,2,2
2,0,0,0,4,0,0,2,0
10,4,4,0,4,0,2,8,4
4,2,2,2,2,0,0,6,0
2,0,0,0,4,0,2,8,0
2,0,0,0,2,0,4,8,0
2,0,0,0,7,2,2,0,0
4,0,0,0,7,2,2,0,0
6,4,0,0,4,0,0,2,6
4,0,2,0,8,0,2,6,4
0,0,0,0,2,0,2,6,0
12,6,0,0,2,0,2,10,2
2,0,0,0,5,0,0,4,6
8,2,0,0,8,0,0,1,8
4,0,0,0,5,0,6,4,0
0,2,0,0,13,0,6,2,2
2,0,0,0,8,0,0,4,0
4,0,0,0,8,0,0,6,0
8,6,2,0,2,0,0,14,6
16,8,4,0,14,2,0,12,6
2,0,0,0,4,0,0,6,0
4,2,0,2,8,0,0,4,2
4,2,2,0,5,0,0,10,2
2,6,0,0,5,0,0,14,4
2,2,2,0,6,0,2,8,2
2,0,2,0,8,4,4,6,0
2,0,0,0,8,4,0,2,2
8,0,0,0,6,0,0,0,0
0,0,0,0,0,0,2,6,0
6,2,4,0,2,0,2,8,6
0,0,0,0,0,0,0,6,0
0,2,0,0,2,0,0,4,0
0,0,0,0,0,0,0,6,0
0,0,0,0,0,0,0,2,0
6,6,4,0,5,0,2,4,2
4,2,0,0,7,0,0,4,0
2,0,0,0,3,0,2,6,2
4,0,0,0,6,0,2,3,2
2,0,0,0,4,0,4,6,0
0,2,0,0,2,0,2,6,2
12,0,0,0,8,0,0,2,4
8,0,0,0,4,0,0,2,4
6,0,0,0,2,0,2,8,2
6,0,0,0,2,4,3,8,2
6,2,0,0,0,0,6,10,4
2,2,0,0,2,0,7,6,2
4,2,0,0,8,2,0,7,0
0,0,0,0,6,0,2,5,0
0,0,0,0,4,0,0,6,0
4,0,0,0,3,0,0,6,0
2,4,4,0,2,0,6,6,2
2,0,0,0,0,0,0,4,0
0,0,0,0,2,0,0,4,0
0,0,0,0,0,0,0,6,0
0,0,0,0,0,0,0,4,0
0,0,0,0,0,0,0,2,0
2,2,0,0,0,0,0,4,0
0,0,0,0,0,0,0,2,0
4,4,2,2,6,4,6,6,6
4,2,2,0,2,2,0,10,4
2,2,0,0,0,0,0,6,0
0,0,0,0,0,0,0,2,0
2,0,0,0,0,0,2,2,2
2,0,0,0,0,0,2,0,0
2,0,0,0,0,0,0,3,0
4,0,0,0,2,0,0,2,2
4,0,0,0,0,2,0,3,0
0,0,0,0,2,0,0,2,2
0,0,0,0,2,0,0,4,0
8,0,0,0,8,0,6,8,0
4,4,0,0,2,0,2,12,0
2,0,0,0,0,0,4,4,0
0,0,0,0,0,0,0,2,0
0,0,0,0,0,0,2,2,0
0,0,0,0,4,0,0,4,2
2,0,0,0,2,0,0,6,0
4,0,0,0,2,0,0,4,0
0,0,0,0,8,0,0,4,0
0,0,0,0,8,0,2,6,0
0,0,0,0,6,0,0,6,0
2,2,0,0,6,0,2,6,0
4,6,4,2,2,0,1,4,4
6,0,0,0,9,0,2,2,6
0,0,0,0,4,2,4,6,0
0,0,0,0,3,4,2,4,0
0,2,4,2,2,0,2,4,2
10,8,4,2,2,0,0,6,6
2,4,0,4,0,0,0,6,2
0,0,0,2,2,0,0,5,2
6,0,0,0,6,0,0,4,2
0,0,0,0,0,0,0,6,0
0,0,0,0,4,0,0,0,0
0,0,0,0,6,0,0,2,0
2,0,0,0,0,0,0,0,0
2,0,0,0,3,0,0,4,0
2,0,0,0,3,0,2,4,0
0,2,0,0,0,0,0,4,0
0,0,0,0,0,0,0,8,0
0,0,0,0,4,0,0,6,0
2,0,0,0,5,0,0,6,2
2,0,0,0,4,0,0,4,0
2,0,0,0,2,0,0,6,0
4,0,0,0,4,0,0,4,0
4,0,0,0,0,2,0,4,0
2,0,0,0,2,0,0,4,0
4,0,0,0,2,0,2,0,0
2,0,0,0,0,0,2,2,0
2,2,0,0,4,0,2,3,0
2,2,0,0,2,0,2,4,2
2,2,0,0,4,0,2,6,0
6,0,0,0,6,0,2,4,0
2,0,0,0,0,0,0,4,0
0,0,0,0,6,2,0,2,0
6,0,2,0,14,0,2,6,2
0,0,0,0,0,0,0,2,0
2,0,0,0,4,0,0,2,0
2,0,0,0,2,0,0,6,0
2,2,0,0,2,0,0,2,0
0,0,0,0,0,0,0,4,0
2,0,0,0,2,0,0,4,0
2,0,0,0,2,0,0,4,0
6,0,0,0,4,0,0,5,0
2,0,4,0,9,0,4,4,4
0,0,0,0,2,2,0,2,0
0,0,0,0,0,0,0,2,0
0,0,0,0,2,0,0,2,2
0,0,0,0,0,0,0,2,0
4,4,0,0,4,0,2,4,2
0,6,0,0,2,0,0,6,0
4,4,0,0,2,0,0,2,2
4,2,0,0,4,2,0,6,2
6,8,6,0,2,0,0,6,4
8,4,0,0,12,0,2,10,6
0,0,0,0,6,0,2,8,2
0,0,0,0,0,0,0,6,0
2,2,6,2,6,0,2,4,6
6,2,0,0,8,0,2,10,4
0,0,0,0,2,0,0,9,0
0,0,0,0,14,0,0,9,0
4,2,0,0,2,0,2,9,0
6,0,2,2,6,0,0,5,2
8,2,0,0,2,0,4,2,4
8,2,0,0,2,0,6,4,6
4,2,0,0,2,0,4,4,4
4,4,4,0,2,0,8,2,4
8,0,0,2,4,0,0,7,6
0,0,0,0,2,0,0,5,0
0,0,0,0,3,0,0,4,0
0,0,0,0,5,0,0,4,0
6,2,2,0,2,0,0,7,6
10,2,2,0,6,0,0,7,6
2,0,0,0,4,0,0,2,2
0,0,0,0,4,0,0,4,2
8,2,4,0,2,0,2,4,2
6,8,4,2,4,0,0,4,0
10,0,0,2,14,0,2,6,4
10,2,0,0,12,0,4,6,2
0,0,0,0,12,0,0,22,0
0,2,2,0,8,0,0,22,0
0,0,0,0,2,0,0,2,0
0,0,0,0,2,0,0,0,0
2,2,0,0,6,0,0,6,2
2,0,0,0,4,0,0,4,0
0,0,0,0,4,0,2,8,0
2,0,0,0,4,0,2,6,0
0,0,0,0,4,0,2,6,0
2,0,0,0,6,0,2,8,0
4,2,0,0,2,0,0,4,2
0,2,0,0,2,0,0,4,0
2,4,0,0,6,0,4,4,0
0,0,0,0,2,0,0,2,0
0,0,0,0,4,0,0,0,0
0,0,0,0,0,0,0,4,0
4,8,0,2,6,2,0,6,6
12,6,0,0,8,2,0,4,6
6,0,2,2,2,0,0,0,0
0,0,0,0,0,0,2,2,0
6,8,4,0,4,0,0,4,2
2,0,0,0,4,0,0,4,2
2,0,0,0,0,0,0,3,0
2,2,0,0,2,0,0,2,0
2,0,0,0,2,0,1,4,0
2,2,0,0,4,0,4,4,0
6,2,0,0,4,0,2,6,2
2,2,0,0,2,0,2,8,2
2,0,0,0,2,0,0,6,0
0,0,0,0,2,0,0,6,0
2,2,2,0,5,0,0,6,0
0,0,0,0,2,0,0,4,0
2,0,0,0,2,0,0,6,2
2,0,0,0,2,0,0,6,0
10,0,0,0,4,0,0,6,0
8,0,0,0,6,0,0,6,0
2,0,0,0,4,2,7,4,0
4,0,0,0,7,0,2,4,0
10,4,10,2,0,0,5,8,4
6,4,0,0,3,0,4,4,0
0,0,2,0,4,0,0,6,0
0,0,0,0,0,0,0,4,0
4,4,4,0,2,0,0,6,2
4,2,6,0,2,2,0,8,0
12,4,0,0,5,0,0,4,2
0,0,0,2,4,0,0,8,0
4,2,0,0,2,0,2,4,0
6,4,0,0,2,0,0,2,2
2,0,0,2,2,0,0,6,2
0,0,0,0,2,0,0,6,0
10,0,2,0,6,0,0,6,4
8,4,2,0,6,0,0,7,4
0,0,0,0,6,4,0,6,0
0,0,0,0,6,2,2,8,0
0,0,0,0,2,0,0,6,0
0,2,0,0,2,0,2,4,0
0,0,0,0,2,0,2,6,0
0,0,0,0,6,0,2,4,0
6,6,4,2,6,0,0,8,2
10,2,0,0,2,0,0,2,0
0,0,0,0,9,0,0,4,0
0,0,0,0,3,0,0,4,0
0,0,0,0,4,0,0,0,0
2,0,0,0,9,2,4,4,0
6,0,0,0,0,0,2,8,2
2,0,0,0,2,0,0,4,2
2,0,0,2,2,0,0,4,0
2,0,0,0,2,0,0,2,0
0,0,0,0,0,0,0,6,0
4,0,0,0,2,0,0,4,0
2,0,0,0,14,0,0,12,6
0,2,0,0,4,0,0,6,2
2,6,10,2,12,0,4,10,2
2,6,6,2,4,0,4,4,2
0,0,0,0,2,0,0,4,0
0,0,0,0,4,0,0,6,0
6,2,0,2,0,0,0,6,0
4,4,0,0,4,0,0,4,0
0,0,0,0,0,0,0,8,0
2,2,0,0,2,0,2,6,0
0,0,0,0,2,0,0,8,0
0,0,0,0,2,0,0,6,0
6,0,0,0,2,0,2,4,0
6,2,0,2,8,0,2,6,0
4,0,0,0,2,0,4,2,0
0,0,0,0,4,0,0,2,0
2,2,0,0,5,0,0,2,0
4,0,0,2,4,0,0,2,0
4,2,0,0,8,0,0,6,2
14,4,4,2,6,0,0,4,8
4,4,0,0,0,0,2,12,4
4,2,0,0,6,0,6,6,2
2,0,0,0,4,0,0,4,2
0,0,0,0,2,0,0,4,0
4,0,0,0,4,0,0,6,4
4,0,0,0,2,0,0,4,2
0,2,0,0,0,0,0,8,0
6,4,0,0,4,0,0,4,2
6,0,0,0,8,0,6,4,0
8,2,0,0,6,0,8,4,2
4,8,0,0,10,0,0,4,2
6,6,4,0,6,0,0,4,4
0,2,0,0,0,0,2,2,0
0,0,0,0,0,0,0,2,0
0,2,0,0,0,0,4,2,2
0,2,0,0,5,0,0,4,0
8,2,2,2,6,0,2,4,0
4,0,0,0,2,0,0,4,2
2,0,0,2,2,0,0,4,2
4,2,0,0,2,0,2,4,0
0,2,0,0,2,0,0,2,0
0,2,6,0,3,0,0,4,0
0,0,0,0,2,0,2,2,0
0,0,0,0,8,0,4,2,0
2,2,2,0,2,0,0,6,0
0,2,0,0,4,0,0,4,0
0,0,0,0,2,0,0,4,0
0,0,0,0,2,0,0,3,0
2,0,0,0,0,0,0,6,0
0,0,0,0,0,0,0,6,0
0,0,0,0,0,0,0,6,0
0,0,0,0,0,0,0,6,0
4,0,0,0,6,0,2,6,0
4,0,2,0,4,2,2,9,0
2,0,0,0,4,0,0,6,0
2,0,0,0,4,0,0,6,0
4,0,2,0,2,0,0,4,4
2,4,2,0,6,0,0,4,0
0,0,0,0,10,0,2,10,0
0,0,0,0,6,0,4,6,0
8,2,0,0,6,0,0,10,4
8,2,0,0,0,0,2,6,2
10,0,4,0,2,0,0,6,2
18,2,0,0,2,0,2,12,2
2,0,0,0,2,0,2,4,2
0,0,0,0,2,0,2,4,2
4,0,0,0,7,0,10,4,2
2,0,0,2,6,0,4,4,4
2,0,4,0,8,0,6,8,0
0,0,0,2,2,0,2,6,2
2,0,0,0,6,0,0,4,0
0,0,0,0,2,0,0,2,0
2,0,0,0,14,0,2,10,0
2,0,0,0,2,0,0,4,0
2,0,0,0,2,0,2,0,2
6,0,0,0,6,0,0,2,0
0,0,0,0,2,2,0,4,0
0,0,0,0,2,0,0,6,0
2,4,0,0,14,2,0,6,2
2,0,0,0,8,0,0,6,6
6,0,2,0,6,0,0,4,0
8,0,0,0,8,0,0,6,0
10,4,4,2,6,0,0,4,6
6,0,0,0,5,0,2,4,0
4,2,2,0,2,0,4,4,6
4,2,0,0,5,0,2,4,2
4,0,0,0,3,0,2,4,0
0,0,0,0,0,2,4,4,0
2,0,0,0,2,0,2,4,0
2,2,0,0,9,0,0,6,0
0,0,0,0,2,0,0,6,0
2,0,0,0,6,0,1,6,0
2,2,4,0,0,0,2,4,2
4,0,0,0,0,0,2,4,0
6,0,0,0,2,0,6,8,0
2,4,0,0,6,0,2,4,2
0,0,4,0,2,0,0,6,0
6,2,2,0,6,0,2,8,0
4,2,0,0,6,0,4,10,2
4,0,2,0,2,2,2,6,2
2,4,4,2,4,0,0,8,0
2,0,0,0,2,0,0,6,0
2,0,0,0,2,0,0,4,0
0,0,0,0,2,0,4,4,0
4,0,0,0,2,0,0,2,0
8,0,2,0,2,0,0,4,0
2,0,0,4,8,0,0,4,0
2,0,0,4,6,0,0,4,2
2,2,2,0,12,0,4,5,8
12,4,0,0,6,0,2,10,6
10,2,2,2,4,0,0,8,8
8,6,8,0,10,0,0,8,8
0,0,0,0,4,0,5,4,0
2,0,0,0,2,0,2,5,0
4,8,6,0,8,0,3,6,2
6,2,0,0,4,0,0,4,0
0,2,0,0,12,0,0,4,0
2,0,0,0,6,0,0,2,0
2,2,0,0,2,0,2,8,2
6,0,0,0,6,0,4,8,4
2,2,0,0,0,0,2,8,0
4,0,0,0,6,0,2,6,0
0,0,0,0,7,0,4,4,0
0,0,0,0,8,0,4,4,0
2,2,0,0,6,0,0,6,2
2,0,0,0,8,0,0,8,2
2,0,0,0,8,0,0,6,4
6,0,0,0,6,0,0,8,0
4,0,2,0,4,0,0,6,2
2,0,0,2,4,0,0,6,0
6,2,0,0,6,0,0,12,4
4,0,0,0,4,0,0,12,2
2,4,0,2,6,0,2,6,2
0,0,0,0,2,0,0,8,0
4,2,4,0,6,0,0,6,2
2,0,4,0,4,0,0,8,0
0,0,0,0,6,0,0,6,0
0,2,0,0,4,0,0,6,0
2,2,2,0,4,2,2,14,0
4,4,4,0,6,0,4,10,2
0,0,0,0,4,0,4,4,0
0,0,2,0,4,0,4,2,2
16,2,4,0,2,0,0,6,10
4,4,2,0,6,0,0,4,10
4,0,0,0,0,0,2,4,0
4,0,0,0,2,0,2,2,6
8,2,2,2,10,0,4,6,0
2,2,0,0,0,0,0,4,0
6,6,0,0,6,0,2,6,4
6,0,0,0,2,0,0,6,2
2,2,0,2,4,0,6,11,0
6,4,0,0,4,0,0,10,2
0,0,0,0,8,0,0,11,0
0,0,0,0,6,0,0,8,0
2,8,4,0,0,0,0,4,0
0,2,0,0,2,0,0,4,0
0,0,0,0,6,0,0,6,0
0,0,0,0,4,0,0,4,0
10,2,6,4,6,0,4,6,4
4,8,0,0,10,0,4,6,0
0,0,0,0,8,0,4,0,0
0,0,0,0,7,0,0,2,0
6,0,2,0,2,0,0,8,2
10,2,0,2,8,0,0,10,2
4,0,0,0,4,0,0,8,0
6,0,0,0,6,0,2,6,0
0,0,0,0,4,0,0,2,0
0,0,0,0,4,2,2,2,0
0,0,0,0,2,0,0,10,2
2,0,0,0,2,0,2,8,0
0,0,0,0,2,0,0,4,0
0,0,0,0,2,0,0,6,0
4,0,0,0,6,2,0,4,0
0,0,0,0,2,0,0,4,0
0,0,0,0,6,0,0,4,0
0,0,0,0,0,0,0,4,0
0,0,0,0,4,0,0,4,0
0,0,0,0,4,0,2,8,0
2,2,2,0,4,0,0,4,0
0,2,0,0,2,0,0,2,0
2,4,6,0,6,2,2,8,2
4,0,0,0,6,0,0,4,2
2,0,0,0,0,0,2,4,0
4,0,2,0,0,0,2,10,4
2,0,4,0,4,0,0,6,0
4,6,12,0,6,0,0,4,2
0,0,0,0,0,0,0,4,0
0,0,0,0,2,2,0,4,0
4,0,0,0,4,0,0,2,0
6,0,0,0,4,0,0,2,0
2,2,2,0,4,0,0,4,0
2,0,0,0,4,0,6,2,0
4,4,0,0,8,2,0,4,0
6,2,0,0,8,2,0,8,0
6,2,6,0,2,0,0,8,6
4,0,0,0,2,0,0,8,4
0,0,0,0,4,0,2,8,0
2,0,6,0,4,0,8,8,2
4,2,6,0,6,0,0,6,4
8,2,2,2,6,0,0,6,4
2,2,0,0,4,0,0,2,0
4,0,0,0,2,2,0,2,0
4,0,0,0,4,0,0,4,2
2,0,0,0,2,4,0,2,4
0,0,0,0,6,0,4,2,0
0,0,0,0,2,0,6,0,0
2,2,0,0,0,0,2,8,2
4,6,2,4,4,0,0,4,6
2,0,0,0,0,2,0,2,0
0,0,0,0,7,0,0,4,2
2,0,0,0,3,0,0,2,0
0,0,0,0,2,0,0,4,0
0,0,0,0,2,0,0,2,0
2,0,0,0,2,0,0,2,0
0,0,0,0,0,0,0,2,0
0,0,0,0,2,0,0,4,0
8,0,0,0,8,0,0,12,6
6,0,0,0,8,0,0,8,6
0,0,0,0,9,0,0,4,0
0,0,0,0,6,0,0,2,0
4,2,0,0,4,0,0,8,2
2,2,0,0,2,0,2,6,4
0,0,0,0,6,0,2,6,0
0,0,0,0,4,0,4,6,0
12,4,2,2,2,0,0,8,8
16,6,0,0,8,0,0,10,10
4,0,0,0,4,0,0,4,0
4,0,0,0,2,0,0,6,0
2,0,0,0,6,0,4,2,0
2,0,0,0,6,0,4,2,2
2,2,0,0,4,0,0,2,0
4,2,2,0,4,0,0,2,0
0,0,0,0,0,0,0,6,0
4,0,0,0,0,0,0,6,0
0,0,0,0,0,0,0,6,0
0,0,0,0,0,0,0,6,0
2,2,0,0,6,0,2,6,0
2,4,0,0,4,0,0,6,0
8,2,4,2,0,0,0,10,4
10,8,4,0,6,0,0,8,2
6,2,0,2,0,0,2,2,4
4,2,0,0,2,0,0,0,4
0,0,0,0,0,0,0,4,0
0,0,0,0,6,0,0,4,0
0,0,0,0,0,0,6,4,0
0,0,0,0,4,0,4,4,0
4,0,0,0,4,14,0,6,2
8,4,0,0,2,14,2,6,4
8,4,0,0,0,0,3,6,0
4,0,0,0,0,0,0,2,0
2,0,0,0,2,0,0,3,0
0,0,0,0,2,0,0,2,2
2,0,0,0,4,0,0,4,2
0,0,0,0,6,0,0,4,2
2,0,0,0,6,0,2,4,2
0,0,0,0,2,0,0,4,0
4,4,0,0,4,0,2,2,0
6,0,0,0,0,0,8,2,2
6,0,0,0,0,0,0,4,4
6,0,0,0,4,0,0,4,4
6,2,0,0,0,0,0,4,0
4,0,0,0,0,0,0,4,0
0,0,0,0,6,0,0,4,2
0,0,0,0,4,0,0,4,2
0,0,0,0,8,0,4,5,0
0,0,0,0,4,0,4,8,0
0,0,0,0,2,0,0,6,2
4,2,0,0,2,0,2,4,4
0,2,0,0,2,0,0,2,0
0,0,0,0,0,0,0,2,2
0,0,0,0,0,0,0,6,0
2,0,0,0,2,0,0,4,0
2,0,0,0,0,0,0,4,0
4,0,4,0,0,0,0,2,2
0,0,0,0,2,4,0,4,0
0,0,0,0,2,0,0,6,0
0,0,6,0,1,0,0,8,0
0,0,4,2,2,0,0,6,0
4,0,0,0,10,0,2,4,0
2,0,0,0,12,0,0,3,0
2,2,6,0,0,0,0,8,8
2,2,2,0,0,0,0,4,4
2,0,0,0,2,0,0,4,0
0,0,0,0,0,0,0,2,0
0,0,0,0,4,0,0,2,0
2,2,2,0,2,0,0,6,2
4,2,2,0,6,0,0,4,2
2,4,6,0,2,0,0,4,6
0,0,0,0,2,0,2,4,0
4,0,0,0,4,0,2,4,0
2,0,0,0,0,0,2,4,0
0,0,0,0,0,0,4,8,0
8,0,0,0,8,0,0,5,8
10,2,0,0,8,0,2,0,4
0,0,0,0,6,0,0,7,0
0,0,0,0,2,0,0,0,0
8,2,0,0,4,0,0,6,0
2,0,0,0,4,0,0,6,0
8,0,0,0,2,0,4,2,0
4,2,0,0,0,0,4,6,0
2,0,0,0,4,0,0,0,0
0,0,0,0,2,0,0,2,0
4,0,0,0,6,0,0,6,0
2,0,0,0,4,0,0,4,0
12,6,2,0,4,0,0,2,6
2,0,0,0,6,0,0,8,2
12,6,4,4,4,0,2,8,4
6,2,0,2,4,2,2,7,2
4,4,0,0,2,0,0,6,0
6,0,0,0,4,0,0,8,0
2,0,0,0,0,0,7,0,0
2,0,0,0,0,0,4,4,0
2,2,0,0,6,0,2,2,0
0,0,0,0,2,0,0,2,0
2,4,0,0,8,0,0,6,0
2,0,0,0,4,0,2,4,0
0,0,0,0,8,2,2,2,2
4,2,2,0,12,0,0,2,0
4,4,0,0,5,0,0,2,4
0,0,0,0,2,0,0,4,2
6,0,0,0,2,0,0,0,6
0,0,0,2,6,0,0,4,0
2,0,0,0,4,0,0,8,0
2,0,2,0,2,0,0,4,2
0,0,0,0,4,0,2,8,0
0,0,0,0,4,0,0,6,0
0,0,0,0,0,0,0,6,0
2,0,0,0,4,0,0,6,0
8,2,0,0,9,0,0,0,2
4,0,0,0,4,0,0,4,0
0,0,0,0,0,0,0,4,0
2,0,0,0,3,0,0,4,2
4,0,0,0,0,0,0,2,0
0,0,0,0,0,0,0,4,0
4,0,0,0,8,0,2,4,0
6,0,0,0,2,0,0,2,0
6,0,0,0,3,0,0,6,0
4,0,0,0,2,0,0,6,0
4,0,0,0,8,0,0,4,0
4,2,2,0,8,0,2,6,2
0,0,0,0,6,0,0,6,0
2,2,0,0,4,0,2,4,0
0,0,0,0,3,0,4,0,0
4,6,0,0,3,0,2,0,0
0,0,0,0,0,0,0,0,0
2,0,0,0,0,0,0,2,2
2,0,0,0,0,0,2,2,0
0,0,0,0,2,0,0,4,0
2,0,6,0,2,0,2,4,0
0,0,0,0,0,0,0,6,0
0,0,0,0,5,0,0,6,2
0,0,0,0,0,0,0,8,0
0,0,0,0,0,0,2,2,0
0,0,0,0,4,0,2,4,0
8,0,0,0,4,0,0,7,6
8,0,0,0,4,0,2,5,6
8,4,4,0,4,0,0,4,2
4,0,2,0,4,0,0,4,4
0,2,2,2,10,0,0,8,0
2,2,2,2,4,0,0,4,0
4,2,0,0,12,0,0,2,2
2,2,0,0,4,0,0,6,2
0,0,0,0,4,0,2,4,0
2,2,0,0,4,0,4,8,0
6,2,4,0,2,0,2,8,2
0,2,0,0,6,0,2,4,0
0,0,0,0,2,0,2,4,0
6,2,2,0,4,0,2,2,2
6,4,2,2,6,0,0,6,4
2,4,0,0,2,0,0,4,2
0,0,0,0,0,0,0,0,0
0,0,0,0,0,0,0,0,0
0,0,0,0,4,2,0,6,0
0,0,0,0,0,6,4,10,2
6,2,0,0,6,0,0,6,0
6,0,2,0,8,0,0,4,0
0,0,0,0,2,0,0,0,0
2,0,0,0,2,0,0,2,0
10,0,4,0,4,0,4,2,6
8,0,2,0,4,0,2,4,4
0,0,0,0,0,0,2,4,0
4,0,0,0,0,0,8,6,0
2,0,0,0,4,0,0,8,0
0,2,0,0,2,0,0,4,0
0,0,0,0,0,0,0,4,0
0,0,0,0,5,0,0,2,0
4,2,0,0,6,0,4,4,0
2,0,0,0,2,0,0,3,0
2,2,0,0,4,0,0,6,6
8,0,0,0,2,0,4,5,6
4,0,4,2,4,0,0,4,4
0,2,0,2,4,0,0,6,2
0,0,0,0,6,0,4,4,4
0,0,0,0,4,0,0,7,0
0,0,2,0,2,0,0,4,0
2,0,4,2,2,0,0,4,2
0,2,0,0,6,0,0,6,0
0,0,0,0,2,0,0,4,0
0,0,0,0,6,0,0,2,0
0,0,0,0,4,0,2,2,0
0,2,2,0,2,0,2,4,0
0,2,0,0,4,0,2,8,0
6,2,0,0,6,0,0,4,0
6,0,0,0,6,0,0,4,0
2,0,0,0,4,0,0,4,0
0,2,4,0,2,0,0,12,0
0,0,0,0,2,0,0,4,0
0,0,0,0,0,0,0,2,0
0,2,0,0,4,0,2,6,0
0,0,0,0,2,0,0,8,0
6,0,0,0,4,2,0,8,2
4,2,0,0,4,0,0,4,0
2,0,0,0,4,2,0,4,2
2,0,0,0,6,0,0,2,0
12,0,8,2,4,0,2,4,4
8,2,2,0,2,0,0,2,2
0,0,0,0,2,0,0,3,0
0,0,0,0,1,2,2,2,0
0,0,0,0,6,2,2,6,2
0,0,0,0,6,0,2,2,0
2,0,0,0,4,0,0,8,2
0,0,0,0,2,0,0,2,0
8,4,0,4,6,0,0,8,2
0,2,0,0,3,0,0,2,0
2,0,0,0,0,0,2,10,0
0,0,0,0,0,0,2,6,0
0,0,4,0,7,0,4,2,0
0,0,0,0,9,0,0,6,0
0,0,0,0,2,0,0,2,0
2,0,2,0,4,0,0,2,0
2,0,0,0,4,0,4,6,0
4,0,0,0,4,0,0,4,4
6,8,4,0,2,0,0,6,4
0,6,0,0,2,0,0,6,0
10,6,0,0,4,0,8,4,6
8,6,4,0,2,0,2,4,4
8,2,0,0,6,0,0,3,6
2,0,0,0,6,0,0,6,0
8,0,0,0,2,0,0,6,2
2,0,0,0,4,0,0,4,0
2,0,2,0,4,0,4,2,0
2,0,0,0,3,0,0,2,0
6,0,6,0,0,0,0,8,2
8,4,8,0,4,2,2,3,4
0,0,0,0,2,2,0,10,0
0,2,0,0,2,0,4,8,2
0,0,0,0,2,0,0,8,2
0,2,0,0,2,0,2,6,0
2,0,0,0,4,0,2,4,4
2,0,0,0,6,0,2,4,4
2,4,0,0,2,0,0,4,0
4,2,0,2,4,0,0,4,0
6,4,2,0,4,0,0,4,0
2,0,0,0,4,0,0,4,0
2,2,0,0,2,0,0,6,2
2,2,0,0,6,0,0,6,2
0,4,2,2,4,0,0,4,0
4,0,0,0,2,0,0,4,2
8,8,0,0,6,0,0,2,4
6,0,0,0,2,0,2,4,4
0,0,0,0,4,0,0,4,0
0,0,0,0,2,0,0,6,0
0,0,0,0,2,0,4,6,0
0,0,0,0,0,0,2,6,0
2,0,0,0,6,0,0,4,0
2,0,0,0,6,0,0,8,2
0,0,0,0,2,0,0,4,0
4,2,0,0,6,0,0,2,2
12,10,0,4,4,0,6,12,4
2,2,6,2,6,0,2,14,0
2,0,0,0,8,0,4,8,2
4,4,4,0,16,2,4,8,0
0,0,0,0,0,0,6,12,2
0,2,0,0,8,0,8,6,0
0,0,0,0,2,0,6,14,2
0,2,0,0,12,0,12,6,0
2,0,0,2,6,0,2,4,4
2,2,2,0,6,0,0,0,0
8,0,2,2,4,0,0,2,4
2,0,0,0,0,0,0,3,0
2,2,4,0,2,0,0,4,4
4,2,6,2,2,0,0,4,2
2,0,0,0,4,0,0,14,0
0,4,0,0,2,2,0,10,0
6,2,2,0,2,2,2,10,6
6,4,6,2,2,0,2,6,6
4,0,0,2,4,0,4,4,0
4,2,0,2,4,0,0,2,0
8,4,0,0,2,0,0,12,2
2,2,0,0,2,0,0,7,0
6,2,0,0,2,0,4,6,2
8,2,4,0,4,2,10,6,8
2,0,0,2,2,0,2,8,0
2,4,4,0,0,0,8,6,2
0,0,0,0,2,0,0,6,0
2,0,0,0,2,0,0,6,0
2,0,0,0,2,0,6,10,0
0,0,0,0,6,0,4,4,0
0,0,0,0,2,0,0,4,0
2,0,0,0,2,0,4,2,0
2,0,0,0,0,0,2,4,2
2,0,0,0,0,0,0,4,0
4,0,0,0,4,0,4,4,0
4,0,0,0,4,0,4,2,0
2,0,0,0,6,0,4,8,4
4,0,0,0,6,0,0,4,2
2,0,0,0,0,0,7,2,0
0,0,0,0,0,0,5,0,0
2,0,0,0,2,0,4,4,0
0,0,0,0,2,0,0,6,2
4,0,0,2,2,0,2,4,2
8,8,2,0,2,0,4,4,4
4,2,0,0,8,0,0,2,2
10,2,2,0,4,0,0,4,4
4,8,0,0,2,0,6,14,4
4,0,0,0,4,0,2,6,4
14,4,0,0,4,0,0,8,6
10,2,2,0,2,0,0,10,2
6,4,8,0,4,0,0,6,2
2,0,2,0,4,0,0,4,2
4,0,0,0,0,0,0,2,0
2,0,0,0,2,0,0,4,0
4,0,0,0,2,0,2,6,2
6,2,0,0,0,0,4,2,0
0,6,0,0,2,0,4,2,0
2,2,2,0,4,0,2,2,0
6,0,0,0,0,0,0,6,0
0,0,0,0,4,0,2,6,0
12,2,0,0,4,0,2,4,2
6,4,2,0,8,0,0,4,2
0,0,0,0,2,0,2,2,0
0,0,0,0,8,0,6,6,0
4,0,0,0,4,0,0,10,0
0,0,0,0,8,0,0,6,0
0,0,0,0,2,0,4,12,0
0,0,0,0,6,0,2,6,0
2,4,0,0,2,0,0,6,2
8,0,2,2,0,0,0,10,4
0,0,0,0,0,0,0,4,0
0,0,0,0,0,0,0,6,0
10,8,2,0,2,0,0,6,8
16,4,6,4,4,0,0,10,6
4,0,0,0,6,0,0,8,0
4,0,0,0,6,0,0,8,0
4,0,2,4,2,0,0,6,4
2,4,4,2,0,0,0,6,0
2,0,0,0,2,0,0,4,2
2,0,2,0,2,0,0,0,4
4,2,0,0,0,0,0,6,0
2,0,0,0,0,0,0,2,0
6,2,0,0,7,0,0,6,2
6,4,0,0,5,0,0,6,4
0,0,0,0,10,0,0,4,0
0,0,0,0,4,0,0,4,0
0,0,0,0,6,0,0,6,0
0,0,0,0,2,0,0,4,0
4,0,0,0,4,0,4,4,2
6,0,0,0,6,0,6,4,2
0,2,0,2,0,0,0,2,0
0,0,0,0,0,0,0,5,0
2,0,0,0,3,0,0,4,2
6,0,0,0,3,0,2,6,0
4,0,0,0,6,0,0,4,4
2,0,0,0,2,2,0,6,0
2,0,0,0,4,0,0,4,0
0,0,0,0,2,0,0,6,0
10,2,2,0,4,0,0,8,0
0,0,0,0,2,0,0,8,0
2,0,0,0,0,0,0,2,0
0,0,2,0,0,0,0,6,0
0,0,0,0,6,0,0,2,0
0,0,0,0,6,0,0,4,0
0,4,0,0,0,6,0,4,0
6,4,0,0,0,2,0,4,0
6,0,0,0,2,0,0,5,0
2,0,0,0,2,0,0,4,0
0,0,0,0,5,0,2,6,0
0,0,0,0,5,0,2,4,0
0,0,0,0,2,0,0,2,2
0,0,0,0,2,0,0,4,0
0,0,0,0,2,0,2,4,0
2,0,0,0,0,0,0,0,0
0,0,0,0,4,0,0,8,0
0,0,0,0,4,0,0,6,0
2,2,0,0,4,0,0,5,0
0,0,0,0,0,0,0,4,0
4,8,0,0,2,0,0,4,0
2,2,0,0,4,0,0,4,0
2,0,0,0,3,0,0,4,0
2,0,0,0,4,0,6,2,0
4,2,4,0,2,2,0,4,4
4,4,2,2,2,2,2,6,2
6,0,0,2,4,0,2,4,2
4,0,0,0,0,0,2,2,0
2,2,0,0,8,0,2,4,2
4,0,0,0,6,2,9,2,2
6,0,2,0,16,0,0,9,2
6,4,6,0,12,0,0,8,0
4,4,2,0,2,0,2,2,2
0,2,0,0,2,0,2,2,0
0,4,2,0,2,0,0,9,0
0,4,4,2,2,0,2,4,0
4,0,2,0,4,0,0,6,2
2,0,0,0,2,0,2,4,0
4,0,0,0,6,1,0,4,0
0,0,0,0,8,0,0,4,0
6,2,0,0,2,0,0,6,0
2,0,0,0,4,0,0,8,0
4,0,0,0,4,0,2,6,6
2,0,0,0,6,0,0,4,0
4,0,0,2,0,0,0,8,2
2,0,0,0,0,0,0,8,4
2,0,0,0,2,0,0,4,2
4,0,0,0,5,0,0,10,4
2,0,0,0,2,0,0,2,0
0,0,0,0,2,0,0,6,2
0,2,0,0,4,0,0,10,2
0,0,0,0,0,0,4,6,0
6,2,0,0,2,0,2,2,4
4,0,0,0,2,0,0,4,0
4,0,0,0,4,0,0,8,0
6,2,2,0,10,0,6,10,4
0,0,0,0,0,0,2,8,0
2,0,0,0,4,0,0,8,2
2,6,0,0,4,0,0,2,6
6,0,0,0,2,0,0,4,2
2,2,0,0,8,0,0,0,2
0,0,0,0,4,0,0,0,0
14,6,6,4,8,0,0,2,2
14,2,0,0,5,0,0,2,4
0,4,0,0,5,0,12,8,0
0,0,0,0,7,8,2,2,4
2,0,0,0,4,0,2,10,0
2,0,0,0,2,0,0,6,0
4,4,6,2,10,0,4,6,4
2,2,2,0,0,0,0,4,2
2,0,0,0,0,0,2,2,0
0,0,0,0,2,0,0,2,0
0,0,0,0,4,0,2,4,0
0,2,0,0,2,0,2,4,2
0,0,0,0,6,0,0,4,0
0,0,0,0,0,0,0,4,0
6,0,0,0,8,2,4,6,0
4,2,0,0,4,2,0,6,0
6,4,2,0,0,0,4,2,0
4,6,0,0,2,0,2,4,0
0,0,0,0,0,0,4,4,0
0,0,0,0,0,0,4,4,0
0,0,0,0,0,0,4,4,0
0,0,0,0,0,0,4,4,0
2,2,0,0,4,0,0,4,0
6,0,0,0,0,0,0,10,0
2,0,0,0,2,0,0,6,0
2,0,0,0,2,0,0,8,0
10,0,0,0,11,0,0,16,2
6,2,2,0,9,0,2,12,2
20,6,0,0,8,0,0,0,2
20,0,0,0,4,0,0,4,2
0,0,0,0,0,0,2,6,0
0,2,0,0,4,0,0,4,0
2,4,0,2,2,0,0,4,2
0,0,0,0,2,0,0,2,0
4,2,8,0,2,0,0,8,0
0,0,0,0,0,0,0,8,0
0,2,2,0,2,0,0,4,0
0,4,2,0,2,0,0,6,0
6,2,0,0,8,2,4,2,0
4,0,0,0,2,0,2,2,0
0,0,0,0,2,0,0,6,0
0,0,0,0,2,0,2,4,0
0,0,0,0,4,0,2,2,0
0,2,0,0,2,0,0,4,0
2,0,0,0,5,0,0,4,0
0,0,0,0,2,0,0,4,2
0,0,0,0,0,0,0,6,0
2,2,2,2,4,0,4,4,2
8,0,0,0,4,4,0,3,0
8,0,0,0,6,2,0,4,2
0,0,0,2,8,2,2,8,0
2,0,0,2,8,0,0,6,0
2,0,0,0,4,0,2,2,2
4,2,0,0,8,0,2,2,2
2,4,0,0,0,0,0,2,0
2,4,2,2,0,0,0,6,0
0,0,0,0,0,0,0,6,0
0,0,0,0,2,0,0,4,0
0,0,0,0,5,0,0,2,0
0,0,0,0,2,0,0,6,0
2,2,0,0,2,0,0,6,0
4,0,2,0,2,0,0,4,0
14,2,4,0,2,0,2,2,6
2,4,0,0,6,2,0,4,2
0,0,0,0,6,0,0,4,0
0,0,0,0,10,0,0,4,0
8,4,0,0,6,0,0,4,2
4,0,0,0,4,0,0,4,0
0,0,0,0,4,0,0,6,0
0,0,0,0,2,0,0,5,0
0,0,0,0,2,0,0,6,0
2,0,0,0,6,0,0,4,0
0,0,0,0,0,0,0,2,0
0,0,0,0,2,0,0,2,0
6,2,0,0,2,0,2,6,2
0,0,0,0,2,0,0,4,0
0,0,0,0,4,0,2,6,0
0,0,0,0,2,0,2,2,0
0,0,0,0,4,0,0,3,0
0,4,0,0,4,0,0,4,0
0,2,0,0,2,0,0,4,0
0,2,0,0,2,0,0,4,0
2,0,2,2,4,0,0,4,2
2,2,2,0,4,0,0,6,2
0,2,0,0,2,0,2,4,0
0,2,0,0,2,0,0,4,0
4,6,0,0,2,0,0,4,0
6,6,2,2,2,0,0,6,0
0,0,0,0,2,0,0,6,0
0,0,0,0,0,0,0,0,0
0,2,8,0,2,0,0,6,4
6,0,4,0,4,0,0,6,4
0,0,0,0,2,0,0,6,0
0,0,0,0,0,0,0,4,0
0,0,0,0,2,0,0,6,0
2,2,0,0,0,0,0,6,2
2,2,0,0,4,0,0,2,0
2,0,0,0,4,0,0,2,0
0,0,0,0,4,0,2,4,0
0,0,0,0,2,0,4,2,0
6,0,0,2,0,0,2,8,6
8,8,0,2,2,0,6,10,2
0,0,0,0,2,0,0,8,0
0,2,0,0,0,0,0,4,0
0,0,0,0,2,2,0,6,0
0,2,0,0,8,0,0,6,2
14,2,0,0,4,0,0,8,6
12,2,0,0,4,0,0,4,6
4,2,0,0,6,0,0,2,0
4,0,0,2,4,0,0,8,0
4,2,0,0,5,0,2,6,0
4,0,0,0,6,0,2,6,0
2,0,0,0,6,0,0,8,0
0,0,0,0,1,0,2,4,0
0,0,0,0,4,0,4,8,0
0,0,0,0,4,0,2,2,0
2,2,0,0,2,0,0,6,0
2,0,0,0,2,0,0,8,0
0,0,0,0,6,0,0,6,0
0,0,0,0,4,0,0,8,2
2,0,0,0,2,0,0,4,0
0,0,0,0,4,0,0,4,0
0,0,0,0,2,0,0,2,0
0,0,0,0,2,2,0,2,0
2,0,0,0,2,0,0,2,2
4,0,0,0,0,0,0,2,0
0,0,0,0,0,0,0,2,0
0,0,0,0,0,0,0,6,0
0,0,0,0,0,2,0,4,0
0,0,0,0,4,0,0,4,0
4,0,0,0,2,0,0,6,0
6,0,0,0,2,0,0,4,0
0,0,0,0,2,0,0,8,2
2,2,0,0,6,0,0,4,2
0,0,0,0,2,0,0,6,0
0,0,0,0,8,0,0,2,0
2,0,0,0,0,0,0,4,2
8,4,0,0,2,0,0,6,6
6,0,0,0,6,0,0,2,0
0,0,0,0,6,0,0,6,0
2,0,2,0,0,0,0,2,2
2,0,2,0,2,0,0,8,2
8,4,0,0,6,0,0,4,6
6,0,0,0,2,0,0,6,6
2,0,0,0,6,0,0,6,0
0,0,0,0,2,0,0,2,0
2,2,2,2,4,0,0,4,4
4,2,0,0,2,0,0,0,2
0,0,0,0,2,0,2,0,0
0,0,0,0,0,0,0,0,0
8,0,0,0,10,0,0,6,2
2,0,0,0,4,0,0,6,0
0,0,0,0,2,0,0,4,0
0,0,0,0,2,0,0,6,0
2,0,0,0,7,0,0,2,0
4,0,0,0,8,0,6,5,0
0,6,0,0,13,0,0,6,2
0,0,0,0,4,0,0,6,2
0,0,0,2,2,0,0,2,2
0,0,0,0,2,0,0,4,0
2,2,0,0,4,0,0,4,2
0,0,0,0,3,0,0,8,2
2,0,0,2,8,0,0,4,0
4,0,0,0,7,0,0,8,2
2,0,0,0,4,0,2,4,0
4,0,0,0,4,0,2,4,2
2,2,0,0,2,0,0,6,2
0,0,2,0,2,0,0,6,0
10,4,0,0,1,0,2,6,2
8,2,0,0,9,0,0,6,2
4,0,4,0,4,0,0,6,2
4,4,6,2,8,0,0,4,0
0,0,0,0,2,0,0,6,0
0,2,0,0,0,0,4,2,0
6,6,4,0,2,0,0,4,2
6,6,4,0,2,0,6,8,0
0,0,0,0,2,0,2,4,0
2,0,0,0,4,0,2,6,0
4,0,0,0,3,0,2,4,2
0,0,0,0,5,0,4,6,0
2,2,0,0,6,0,0,4,2
0,0,0,0,7,0,0,8,0
10,0,0,0,8,0,0,4,4
10,0,0,0,10,0,0,4,4
2,2,0,0,4,2,0,2,0
0,0,0,0,4,0,0,4,0
0,0,0,0,4,0,6,4,0
0,0,0,0,2,0,6,2,0
0,0,0,0,0,0,8,6,0
0,0,0,0,2,0,6,2,0
0,0,0,0,7,0,0,4,0
0,0,0,0,1,0,0,2,0
4,0,0,0,7,0,0,2,2
4,0,0,0,5,0,0,0,2
0,0,4,0,3,0,0,12,0
4,0,2,0,4,0,0,6,0
0,0,0,0,2,0,0,2,0
0,0,0,0,2,0,2,2,0
2,0,0,0,2,0,0,6,2
4,0,0,0,4,0,0,10,2
0,0,0,0,6,0,2,8,0
2,2,0,0,4,0,0,4,2
0,0,0,0,4,0,0,2,2
2,4,0,0,4,0,0,4,0
0,0,0,0,6,0,2,4,0
4,0,0,0,2,0,0,8,0
0,0,0,0,5,0,4,6,0
2,0,0,0,5,0,2,6,0
4,0,2,0,4,0,0,6,2
8,4,0,0,6,0,2,6,4
0,0,0,0,6,0,0,6,0
0,0,0,0,2,0,2,7,0
6,4,2,2,10,0,0,10,4
10,0,0,0,0,0,0,6,2
0,2,0,0,8,0,0,4,4
0,0,0,0,4,0,0,6,0
0,0,0,0,4,0,6,4,0
0,0,0,0,4,0,2,6,0
2,0,2,0,2,0,0,4,4
4,0,0,0,2,0,0,2,2
2,0,0,0,12,0,12,2,0
0,0,0,0,1,0,2,2,0
0,0,0,0,5,0,0,6,0
0,0,0,0,5,0,0,4,0
0,0,0,0,3,0,2,4,0
0,0,0,0,0,0,0,6,0
0,2,0,0,2,0,0,4,0
0,2,0,0,2,0,0,4,0
0,0,0,0,2,0,0,2,0
0,0,0,0,2,0,4,4,0
8,0,0,0,4,0,2,4,4
18,0,0,0,0,0,0,4,14
0,0,0,0,4,0,2,6,2
2,0,0,0,2,0,0,6,2
4,4,6,0,6,0,0,4,2
2,4,4,0,2,0,0,4,2
14,4,2,0,8,0,0,10,6
12,0,0,2,2,0,0,14,6
0,0,0,0,14,0,0,10,2
2,0,0,0,16,0,0,12,6
4,2,4,0,6,0,0,0,2
0,2,0,0,7,0,0,0,2
0,0,0,0,2,0,0,2,0
2,0,0,0,2,0,0,2,0
0,0,0,0,0,0,5,2,0
0,2,0,0,2,0,1,2,0
0,0,0,0,4,0,0,5,0
2,0,0,0,2,0,0,4,0
2,0,0,0,4,0,0,1,0
8,2,2,0,2,0,2,5,2
8,4,4,0,2,0,2,8,2
14,4,2,0,8,0,0,6,4
4,0,0,0,4,0,0,6,2
0,0,0,0,6,2,0,4,0
6,0,0,0,6,2,2,5,2
6,0,0,0,7,0,0,4,4
2,0,0,0,12,0,0,8,0
0,0,0,0,4,0,0,10,0
4,6,6,0,8,0,8,14,8
2,6,4,2,2,0,6,12,4
2,0,2,0,10,0,2,6,0
4,0,0,0,2,2,4,4,2
8,0,0,0,14,0,0,5,2
4,0,0,0,4,0,0,4,0
4,4,0,0,2,0,2,4,6
10,0,0,0,2,2,0,4,2
0,0,0,0,4,0,4,6,0
0,0,0,0,2,0,2,4,2
2,2,0,0,0,0,2,4,2
0,4,0,0,2,0,0,2,0
0,0,0,0,2,0,2,10,0
6,2,0,0,7,0,0,4,0
0,0,0,0,4,0,0,4,0
0,0,0,0,4,0,2,8,0
14,2,2,2,8,0,0,6,2
14,4,2,0,6,0,0,7,2
4,0,0,0,7,0,0,6,0
2,0,0,0,5,0,0,6,0
0,2,2,0,2,0,4,5,4
0,0,0,0,6,0,2,4,2
2,0,0,0,2,0,4,2,0
4,2,6,0,2,0,2,6,0
2,0,0,0,2,0,2,2,0
2,0,0,0,2,0,0,2,0
2,4,2,2,10,0,4,6,2
0,2,0,4,8,0,0,4,0
4,0,0,0,6,0,0,6,0
6,0,0,0,4,2,0,2,0
4,0,0,0,2,0,2,10,2
10,0,0,2,2,0,6,7,4
2,6,2,0,2,2,2,6,0
8,4,6,2,4,0,4,6,2
8,2,0,0,12,0,0,10,0
10,0,0,0,14,0,0,10,2
4,0,0,0,2,0,0,8,0
8,2,0,2,2,0,0,4,0
4,0,0,0,6,0,2,12,2
0,0,0,0,2,0,0,6,2
2,0,0,0,2,0,0,6,0
0,0,0,0,0,0,0,4,0
2,0,0,0,3,0,0,2,0
2,0,0,0,4,0,2,2,0
4,2,2,2,2,0,0,4,2
2,0,0,2,2,0,0,6,2
10,4,0,2,0,0,2,10,4
12,2,6,2,2,0,0,8,4
0,0,0,0,4,3,2,2,4
0,2,0,0,9,0,2,8,4
2,0,0,0,4,0,2,2,0
0,0,2,0,2,0,2,2,0
2,0,0,0,8,2,4,4,2
2,2,0,0,4,0,2,6,2
4,0,0,0,2,0,2,6,0
2,2,0,0,8,0,4,6,4
4,0,0,0,2,0,0,8,0
0,4,0,0,4,0,0,2,0
2,2,0,0,10,0,2,6,0
4,0,0,0,12,0,0,6,0
4,2,4,0,6,0,0,4,4
2,0,0,0,8,0,0,4,2
2,0,0,0,4,0,6,2,0
0,0,0,0,8,0,4,2,0
0,0,0,0,8,0,2,8,0
2,0,0,0,8,0,4,4,0
8,0,0,0,7,0,2,6,4
0,0,0,0,4,0,2,3,0
2,0,0,0,5,0,0,4,0
2,2,0,0,4,0,0,3,0
2,0,0,2,2,0,0,6,4
0,2,0,0,2,0,0,3,2
2,0,0,0,10,0,0,6,2
2,0,0,0,4,0,0,7,0
0,0,0,0,0,0,0,6,0
0,0,0,0,4,0,0,4,0
8,0,2,2,6,0,0,8,4
6,0,0,0,6,0,0,4,2
0,0,0,0,4,0,4,4,0
0,0,0,0,0,0,2,6,0
6,0,0,0,6,0,0,4,4
4,0,2,2,4,0,0,4,4
0,0,0,0,8,0,0,5,0
2,2,0,0,6,0,2,6,2
0,2,0,0,2,0,0,4,0
0,0,0,0,6,0,0,8,0
16,4,0,0,6,0,10,4,4
4,4,4,0,2,0,8,4,2
2,0,0,0,2,0,0,6,2
12,2,4,2,0,0,2,8,6
12,2,6,4,2,0,0,4,4
2,2,0,0,0,0,0,4,0
2,0,0,0,2,0,0,8,0
0,0,0,0,0,0,0,4,0
2,0,0,0,0,0,8,4,0
0,0,0,0,0,0,9,2,0
4,0,0,0,4,0,0,4,0
2,0,0,0,6,0,4,4,0
0,0,0,0,2,0,2,6,4
2,0,0,0,4,0,4,8,4
2,2,0,0,4,0,0,8,0
6,4,2,0,0,0,0,2,0
0,0,0,0,5,0,0,0,0
0,0,0,0,2,0,0,0,0
0,0,0,0,0,0,2,4,0
0,0,0,0,2,0,0,4,0
0,2,0,0,0,0,2,4,0
0,0,0,0,0,0,0,4,0
0,0,0,0,0,0,2,4,0
0,0,0,0,0,0,0,2,0
10,0,0,0,1,0,2,4,0
10,2,0,2,4,0,2,4,0
8,0,0,0,2,0,4,6,0
2,0,0,0,4,2,5,4,2
2,0,2,0,2,4,6,0,2
0,2,2,0,4,4,2,0,4
0,0,0,0,0,0,0,7,0
8,2,0,0,4,0,2,8,2
8,2,4,0,12,0,4,4,4
10,2,0,0,6,0,4,12,4
6,2,0,0,2,0,0,6,2
2,4,0,0,2,0,0,4,2
2,0,0,0,2,0,2,2,0
2,0,0,0,4,0,0,2,0
2,2,0,0,5,0,4,4,4
0,0,4,4,0,0,6,6,2
6,0,0,0,0,0,0,2,2
4,0,0,0,6,0,0,2,0
4,0,0,0,0,0,4,0,0
0,0,0,0,2,0,2,3,0
0,0,0,0,10,0,3,2,0
4,0,0,0,11,2,4,6,0
2,0,2,2,6,0,0,4,2
2,0,0,0,2,0,0,6,0
10,0,0,0,4,0,2,8,0
8,2,0,0,4,2,2,6,2
0,0,0,0,4,2,2,4,4
2,2,0,0,2,2,0,6,2
0,0,6,0,10,0,2,8,2
2,2,0,0,2,0,2,4,0
2,0,0,0,4,0,0,6,0
2,0,0,0,2,0,0,6,0
4,2,0,0,6,0,0,4,0
6,2,2,0,6,0,0,10,0
4,4,0,0,2,0,0,4,2
4,0,0,0,2,0,6,6,2
0,0,0,0,2,0,0,4,0
6,2,2,0,6,0,2,4,4
0,0,0,0,2,0,2,4,0
0,0,0,0,0,0,0,6,0
2,2,0,0,2,0,0,6,0
2,0,0,0,2,0,0,4,0
2,0,0,0,9,0,2,4,0
2,0,0,0,4,0,4,4,0
2,2,2,0,8,0,0,2,0
6,2,0,0,2,0,0,2,0
2,0,0,0,2,0,0,4,2
0,2,2,2,4,0,0,2,0
0,0,0,0,0,0,0,2,0
0,0,0,0,0,0,0,2,0
0,0,0,0,4,0,0,0,0
0,0,0,0,4,0,0,0,0
6,2,0,2,6,0,0,0,6
6,2,0,0,4,0,0,2,6
0,0,0,0,4,0,4,0,0
0,0,0,0,2,0,2,0,0
2,0,0,0,6,0,0,4,0
6,0,0,0,2,0,0,0,4
0,0,0,0,2,0,0,6,0
0,0,0,0,2,0,0,4,2
0,0,0,0,6,0,4,4,0
0,0,0,0,2,0,4,0,0
4,4,0,2,4,0,0,2,2
8,4,4,0,2,0,0,4,0
4,0,0,0,4,0,0,2,0
2,0,0,0,0,0,0,2,0
2,0,0,0,2,0,1,4,0
0,0,0,0,4,0,0,2,0
0,0,0,0,5,0,0,2,0
0,0,0,0,2,0,0,0,0
0,0,0,0,0,0,2,2,0
0,0,0,0,0,0,2,2,0
4,0,0,0,2,0,0,4,0
0,2,0,0,2,0,0,0,0
0,0,0,0,0,0,4,6,0
0,0,0,0,0,0,2,2,0
6,0,0,0,4,0,0,8,0
6,2,0,0,6,0,0,6,2
0,0,0,0,4,0,0,2,0
0,0,0,0,2,0,0,2,0
4,2,0,0,0,0,0,2,0
4,0,0,0,6,0,0,2,0
0,0,0,0,6,0,0,2,0
0,0,0,0,4,0,0,2,0
0,0,0,0,6,0,0,4,0
0,0,0,0,2,0,0,2,0
2,4,0,0,4,0,0,0,0
4,2,0,0,4,0,0,0,0
8,0,0,0,0,0,0,3,8
4,2,0,0,2,0,0,7,4
2,4,0,0,2,0,0,5,2
0,2,0,0,0,0,0,6,2
0,0,0,0,0,0,2,6,0
0,0,0,0,0,0,6,6,0
4,0,0,0,0,0,0,2,0
6,0,0,0,2,0,0,0,0
4,4,0,0,2,0,0,2,4
4,2,0,0,3,4,0,2,0
4,2,2,0,6,0,0,6,0
2,2,0,2,4,0,0,2,2
0,0,0,0,4,0,0,0,2
0,0,0,0,2,0,0,0,0
6,2,0,0,0,0,2,0,6
2,0,0,0,0,0,2,0,4
0,0,0,0,0,0,2,2,0
0,2,0,0,0,0,2,0,2
4,2,0,0,2,0,0,4,2
2,4,0,0,0,0,0,4,0
0,2,0,0,0,0,0,4,0
0,2,0,0,0,0,0,2,0
8,0,0,0,6,0,2,2,2
6,0,2,0,5,0,0,4,6
0,0,0,0,4,0,2,4,0
2,0,0,0,4,0,2,4,0
0,0,0,0,8,0,0,6,0
0,0,0,0,2,0,0,4,0
0,0,0,0,2,0,0,6,0
0,0,0,0,2,0,10,10,0
0,0,0,0,0,0,2,2,0
0,0,0,0,4,0,0,2,0
4,2,0,0,6,0,0,4,2
4,2,0,0,6,0,0,2,4
4,0,0,0,0,0,0,2,2
4,2,0,0,4,0,0,0,0
0,0,0,0,2,0,0,4,2
2,0,0,0,6,0,2,0,2
0,0,0,0,2,0,0,2,0
2,0,0,0,4,0,2,0,2
0,0,0,0,2,0,0,4,0
0,0,0,0,4,0,4,0,0
6,0,0,0,10,0,0,6,2
12,0,0,0,10,0,0,10,4
0,2,0,0,5,0,0,4,2
2,2,0,0,8,0,0,6,2
2,0,0,0,5,0,0,4,0
0,0,0,0,3,0,0,4,0
4,0,0,0,2,0,0,5,2
6,0,0,0,2,0,0,6,2
4,0,2,0,0,0,2,6,0
0,0,0,0,2,0,0,6,0
0,0,0,0,4,0,0,2,0
2,0,2,0,4,0,0,2,0
2,0,0,0,2,0,0,8,0
4,2,0,0,4,0,4,6,2
8,0,0,2,4,0,0,6,4
6,0,0,0,2,0,0,12,4
0,0,0,0,6,0,0,4,0
0,0,0,0,8,0,0,2,0
0,0,0,0,0,0,0,9,0
0,0,0,0,1,0,0,2,0
4,0,0,0,4,0,0,6,0
2,0,0,0,5,0,0,6,0
0,0,0,2,4,0,0,4,0
0,0,0,0,5,0,0,6,0
4,0,0,0,6,0,0,4,2
4,0,0,0,2,0,0,8,0
4,0,2,4,2,0,4,6,4
6,0,2,0,2,0,2,6,4
0,0,0,0,2,0,2,4,0
6,0,0,0,2,0,0,4,0
0,0,0,0,0,0,2,6,0
0,0,0,0,2,0,2,6,0
4,2,0,0,2,0,0,2,0
2,2,2,0,2,0,0,2,0
0,0,0,0,4,0,2,4,0
0,0,0,0,2,0,0,4,0
2,0,0,0,8,0,0,8,0
2,0,2,0,6,0,0,4,0
2,0,0,0,2,0,0,8,0
2,2,4,0,10,0,0,4,0
4,0,0,0,0,0,0,4,0
4,0,4,0,4,0,2,2,0
2,0,0,0,0,0,0,2,0
6,4,0,0,2,0,2,0,0
0,0,0,0,0,0,0,6,0
0,0,2,0,4,0,0,4,2
0,0,0,0,0,0,0,6,2
0,0,0,0,4,0,0,2,0
4,2,0,0,10,0,0,4,0
4,2,0,0,12,0,3,2,0
2,0,0,0,4,0,4,2,0
0,0,2,0,0,0,2,2,0
4,0,0,0,2,0,7,0,0
2,0,0,0,0,0,2,2,0
2,0,0,0,2,0,2,4,0
2,2,2,0,0,0,6,2,2
0,0,0,0,0,0,0,2,0
4,0,0,2,6,0,0,6,2
2,0,0,0,2,0,0,2,0
4,0,0,2,4,0,0,2,0
2,0,0,0,0,0,5,6,0
0,0,0,0,2,0,7,4,2
6,2,0,0,6,0,0,8,4
6,2,0,2,6,0,4,6,4
0,0,0,0,4,0,2,4,2
0,0,0,0,4,0,0,4,0
2,0,0,0,6,0,4,4,0
4,0,0,0,4,0,4,4,0
0,0,0,0,4,0,0,6,2
4,0,0,0,6,0,2,8,2
0,0,0,0,7,2,0,6,0
0,0,0,0,5,2,0,4,0
0,0,0,0,5,0,0,4,0
0,0,0,0,3,0,0,4,0
6,0,0,0,8,0,2,0,2
6,2,0,0,4,0,0,2,0
0,0,0,0,0,0,0,8,0
0,0,0,0,0,0,0,2,0
0,0,0,0,4,0,0,6,0
0,0,0,0,0,0,2,6,0
2,4,2,0,10,0,10,4,4
2,2,0,0,2,0,2,2,0
0,0,0,0,4,0,4,4,0
2,0,4,0,0,0,8,0,2
0,0,0,0,0,4,0,6,0
0,4,0,0,2,4,0,4,0
0,2,4,0,2,0,0,6,0
0,6,4,2,2,0,0,8,2
4,0,0,0,6,0,0,4,2
2,0,0,0,2,0,0,8,2
6,2,0,0,2,0,2,6,0
6,2,2,0,4,0,0,4,4
0,0,0,0,2,0,2,4,0
0,0,0,0,0,0,0,4,0
12,4,0,0,6,0,0,6,2
14,0,0,0,4,0,0,6,6
0,0,0,0,6,0,0,4,2
0,0,0,0,4,0,0,2,2
6,2,0,0,6,0,0,6,0
2,2,0,0,4,0,0,6,4
0,4,0,0,5,0,2,6,0
0,2,0,0,5,0,4,4,0
4,2,0,0,4,0,0,3,2
6,4,12,0,8,0,0,7,2
4,0,4,0,4,0,2,2,2
8,2,0,0,4,0,4,2,2
8,0,0,0,8,0,4,2,0
4,0,0,2,8,0,2,2,0
0,0,0,0,2,0,4,4,2
2,0,2,0,2,0,8,2,2
6,0,0,0,13,0,0,4,2
2,0,0,0,6,0,0,4,4
6,6,0,0,7,0,0,8,4
2,0,0,0,4,0,0,4,2
4,6,0,0,2,2,4,6,6
4,2,0,0,4,0,0,8,0
0,2,0,0,2,0,6,2,0
2,0,0,0,2,0,2,0,0
6,2,0,0,2,0,2,4,6
6,0,2,0,2,0,2,6,4
2,0,2,2,3,0,0,4,2
2,0,0,0,6,0,0,6,2
0,0,0,0,6,0,4,4,0
0,0,0,0,4,0,0,4,0
8,2,0,0,10,0,2,4,6
4,4,4,0,6,0,0,2,2
6,0,2,2,2,0,2,6,2
0,2,0,2,4,0,0,6,0
0,0,0,2,0,0,2,4,0
2,2,0,0,4,0,0,6,2
2,0,0,0,0,0,0,6,0
0,2,0,0,0,0,0,2,0
2,0,0,0,0,0,0,4,0
0,0,0,0,0,0,0,6,0
0,0,0,0,0,0,0,4,0
0,0,0,0,2,0,0,4,0
2,0,0,0,8,0,4,4,0
2,0,0,0,2,0,2,4,0
10,4,0,4,4,0,2,6,4
2,0,0,0,2,0,0,6,2
0,2,0,0,2,0,0,2,0
8,0,0,0,6,0,0,8,0
0,4,0,0,2,0,4,4,0
4,4,0,2,10,0,4,4,4
6,0,6,0,2,0,4,4,6
6,2,0,0,6,0,4,4,4
4,0,2,0,7,0,0,6,0
4,0,0,0,0,0,2,6,0
0,0,0,0,4,0,0,4,0
0,0,0,0,2,0,0,4,0
18,2,10,2,6,2,0,4,2
12,4,4,0,2,2,0,6,2
8,4,2,0,16,0,4,4,0
4,6,2,0,14,0,4,3,2
0,2,2,0,4,0,0,4,2
2,0,2,0,2,0,0,0,2
0,0,0,0,6,0,0,2,2
0,2,0,0,4,0,2,8,6
8,0,0,0,6,0,0,4,6
2,4,0,0,2,0,0,4,6
4,4,2,2,4,0,0,4,4
10,6,0,0,4,0,0,4,2
0,0,0,0,2,0,0,2,0
0,2,0,0,6,0,4,6,0
0,0,0,0,2,0,4,2,0
0,0,0,0,2,2,10,4,0
2,0,2,0,6,0,0,4,2
6,0,6,0,6,0,0,8,0
10,2,14,0,6,0,4,6,2
4,4,6,2,4,0,2,10,2
4,4,2,0,6,0,2,6,4
8,4,0,0,2,0,4,4,4
8,0,2,0,0,0,0,4,2
8,4,0,0,0,0,0,7,0
0,0,0,0,2,0,0,4,0
2,0,0,0,6,0,0,4,0
4,0,0,0,9,0,0,4,0
14,0,4,0,7,0,4,4,4
6,0,0,0,12,0,0,6,4
8,0,0,0,12,0,0,6,4
4,0,2,0,2,0,0,2,0
0,0,0,0,4,0,0,0,0
2,2,0,2,2,0,2,4,0
0,4,2,0,2,2,0,6,0
6,4,2,0,4,0,0,6,4
6,4,0,4,2,0,0,8,6
4,2,0,0,4,0,2,4,6
2,4,0,2,10,0,0,8,0
6,2,0,0,0,0,2,8,0
4,0,0,0,0,0,0,6,0
2,2,0,0,8,0,0,4,0
0,0,0,0,6,0,0,0,0
0,0,0,0,4,0,2,4,0
0,0,0,0,4,0,2,2,0
2,2,2,0,6,2,2,0,2
4,0,0,0,2,0,6,4,2
2,2,0,0,12,2,0,2,0
4,2,0,0,6,0,0,2,0
6,0,0,0,12,2,0,4,0
6,2,0,0,6,2,0,7,0
0,0,0,0,4,0,0,4,0
0,0,0,0,2,0,0,4,0
8,6,0,0,10,0,4,6,8
4,2,0,0,4,0,2,4,4
6,0,0,0,8,0,2,6,2
6,6,4,0,6,4,2,6,2
4,0,0,0,4,0,0,4,0
12,2,0,0,8,0,0,6,2
0,0,2,0,4,2,2,6,2
0,0,0,0,2,0,0,4,0
10,2,4,0,2,0,0,4,8
6,2,2,0,2,0,0,4,6
2,0,0,0,2,0,0,4,0
2,0,0,0,0,0,0,4,0
2,2,0,0,6,0,0,4,2
0,0,0,0,6,0,0,6,0
6,2,6,0,2,0,2,4,4
10,4,0,2,4,2,2,10,2
0,0,0,2,2,0,0,2,2
2,4,4,0,5,2,0,4,2
2,0,0,0,14,0,0,5,0
2,0,0,0,14,0,2,5,0
4,4,2,0,4,0,0,8,2
6,0,0,0,2,0,0,8,2
2,0,0,0,2,0,0,4,2
0,0,0,0,4,0,0,5,2
0,0,0,0,2,0,0,0,0
2,0,0,0,2,0,0,2,0
4,2,0,0,0,0,2,8,0
6,0,0,0,2,0,2,4,0
4,2,0,0,0,0,2,8,0
6,2,0,0,2,0,2,6,0
0,0,0,0,0,0,0,4,0
0,0,0,0,0,0,0,2,0
16,6,6,0,12,4,6,18,4
16,2,0,0,6,4,2,16,4
4,0,2,0,4,0,0,4,2
4,2,0,2,6,0,0,2,0
0,0,0,0,0,0,5,4,0
0,0,0,0,0,0,0,0,0
2,2,0,2,2,0,6,2,4
2,0,0,0,0,0,0,4,0
2,0,0,0,5,0,0,4,6
2,0,0,0,5,0,0,4,2
2,0,0,0,4,0,0,6,0
0,2,0,0,4,0,0,7,0
6,2,2,0,2,0,0,2,4
0,0,0,0,4,0,0,6,0
4,0,0,0,2,0,0,4,2
4,2,2,0,2,0,0,4,2
0,0,0,0,4,0,0,6,0
0,0,0,0,4,0,0,6,0
0,0,0,0,4,0,2,7,0
0,0,0,0,2,2,0,8,0
2,0,0,0,4,2,0,6,2
4,2,0,4,2,0,0,6,4
8,4,0,0,4,0,2,6,4
6,2,0,0,6,0,0,12,4
0,0,0,0,6,0,0,4,0
0,0,0,0,0,0,0,2,0
4,0,0,0,2,0,0,6,0
0,0,0,0,0,0,0,2,0
2,0,0,0,0,0,0,8,0
0,0,0,0,0,0,0,4,0
0,0,0,0,6,0,0,5,0
0,0,0,0,0,0,0,2,0
8,4,0,0,4,0,0,6,2
8,2,2,0,6,0,0,4,2
2,0,0,0,6,0,0,4,2
0,0,0,0,2,0,0,2,0
10,4,12,0,14,0,0,10,6
12,0,0,0,4,0,0,10,4
2,0,2,0,5,0,0,6,0
6,6,4,0,9,0,4,8,0
2,0,0,0,2,4,0,8,4
0,2,0,0,4,0,0,4,4
4,0,0,0,7,0,0,6,4
2,0,0,0,4,0,0,8,0
6,2,0,0,4,0,8,4,4
0,0,0,0,0,0,0,3,0
0,0,0,0,4,0,2,8,0
0,0,0,0,2,0,0,3,0
4,2,2,2,6,0,0,6,4
0,4,0,2,2,0,0,6,0
2,0,0,0,4,0,0,6,0
0,0,0,0,2,0,0,4,0
2,0,0,0,4,0,2,4,0
0,0,0,0,2,0,2,6,0
0,6,2,4,4,0,4,6,0
2,2,0,0,4,0,2,4,0
0,0,0,0,4,0,0,6,2
0,0,0,0,2,0,2,2,0
0,0,0,0,6,0,0,2,0
2,0,0,0,6,0,0,2,2
2,0,0,0,6,0,0,4,2
0,0,0,0,2,0,0,4,0
2,0,0,0,4,0,0,4,2
4,2,0,0,2,0,0,4,2
0,0,0,0,6,0,2,8,0
0,0,0,0,2,0,0,2,0
4,0,0,0,8,0,2,8,0
4,0,0,0,6,0,0,4,0
4,2,4,4,4,0,0,8,2
6,6,6,0,14,0,2,4,2
0,0,0,0,8,0,0,2,2
4,2,0,0,5,0,0,6,4
4,0,2,0,4,0,2,2,0
2,0,0,0,0,0,0,6,4
0,0,0,0,6,0,12,18,0
0,0,0,0,2,0,4,2,0
0,0,0,0,2,0,0,6,2
4,0,0,0,0,0,4,2,2
2,0,0,0,0,0,0,4,2
2,0,0,0,2,0,6,4,0
0,0,0,0,10,0,2,2,0
0,0,0,0,6,0,2,2,0
2,0,0,0,0,0,0,8,0
0,0,0,0,0,0,0,4,0
2,0,0,0,0,0,0,4,0
0,0,0,0,0,0,2,2,0
2,0,0,0,0,0,0,4,0
2,0,0,0,2,0,6,5,0
2,2,2,0,2,0,0,6,0
2,0,0,2,2,0,0,4,0
2,0,0,0,4,0,0,6,4
2,2,0,0,2,2,0,4,2
4,0,0,0,2,0,2,4,0
0,0,0,0,3,0,0,4,0
4,0,0,0,2,0,2,2,0
4,0,0,0,6,0,4,4,0
0,0,0,0,8,0,0,6,0
0,2,0,0,8,0,0,4,0
6,2,0,0,13,0,0,2,0
6,4,0,0,12,0,0,4,2
4,0,0,0,2,0,0,6,4
6,0,0,0,2,0,0,8,8
0,0,0,0,4,0,6,5,0
0,0,0,0,0,0,2,0,0
14,8,0,2,4,0,0,6,4
10,10,0,0,4,0,0,4,2
2,0,0,0,0,0,0,6,0
0,0,0,0,0,0,2,4,0
0,0,0,0,0,0,0,8,0
0,0,0,0,4,0,0,4,0
4,0,0,0,6,0,2,8,2
4,0,0,0,8,0,0,4,2
2,0,2,2,10,0,0,10,4
4,2,0,0,8,0,0,10,2
2,4,2,0,6,0,0,4,0
2,6,0,0,2,0,0,5,0
2,2,2,4,6,0,2,2,0
2,0,0,0,0,0,0,4,0
0,0,0,0,0,0,0,2,0
4,2,0,0,6,0,0,4,2
2,0,0,2,6,0,0,10,0
2,0,0,0,4,0,0,3,2
2,0,0,0,2,0,0,4,0
2,0,0,2,4,0,2,2,0
4,0,6,0,2,0,0,6,0
8,2,2,0,2,0,0,4,2
0,0,0,0,2,0,0,6,0
0,0,0,0,0,0,0,6,0
2,6,0,0,2,0,0,4,0
0,0,2,2,2,0,2,6,0
0,2,0,0,0,0,0,4,0
0,0,0,0,0,0,0,2,0
0,0,0,0,7,0,2,4,0
2,0,0,0,4,0,5,4,0
2,0,0,0,4,0,0,10,0
2,0,2,0,0,0,2,6,2
0,2,0,0,4,0,2,4,0
0,0,0,0,0,2,0,2,0
2,0,0,0,2,0,2,6,8
10,6,6,0,2,0,0,6,8
6,0,0,0,4,0,0,4,4
4,0,0,0,4,0,0,12,0
4,0,0,0,12,0,4,4,0
2,0,0,0,6,0,2,8,0
0,0,0,0,10,0,0,2,4
2,0,0,0,12,0,0,3,4
0,2,0,0,4,2,0,4,2
4,0,0,0,2,0,0,2,2
2,6,0,2,6,0,0,2,6
6,8,4,2,2,0,0,2,6
0,0,0,0,0,0,2,2,0
4,0,0,0,0,0,2,4,0
0,0,0,0,2,0,0,2,2
2,2,2,0,6,0,0,2,0
10,6,6,2,2,0,0,6,4
4,4,0,0,2,0,4,6,4
0,2,0,0,6,0,0,6,0
0,2,0,2,4,2,0,6,0
0,0,0,0,4,2,0,6,2
0,0,0,0,4,0,0,6,0
14,2,0,0,8,0,0,4,0
10,0,0,0,6,0,0,4,0
6,0,0,0,16,0,0,4,0
6,0,0,0,5,0,0,4,0
4,0,0,0,10,0,0,4,0
0,0,0,0,6,0,0,2,0
2,0,0,0,10,0,0,6,0
6,0,2,0,4,0,0,4,0
0,0,0,0,0,0,8,4,0
0,0,0,0,0,0,2,2,0
0,0,0,0,4,0,4,4,0
0,0,0,0,2,0,6,4,0
8,0,0,0,4,0,2,9,6
12,0,0,0,2,0,0,10,6
0,0,0,0,0,0,4,4,0
0,0,0,0,4,0,0,6,0
2,0,0,0,2,0,1,0,2
2,0,0,0,4,0,2,2,0
0,0,0,0,9,0,0,0,4
4,2,0,0,10,0,0,4,2
0,0,0,0,2,0,9,0,0
0,0,0,0,3,0,0,2,0
2,0,0,0,0,2,4,6,0
2,0,0,0,2,0,0,2,0
2,0,0,0,0,2,0,6,0
0,0,0,0,4,2,2,2,0
2,2,0,0,0,0,0,0,0
0,2,0,0,2,0,0,4,0
4,0,0,0,2,2,15,6,0
0,0,0,0,0,0,0,6,0
2,2,0,0,2,0,1,6,6
0,0,0,0,0,0,0,2,0
4,2,0,0,2,0,0,8,0
0,2,0,0,0,0,0,2,0
4,6,0,0,4,0,2,4,2
2,0,2,0,2,0,0,4,2
4,2,0,0,2,0,0,4,0
2,0,0,0,0,0,2,2,0
4,0,0,0,4,6,0,8,0
2,0,0,0,2,8,0,4,0
2,0,0,0,2,0,0,4,0
0,0,0,0,4,0,0,2,0
2,0,0,0,0,2,0,8,0
6,0,0,0,2,0,0,4,2
0,2,0,0,4,0,2,10,2
2,0,0,0,2,0,0,6,2
0,0,0,0,6,0,0,6,0
0,2,0,0,6,2,0,4,0
2,0,0,0,4,0,2,6,4
2,0,2,0,2,0,2,6,0
6,2,0,0,4,0,0,4,2
6,0,0,0,2,0,0,4,0
4,6,0,2,6,0,0,6,4
6,4,2,0,6,0,2,10,8
0,0,0,0,0,0,0,2,0
0,0,0,0,1,0,0,0,0
2,0,0,0,4,0,0,8,0
2,0,0,2,8,0,0,6,0
2,0,0,0,2,0,0,0,0
0,0,0,0,2,0,0,4,0
0,0,0,0,4,0,0,10,0
0,2,0,0,4,0,0,8,0
2,0,0,0,2,0,0,4,0
4,0,0,0,4,0,0,4,0
2,0,0,0,5,2,0,6,2
0,0,6,0,9,2,0,2,0
4,0,0,0,13,0,0,0,0
0,0,0,0,12,0,0,0,0
0,0,0,0,11,0,0,2,0
0,0,0,0,13,0,0,2,0
8,0,4,0,2,0,0,2,6
2,2,2,0,6,0,0,4,2
0,0,0,0,2,0,0,0,0
2,0,0,0,8,0,0,2,2
0,4,0,0,0,0,0,0,0
0,0,0,0,2,0,0,2,0
2,0,0,0,4,0,0,8,0
0,0,0,0,9,0,0,6,0
0,0,0,0,4,2,0,6,0
0,0,0,0,0,3,0,4,0
2,0,2,0,1,2,2,4,2
10,4,0,0,14,0,0,6,0
4,2,0,0,5,2,0,8,2
0,0,0,0,6,0,2,6,0
0,0,0,0,5,0,2,2,0
4,0,0,0,6,0,6,10,0
2,0,0,0,6,0,5,6,2
2,0,0,0,2,0,0,2,0
4,0,0,0,4,0,0,4,0
6,2,0,0,7,0,0,2,2
2,2,0,0,9,0,0,4,0
0,0,0,0,5,0,0,8,0
2,2,0,0,0,0,0,10,0
4,2,0,0,7,0,0,10,2
0,0,0,0,4,0,0,6,0
2,0,0,0,6,0,6,6,2
4,2,0,0,6,0,2,4,0
2,0,0,0,6,0,5,6,0
0,0,0,0,6,0,2,4,0
0,0,0,0,3,0,0,2,0
0,0,0,0,2,0,0,4,0
0,0,0,0,3,0,0,4,0
0,0,0,0,0,0,0,6,0
2,0,0,0,0,0,0,4,0
2,2,0,0,0,0,2,4,0
0,0,0,0,0,0,0,6,0
2,6,2,0,0,0,0,2,0
6,0,0,0,2,0,0,5,4
4,0,2,0,0,0,2,6,2
0,0,0,0,0,0,0,2,0
2,0,0,0,0,0,0,0,0
2,0,0,0,0,0,1,4,0
8,0,2,0,0,0,6,4,4
2,4,0,0,0,0,4,4,0
0,0,0,0,0,0,0,6,0
4,4,0,0,8,0,0,5,0
0,2,2,0,4,0,0,4,2
4,2,0,0,2,0,0,3,0
0,2,0,0,0,0,0,4,0
4,2,0,0,4,0,2,12,2
4,0,0,0,4,0,0,6,0
0,2,0,0,8,2,0,4,0
6,0,0,0,4,0,0,3,0
6,2,0,2,8,0,4,4,0
6,0,2,0,2,0,4,4,0
6,8,0,2,6,0,0,8,4
6,0,4,0,2,0,0,8,0
2,0,0,0,2,0,5,4,4
8,0,0,0,2,0,2,4,2
0,2,0,0,6,0,0,6,4
2,2,2,0,4,0,0,6,4
4,0,0,0,2,0,4,2,0
2,0,0,0,14,0,2,6,4
2,0,0,0,4,0,2,4,0
4,0,0,0,8,0,4,4,0
0,0,0,0,4,0,0,4,0
0,0,0,0,4,0,0,5,0
0,2,0,0,4,0,2,4,6
2,0,0,0,2,0,0,2,2
2,0,2,0,2,0,6,6,2
4,0,0,0,0,0,0,4,0
6,4,4,0,4,0,0,4,2
0,2,2,0,2,0,0,2,2
0,0,0,0,8,0,10,4,2
0,0,0,0,4,0,7,4,0
2,2,2,0,4,0,4,2,0
8,2,2,0,0,0,0,0,0
4,2,2,0,6,0,2,5,2
4,0,0,0,6,0,0,5,4
0,0,0,0,10,0,0,3,0
0,0,0,0,12,0,4,5,0
2,0,2,0,4,0,0,4,0
0,0,0,0,2,0,0,4,0
6,0,4,2,2,0,4,4,0
4,2,0,0,2,0,2,4,0
4,2,2,0,4,0,2,6,2
4,2,6,0,6,0,2,10,2
6,0,0,0,8,0,2,4,2
4,0,0,0,4,0,4,6,2
6,4,0,0,2,0,0,6,2
2,0,0,0,0,0,0,6,0
2,4,0,2,3,0,0,8,0
0,0,0,0,0,0,0,2,0
0,0,0,0,2,0,6,4,0
0,0,0,0,0,0,11,2,0
6,12,8,2,4,2,0,2,0
8,4,4,2,2,0,2,4,2
0,0,0,0,2,0,0,4,0
0,0,0,0,4,0,0,2,0
2,0,0,0,4,2,6,2,0
4,0,2,0,8,0,2,6,2
4,0,0,0,4,2,2,6,2
2,0,0,0,4,0,0,7,2
2,8,0,0,12,0,0,8,0
4,6,0,0,10,0,0,4,0
0,0,0,0,2,0,0,2,0
2,0,0,0,2,0,0,4,0
0,0,0,0,2,0,0,0,0
0,0,0,0,2,0,0,4,0
0,0,0,0,6,0,0,0,0
0,0,0,0,2,0,0,2,0
6,0,0,0,4,0,0,6,0
6,0,0,0,10,0,4,6,2
2,0,0,0,4,0,0,8,0
6,0,0,0,10,0,4,6,2
4,0,2,0,0,0,0,2,0
4,0,0,0,0,0,0,4,0
0,0,0,0,2,0,0,2,0
2,0,2,0,0,0,0,2,0
4,0,0,0,14,0,0,4,2
2,0,0,0,8,0,0,6,4
2,0,0,0,2,0,2,4,0
4,0,2,0,0,0,4,4,0
0,0,0,0,0,0,0,6,2
0,0,2,0,0,0,4,4,0
2,0,2,0,12,0,0,12,0
0,2,0,0,10,0,2,8,2
0,0,0,0,8,2,7,12,2
0,0,0,0,8,0,2,10,2
2,0,0,0,7,0,4,4,2
0,0,0,0,5,0,2,2,0
8,8,0,0,2,0,2,4,2
10,10,4,0,2,0,2,8,0
0,0,0,0,2,0,3,4,0
0,0,0,0,2,0,4,4,0
2,4,2,0,4,0,6,6,2
2,2,0,0,4,0,4,6,0
4,0,0,0,2,0,0,8,0
2,0,0,2,2,0,0,8,0
2,0,0,0,0,0,0,4,0
2,0,0,0,4,0,0,4,0
6,2,0,0,6,0,4,2,2
2,0,0,0,4,0,2,6,0
4,4,0,0,2,0,8,10,2
4,2,0,0,2,0,4,6,6
2,0,0,0,3,0,0,6,4
2,0,0,0,4,0,0,4,4
2,2,8,2,0,0,2,8,2
0,2,4,0,4,0,4,4,4
4,2,0,0,4,0,4,2,2
4,2,0,0,6,0,8,2,4
4,0,0,0,4,0,4,2,2
6,2,0,0,4,0,2,2,0
0,0,0,0,0,0,4,12,0
0,0,0,0,0,0,0,6,0
0,0,0,0,6,0,0,6,0
4,0,0,0,4,0,1,6,0
2,2,4,0,2,0,0,2,2
0,0,2,0,2,0,0,2,2
2,0,0,0,0,2,0,2,0
0,0,0,0,6,0,0,4,0
6,0,0,0,10,0,0,8,2
6,0,0,0,6,0,0,8,2
2,0,0,0,2,0,2,4,0
2,2,2,0,2,0,2,4,0
2,2,0,0,4,2,0,4,2
4,0,0,0,4,0,0,5,0
2,0,0,0,2,0,2,4,0
2,0,0,0,3,0,0,6,0
8,4,0,0,6,0,0,4,4
6,0,0,0,4,0,2,6,4
8,0,0,0,0,0,4,2,0
4,0,2,0,2,0,10,6,0
4,0,2,0,2,0,2,0,6
6,2,0,0,2,0,2,5,2
0,2,0,0,2,0,1,6,0
4,2,0,0,0,0,0,4,0
0,0,0,0,0,0,0,2,0
0,0,0,0,0,0,0,2,0
2,0,0,0,0,0,0,2,2
0,0,0,0,7,0,0,2,0
0,0,0,0,6,0,4,2,0
0,0,0,0,4,0,4,2,2
4,0,0,0,2,0,6,2,0
4,2,0,0,4,0,4,5,0
4,0,0,0,4,0,2,4,0
4,0,0,0,6,0,4,8,0
4,0,0,0,0,0,6,6,0
2,0,0,0,0,0,6,9,0
2,4,6,0,4,0,4,2,6
2,4,4,4,4,0,2,2,2
0,0,0,0,4,0,0,0,0
0,0,0,0,0,0,0,2,0
4,0,0,0,6,0,2,2,0
2,0,0,0,6,0,2,0,0
4,4,2,0,6,0,0,8,4
2,2,0,2,8,0,0,4,6
0,0,0,0,8,0,2,8,0
0,0,0,0,4,0,0,4,0
2,0,0,0,6,0,0,4,2
4,2,0,0,4,0,0,4,0
0,0,0,0,8,0,4,8,0
0,0,0,0,6,0,2,6,0
4,0,4,0,4,0,0,4,6
6,4,4,2,0,0,0,8,4
0,0,0,0,0,0,0,2,0
0,0,0,0,0,0,0,0,0
4,0,0,0,4,0,2,2,0
2,0,0,0,4,0,2,4,0
2,0,0,2,0,0,0,2,0
6,2,2,2,2,0,0,6,2
6,2,0,0,0,0,0,2,2
2,2,0,0,2,0,0,4,2
2,2,0,0,6,0,2,5,0
8,0,0,0,4,0,4,6,0
6,4,4,2,8,0,0,6,6
4,8,0,2,6,0,0,12,4
4,2,0,0,5,0,0,2,2
0,0,0,2,4,0,0,4,2
0,0,0,0,2,0,1,6,0
0,0,0,0,2,0,4,8,0
0,0,0,0,2,0,4,6,0
0,0,0,0,4,0,2,8,0
4,0,2,0,4,2,2,5,2
0,0,0,0,4,0,0,4,0
0,0,0,2,8,0,0,8,0
2,0,2,0,6,0,0,6,2
10,2,2,2,6,0,2,4,4
4,2,2,0,4,0,0,6,4
0,0,0,0,2,0,0,4,0
0,0,0,0,6,0,2,5,0
2,0,0,0,6,0,0,4,0
4,0,0,0,5,0,0,4,0
4,0,0,0,4,0,0,4,0
2,0,0,0,4,0,0,4,0
2,4,4,0,6,0,0,4,2
0,2,0,0,2,0,0,6,0
4,2,0,0,4,0,0,2,0
4,2,0,0,6,0,0,2,0
2,6,4,2,2,0,0,4,4
10,14,0,0,8,0,0,2,4
0,0,0,0,4,0,0,6,0
0,0,0,0,2,0,0,6,0
0,2,0,2,0,0,0,4,2
2,0,0,2,0,0,0,4,2
14,12,8,4,0,0,2,10,14
12,8,4,2,2,2,2,4,8
0,0,0,0,2,0,2,2,0
2,0,0,0,4,2,2,4,0
0,0,0,0,3,0,2,0,0
0,0,0,0,7,0,0,4,0
0,0,0,0,4,0,4,2,0
0,0,2,0,0,0,4,0,0
6,4,6,0,13,0,0,10,4
10,6,8,0,10,0,0,8,4
2,0,2,0,7,2,0,6,2
0,0,0,0,9,0,0,4,0
0,0,0,0,9,0,0,8,0
0,0,0,0,4,0,0,0,0
10,0,4,0,8,0,2,0,0
10,2,2,0,10,0,2,2,2
0,0,0,0,2,0,5,0,0
0,0,0,0,0,0,4,0,0
0,0,0,0,2,0,0,2,0
0,2,0,0,2,0,0,6,0
0,0,0,0,4,0,0,2,0
2,0,0,0,2,0,0,0,0
4,0,0,0,2,0,0,10,2
2,2,0,0,8,0,0,8,2
2,2,2,0,2,0,2,2,2
0,0,0,0,8,0,0,4,0
10,8,2,0,6,0,0,8,8
4,2,0,0,7,0,0,8,4
4,2,2,0,2,0,0,4,0
6,6,0,2,4,0,0,4,0
2,4,0,0,4,0,6,8,2
6,0,0,0,6,0,2,8,2
0,0,0,0,6,0,0,14,2
0,0,0,0,4,0,0,14,0
6,4,2,2,2,0,0,8,4
8,4,6,0,6,0,0,8,6
2,2,0,0,6,0,0,8,2
0,2,0,0,6,0,0,2,6
0,2,0,0,0,2,0,5,0
2,0,0,0,2,0,0,2,0
0,0,0,0,10,0,0,2,0
0,0,0,0,0,0,2,2,0
2,0,0,0,0,2,0,4,2
0,0,0,0,0,0,0,0,0
4,6,4,2,5,0,2,2,2
8,0,4,2,11,0,6,2,2
0,2,0,0,2,0,0,2,0
0,0,0,0,2,0,0,6,0
0,2,0,0,2,0,0,6,2
0,0,0,0,2,0,2,4,0
6,2,0,0,0,2,2,2,0
0,0,0,0,0,0,0,6,0
0,2,0,0,2,0,0,6,0
0,0,0,0,4,0,0,6,0
0,0,0,0,3,0,2,2,0
4,2,2,0,2,0,2,10,0
6,2,0,0,2,0,8,4,2
8,2,0,0,2,0,11,4,4
2,0,0,0,14,0,0,4,0
2,0,0,0,2,0,0,8,0
6,0,0,0,3,0,4,6,4
2,0,0,0,2,0,4,5,0
0,0,2,0,3,0,2,8,2
2,0,0,0,2,0,2,5,0
6,0,0,2,4,0,0,2,2
8,2,0,0,4,2,0,4,0
0,2,2,0,2,0,6,4,0
2,0,0,0,0,0,0,4,0
0,0,0,0,4,0,0,2,0
0,2,0,0,4,0,0,2,0
10,8,0,0,0,0,0,10,2
12,4,0,0,2,0,0,12,4
6,4,0,0,0,0,0,4,4
12,4,2,0,8,0,0,4,6
0,4,0,0,0,0,4,6,2
2,2,0,0,2,0,0,2,2
0,0,0,0,0,0,0,8,2
0,0,0,0,2,0,2,4,0
4,0,2,0,6,0,2,4,4
10,2,0,0,2,0,4,6,2
4,0,0,0,6,0,4,2,0
0,0,0,0,6,0,0,0,0
0,4,0,0,2,0,4,4,0
2,0,0,0,2,0,2,4,0
0,0,0,0,0,0,4,4,0
0,0,0,0,2,0,2,4,0
0,0,2,0,2,0,0,2,0
0,0,0,0,4,0,0,2,0
4,0,0,0,4,0,0,2,0
0,0,0,0,4,0,0,2,0
4,2,0,0,8,0,2,4,6
4,0,0,0,4,0,0,4,0
6,4,2,6,8,0,0,6,4
6,0,0,0,2,0,0,6,0
0,0,0,0,0,0,12,4,0
0,0,0,0,4,0,2,4,0
0,0,0,0,10,0,4,6,0
0,0,0,0,4,0,2,4,0
0,0,0,0,4,0,0,2,0
0,0,0,0,6,0,0,4,0
2,4,2,0,0,0,2,6,4
4,0,2,0,0,2,4,6,2
2,0,0,0,0,0,0,4,0
0,0,0,0,2,0,0,6,0
4,2,0,0,2,0,0,6,4
4,4,0,0,2,0,0,4,6
8,4,2,0,8,0,0,4,2
4,2,2,0,4,0,4,6,0
2,4,0,0,6,0,0,2,0
0,0,0,0,2,0,0,6,0
10,4,2,0,2,0,0,8,4
14,0,6,0,4,0,4,10,6
2,4,0,0,4,0,6,8,2
0,4,0,0,4,1,2,14,0
2,0,0,0,7,0,0,12,0
0,0,0,0,2,0,0,6,0
2,0,0,0,12,0,2,6,0
2,0,0,0,2,0,0,12,0
0,0,0,0,2,0,0,2,0
2,0,0,0,2,0,0,2,2
0,0,0,0,4,0,2,4,0
0,0,0,0,4,0,1,2,0
4,0,2,2,4,0,0,4,4
6,2,2,2,6,0,0,2,6
10,2,0,0,6,0,0,4,6
8,2,0,0,6,0,0,2,8
4,0,0,0,2,0,0,4,2
2,0,0,0,4,0,0,4,2
4,2,0,0,0,0,0,4,2
4,0,2,2,2,0,0,4,0
0,0,0,0,0,2,0,2,0
0,0,0,0,0,0,0,0,0
0,0,0,0,2,0,0,4,0
0,0,2,0,8,0,0,2,0
0,0,0,0,3,0,0,2,2
0,0,0,0,0,0,0,0,0
0,0,0,0,3,0,0,4,0
4,0,0,0,2,0,0,4,0
0,0,0,0,4,0,0,8,0
2,2,0,0,2,0,0,8,0
0,0,0,0,8,0,0,8,0
4,0,0,0,4,0,0,6,2
0,0,0,0,6,0,0,8,0
2,0,0,0,4,0,0,6,0
2,4,0,0,2,0,0,8,2
4,2,0,0,6,2,2,8,2
0,0,0,0,0,0,0,0,0
0,0,0,0,2,0,0,0,0
2,0,0,0,0,0,0,4,0
0,0,0,0,2,0,0,5,0
6,6,0,0,8,0,4,5,4
4,4,0,0,2,0,2,4,2
2,0,0,0,8,2,0,3,2
4,0,0,0,4,0,0,2,2
6,8,2,2,4,0,2,4,4
12,0,0,0,0,0,0,4,2
0,0,0,0,2,0,0,4,0
0,0,0,0,4,0,0,4,0
6,2,2,0,6,0,4,4,2
10,0,2,0,6,0,0,6,4
2,0,0,0,2,0,2,6,0
0,0,0,0,4,0,2,6,0
4,4,2,2,6,0,0,6,4
0,0,0,0,2,0,0,4,2
0,0,0,0,10,0,2,4,0
2,0,0,0,12,0,2,0,2
0,0,0,0,2,0,0,6,0
0,0,0,0,2,0,2,5,0
0,0,0,0,4,0,0,12,0
0,0,0,0,6,0,2,4,0
0,0,0,0,8,0,2,10,0
0,0,0,0,10,0,2,6,2
2,0,0,0,0,0,2,6,0
0,0,0,0,8,0,0,10,0
2,0,2,0,0,0,0,10,0
2,0,0,2,0,0,0,8,2
2,0,0,0,4,0,0,6,0
2,0,0,0,2,0,2,6,0
2,0,0,0,0,0,0,2,0
0,0,0,0,0,0,0,6,0
0,0,0,0,0,0,0,8,0
4,2,0,0,0,0,0,4,2
0,0,0,0,2,0,0,2,0
0,0,0,0,6,0,0,2,0
8,4,2,2,0,0,0,2,4
4,0,0,2,0,0,2,2,0
0,0,0,0,6,0,0,2,0
0,0,0,0,2,0,4,2,0
0,0,0,0,0,0,0,4,0
2,0,0,0,4,0,0,2,0
0,0,0,0,2,0,2,4,0
0,0,0,0,4,0,6,4,0
10,0,2,0,8,0,10,8,2
2,0,0,0,6,0,6,10,0
10,2,0,0,4,0,2,6,8
14,4,0,0,8,0,4,4,6
0,2,0,0,4,0,0,4,0
0,2,0,0,4,0,0,2,0
4,4,0,0,5,0,0,2,0
4,6,0,0,3,0,0,4,0
12,4,0,0,6,0,0,6,6
10,2,0,0,8,0,0,8,6
0,0,0,0,0,0,0,9,0
0,0,0,0,2,0,0,10,0
10,6,2,0,8,0,0,6,4
8,6,0,0,12,0,0,2,2
0,2,2,0,2,0,0,2,4
4,0,0,2,2,0,0,4,2
6,0,0,0,3,0,0,4,2
0,0,0,0,2,0,0,4,0
6,0,0,0,2,0,2,4,0
6,0,0,0,4,0,0,6,0
0,0,0,0,2,0,2,4,0
0,0,0,0,2,0,0,4,0
0,0,0,0,3,0,0,2,0
2,0,0,0,3,0,0,2,0
2,0,0,0,0,0,0,4,0
4,0,0,0,2,0,0,2,0
4,2,2,0,0,0,2,6,4
2,2,0,0,2,0,0,4,0
8,2,0,2,2,0,0,2,4
6,2,4,0,2,0,0,4,4
2,0,0,0,4,0,2,6,0
6,4,2,0,2,0,0,8,0
2,2,0,0,7,0,0,6,0
6,0,0,0,5,0,0,8,0
2,0,0,0,1,0,0,4,0
2,0,0,0,4,0,0,2,2
0,0,0,0,4,0,0,4,0
0,0,0,0,4,0,0,2,0
4,2,4,2,4,0,0,8,0
6,4,0,0,2,0,2,6,2
2,0,0,0,6,0,0,4,0
2,0,0,0,6,0,2,4,0
8,4,6,2,2,0,0,6,6
4,4,4,0,2,0,0,6,6
0,0,0,0,2,0,2,6,0
0,0,0,0,2,0,0,4,0
6,0,0,2,4,0,2,2,4
6,2,0,0,8,0,0,4,2
0,0,0,0,6,0,4,4,0
0,0,0,0,4,0,0,6,0
4,2,0,0,4,0,0,4,4
2,0,0,0,6,0,0,4,4
0,0,0,0,4,0,0,4,0
8,0,0,0,4,0,0,6,4
6,0,4,2,4,0,0,2,2
2,0,0,0,2,0,0,4,0
2,0,0,0,3,0,0,0,0
0,0,0,0,2,0,0,2,0
2,0,0,0,6,0,0,2,0
0,0,0,0,0,0,0,2,0
6,4,0,0,6,0,0,6,0
8,0,0,0,4,0,8,4,0
2,0,2,4,2,0,2,6,4
2,2,0,2,10,0,0,8,2
4,0,0,0,10,0,2,8,4
2,2,0,0,8,0,2,6,2
6,2,0,0,4,0,0,4,2
0,2,0,0,0,0,0,3,0
0,0,0,0,4,0,0,4,0
6,0,0,0,2,0,0,4,4
0,2,0,0,10,0,4,4,0
0,0,0,0,6,2,6,5,0
0,0,0,0,6,0,0,4,0
0,0,0,0,2,0,0,4,0
0,0,0,0,0,0,2,4,2
0,2,2,0,4,0,2,4,2
0,0,0,0,2,0,0,5,0
2,0,0,0,4,0,0,4,0
0,0,0,0,0,0,2,5,0
2,0,0,0,4,0,4,3,0
6,8,2,0,4,0,6,4,2
2,2,0,0,0,2,2,2,0
0,0,0,0,2,0,2,0,0
0,2,0,0,2,0,0,2,0
12,4,0,0,0,0,2,3,0
14,2,0,0,0,0,2,2,0
4,4,0,0,4,0,0,6,2
0,0,0,0,2,0,0,6,2
2,0,0,2,4,0,0,4,2
4,2,4,2,4,0,0,4,2
2,2,0,0,6,0,2,4,0
0,0,0,0,4,0,2,4,0
0,0,0,0,4,0,0,4,0
0,0,0,0,2,0,2,6,0
2,4,4,0,0,0,0,8,0
6,2,0,0,2,0,0,4,2
0,0,0,0,4,0,0,10,0
0,0,0,0,4,0,0,4,0
0,2,0,0,5,0,0,10,0
2,0,0,0,8,0,0,4,4
0,0,0,0,10,0,4,9,2
2,0,0,2,10,0,4,2,2
4,2,2,0,4,0,0,2,2
4,0,0,0,4,0,0,2,0
0,0,0,0,2,0,0,2,0
0,0,0,0,2,0,0,2,0
0,0,0,0,2,0,0,2,0
0,0,0,0,0,0,0,2,0
4,0,0,0,4,0,2,2,4
0,0,0,0,2,0,2,0,0
6,4,0,0,2,0,0,0,2
2,0,0,0,2,0,0,2,2
0,0,0,0,1,0,0,2,0
6,4,0,0,2,0,0,6,2
2,2,0,2,4,0,0,4,0
2,2,0,2,6,0,0,4,4
0,0,0,0,6,0,0,4,0
0,0,0,0,6,0,0,4,0
0,0,0,0,8,0,0,6,0
0,0,0,0,10,0,0,4,0
6,4,2,0,4,0,0,3,6
10,6,6,2,2,0,0,5,4
2,0,0,0,1,0,0,2,2
6,0,0,0,3,0,0,4,0
4,4,2,0,6,0,0,5,4
6,6,8,2,2,0,0,6,6
2,2,2,0,8,0,0,4,0
2,2,0,0,4,0,2,4,0
0,4,0,0,6,0,9,4,4
4,6,4,0,10,0,7,6,4
0,2,0,0,6,0,4,2,2
0,2,0,0,4,0,1,6,0
2,0,0,0,15,12,4,8,4
6,4,0,0,9,4,0,8,2
2,2,0,0,2,0,2,6,2
0,2,0,0,6,0,0,6,0
4,4,0,0,5,0,0,4,2
4,2,0,2,2,0,0,4,6
8,2,0,0,0,0,0,4,0
0,0,0,0,0,0,0,4,0
4,0,0,0,8,4,0,6,0
2,0,0,0,6,4,0,6,2
2,0,0,0,0,0,6,6,0
2,0,0,0,0,0,0,4,0
2,0,0,0,2,0,4,4,0
0,0,0,0,2,0,2,4,0
0,0,0,0,2,0,2,6,0
2,0,0,0,0,0,2,6,0
2,2,0,0,0,0,0,4,0
0,6,0,0,2,0,0,4,0
4,4,4,0,0,0,0,6,2
0,6,0,0,2,0,0,4,4
2,0,0,0,2,0,0,7,0
2,0,0,0,2,0,0,2,2
0,0,0,0,2,0,0,2,2
2,0,0,0,0,0,0,4,2
0,0,0,0,0,2,0,2,0
4,0,0,0,0,0,2,2,0
4,0,4,2,2,0,8,6,2
4,2,2,0,2,0,2,2,2
0,0,0,0,0,0,0,0,0
4,0,0,0,0,0,0,6,0
0,0,0,0,2,0,0,6,0
4,0,0,0,4,3,0,6,0
2,0,0,0,2,0,0,4,0
6,0,0,0,4,0,0,4,0
6,6,2,2,2,0,4,8,4
8,2,2,2,2,0,4,6,0
2,2,2,0,2,0,0,4,0
6,6,0,0,2,0,4,8,4
4,0,0,0,2,0,0,6,0
0,0,0,0,4,0,0,8,0
2,2,0,0,0,0,0,6,0
0,0,0,0,4,0,0,6,0
6,0,4,0,14,0,0,6,2
8,0,0,0,6,0,2,4,0
4,2,2,0,6,2,0,8,2
4,0,0,0,2,0,0,4,4
0,4,2,0,4,0,2,8,0
8,6,2,0,2,2,0,4,4
0,2,0,0,2,0,0,4,0
4,0,0,0,8,0,0,4,2
2,0,0,0,4,0,0,8,0
2,4,0,0,2,0,0,6,2
4,0,0,0,3,0,0,10,0
4,0,0,0,5,0,0,6,2
0,0,0,0,3,0,2,4,0
2,0,0,0,4,0,2,4,2
6,0,0,0,4,0,0,4,0
4,2,0,2,4,0,0,4,2
0,0,2,0,4,0,0,5,0
4,0,4,0,5,0,0,2,4
0,0,0,0,3,0,2,6,0
0,2,0,0,3,0,2,6,0
0,0,0,0,6,0,0,2,0
4,0,0,0,8,0,0,4,0
0,0,0,0,4,0,0,2,0
2,0,0,0,8,0,0,5,0
2,4,0,0,6,0,0,4,4
6,4,2,0,8,0,0,4,4
2,0,0,2,3,0,2,2,4
6,0,0,0,5,0,2,2,0
2,2,0,2,2,0,0,4,2
0,0,2,2,1,0,0,4,0
2,2,0,2,2,0,0,4,2
2,2,0,0,2,0,0,4,0
4,0,0,0,2,0,0,4,4
2,0,0,0,2,0,0,4,4
8,4,0,0,2,0,6,12,6
8,2,0,0,2,0,0,6,2
2,0,0,0,0,6,0,8,0
0,0,0,0,3,0,0,6,0
2,0,0,0,4,0,4,4,0
0,2,0,0,4,0,0,6,0
2,0,0,0,11,0,4,4,0
2,2,0,0,5,0,4,4,0
2,0,0,0,2,0,2,0,0
4,2,0,0,2,0,2,0,0
2,0,0,0,0,0,2,2,0
2,0,0,0,0,0,0,2,0
0,0,0,0,6,0,2,2,0
2,0,0,0,2,0,2,4,0
0,0,0,0,4,0,2,2,0
2,0,0,0,4,0,0,2,0
0,0,0,0,2,0,2,0,0
0,0,0,0,0,0,0,4,0
0,0,0,0,10,0,2,10,0
0,0,0,0,11,0,2,4,0
8,0,2,0,16,0,2,4,10
6,0,0,2,11,0,4,2,6
0,0,0,0,8,0,2,0,0
2,2,0,0,2,0,0,6,2
0,0,0,0,5,0,4,0,0
4,2,2,0,4,0,2,4,4
10,0,0,0,16,0,0,8,0
8,0,0,0,16,0,0,8,0
16,0,4,2,4,0,0,4,6
4,2,2,0,2,0,0,6,0
2,2,0,0,5,0,0,2,0
4,0,0,0,4,0,2,4,0
0,0,0,0,2,0,0,4,0
2,2,0,0,4,0,0,4,0
4,0,0,0,8,0,0,2,0
6,0,4,0,10,0,2,0,0
0,0,0,2,2,0,0,6,0
2,0,0,0,0,0,0,2,0
2,0,0,2,6,0,0,7,0
2,0,6,0,8,0,0,8,0
6,0,2,2,3,0,2,4,2
4,2,2,0,4,0,4,6,0
6,0,6,0,10,0,2,4,6
2,2,0,0,8,0,2,6,2
4,6,2,0,3,0,0,4,6
2,0,2,2,2,0,0,4,2
0,0,0,0,3,0,0,6,0
0,0,0,0,4,0,0,4,0
4,0,0,0,4,0,2,6,2
2,0,0,0,4,0,0,2,2
2,2,2,2,8,0,0,4,2
4,0,0,0,2,2,0,8,2
0,0,0,0,6,0,6,6,0
0,0,0,0,4,0,0,6,0
2,0,0,0,2,0,0,6,0
0,0,0,0,0,0,0,0,0
0,2,0,0,8,2,0,4,0
2,0,0,0,4,4,0,4,2
8,2,0,0,0,4,4,6,0
2,2,0,0,0,0,4,6,0
0,2,0,0,6,0,2,6,4
0,4,0,0,6,0,0,4,2
8,2,4,4,0,0,0,8,6
6,6,2,0,0,0,2,4,6
6,0,0,2,5,0,0,6,0
10,2,0,0,10,0,0,8,0
10,6,0,0,8,0,4,8,6
6,2,2,0,4,0,2,6,4
6,2,2,2,6,0,0,6,0
0,0,0,0,4,0,0,6,0
0,0,0,0,6,0,0,2,0
0,0,0,0,8,0,8,4,0
0,0,0,0,6,0,6,4,0
0,0,0,0,6,0,4,0,0
4,0,0,0,6,0,0,0,0
2,2,0,0,0,0,0,4,0
6,10,0,0,12,0,0,10,0
10,8,4,0,12,0,0,10,4
8,10,4,2,4,2,4,8,2
6,4,0,0,0,0,2,6,2
0,0,0,0,8,0,4,8,0
0,0,0,0,2,0,6,6,0
0,0,0,0,0,0,2,4,0
4,0,0,0,12,0,2,4,2
2,2,0,0,0,0,0,6,2
0,0,0,0,6,0,0,4,2
12,6,0,2,4,0,2,14,0
8,8,2,0,10,0,0,2,0
14,10,0,0,8,0,2,4,0
6,4,0,0,12,0,2,2,0
2,0,0,0,2,0,2,4,0
5,0,0,0,0,0,0,4,0
0,0,0,0,0,0,4,0,0
0,0,0,0,3,0,2,0,0
8,2,0,0,2,0,0,4,2
6,2,0,2,4,0,0,4,2
4,0,0,0,0,0,2,6,0
4,0,0,0,4,0,2,4,2
0,0,0,0,0,0,0,8,2
20,8,2,0,2,0,0,4,4
0,0,0,0,2,2,4,8,0
0,0,0,0,2,0,0,4,0
0,0,0,0,8,0,0,4,0
2,0,0,0,4,0,0,2,0
0,0,0,0,2,0,0,4,0
0,2,0,0,2,0,0,4,0
0,2,0,0,4,0,0,4,2
0,0,0,0,4,0,0,4,2
2,2,0,0,2,0,0,2,0
2,4,0,0,2,0,0,2,0
2,0,0,0,4,0,4,6,0
2,0,0,0,0,0,4,10,0
2,0,0,0,8,0,0,4,0
4,0,0,0,6,0,0,4,0
2,2,0,0,2,2,8,2,2
0,0,0,0,0,0,6,2,0
4,0,0,0,6,0,0,8,0
4,0,2,0,4,0,0,6,2
4,0,0,2,10,0,2,9,0
2,0,0,0,2,0,2,6,0
0,0,0,0,8,0,6,8,0
0,0,0,0,4,0,4,8,0
0,0,0,0,4,0,2,4,0
2,0,0,0,0,0,0,8,0
0,2,0,0,2,0,0,6,0
6,0,4,0,2,0,0,4,2
0,0,0,0,0,0,0,2,0
2,0,0,0,2,0,0,2,0
2,0,0,0,0,0,0,6,0
2,2,0,0,2,0,0,6,0
4,4,2,0,2,0,0,4,2
2,0,0,2,4,0,0,6,0
0,0,0,0,6,0,0,2,0
0,0,0,0,2,0,0,4,0
2,0,0,2,4,0,0,6,2
2,0,0,0,4,0,0,4,2
0,0,0,0,0,0,0,6,0
0,0,0,0,2,0,2,4,0
6,0,4,0,2,2,0,6,0
0,0,0,0,2,0,0,8,2
4,2,0,0,6,0,0,7,4
8,2,0,0,2,0,2,8,2
2,4,0,0,8,0,0,4,0
10,4,0,0,18,0,0,4,0
6,0,0,2,0,0,0,2,4
0,2,0,0,10,2,0,2,0
0,2,0,0,0,0,2,4,0
0,6,6,0,6,0,0,4,2
0,0,0,0,6,2,0,2,0
0,0,0,0,4,4,0,2,0
8,0,0,0,2,0,0,8,4
8,6,0,2,6,2,0,4,2
0,2,0,0,6,0,0,2,2
2,0,0,0,2,0,2,2,2
4,6,4,0,8,0,2,4,4
2,2,4,0,6,0,0,6,6
0,0,0,0,4,0,0,2,0
0,0,0,0,2,0,0,6,0
0,0,0,0,2,0,2,2,0
2,0,0,0,0,0,0,6,0
0,0,0,0,4,0,8,4,0
0,0,0,0,4,0,2,6,0
0,0,0,0,2,0,0,2,4
4,2,0,0,2,0,0,0,4
2,0,0,0,4,0,0,2,0
6,0,2,0,4,0,6,4,0
0,6,0,0,1,0,0,4,0
4,0,0,2,4,0,0,2,2
0,0,0,0,2,0,0,4,0
0,0,0,0,5,0,2,4,0
0,0,0,0,0,0,2,4,0
0,0,0,0,4,0,0,4,2
0,0,6,2,6,0,2,6,2
2,2,0,0,2,0,3,8,2
6,0,0,0,2,0,0,6,4
4,0,0,0,2,0,4,2,2
0,0,0,0,2,0,0,4,2
0,0,0,0,2,0,0,6,0
0,0,0,0,6,0,0,8,0
0,0,0,0,4,0,0,4,0
0,0,0,0,2,0,4,8,0
0,0,0,0,0,0,0,8,0
0,0,0,0,6,0,0,4,0
2,0,0,0,2,0,0,4,0
8,4,4,0,6,0,2,10,4
6,2,0,0,4,0,2,8,4
10,6,6,0,2,0,0,6,0
6,0,0,0,2,0,0,6,0
4,2,0,0,4,0,0,6,0
8,4,4,2,4,0,0,4,0
2,0,0,0,4,0,0,6,0
0,0,0,0,4,0,0,6,2
2,2,0,0,2,0,0,4,0
2,4,0,0,2,0,0,2,2
2,0,0,0,0,2,0,4,0
6,4,2,0,1,0,0,4,2
0,0,0,0,2,0,0,4,0
2,0,0,0,2,0,0,4,0
2,0,0,0,2,0,0,6,0
4,2,0,0,2,0,0,6,4
0,0,0,0,2,0,0,0,0
2,0,0,0,2,0,0,2,0
2,0,0,0,2,0,0,4,2
2,2,2,0,2,0,0,2,2
2,2,0,0,4,0,0,0,2
4,0,0,2,0,0,0,4,6
10,8,0,2,4,0,4,6,0
6,4,0,0,2,0,0,6,0
4,0,0,0,4,0,0,10,0
2,0,0,0,0,0,0,6,0
6,6,6,2,6,0,4,10,4
10,2,4,0,3,0,2,4,6
0,2,0,0,6,0,0,6,0
0,0,0,0,2,0,0,6,0
8,2,2,0,2,0,2,2,0
0,0,0,0,2,0,0,6,0
0,0,0,0,2,0,0,2,2
6,2,2,0,5,0,0,4,2
4,0,0,0,4,0,0,2,2
6,0,0,0,6,0,0,2,0
6,2,0,0,6,2,2,4,2
2,2,0,0,6,6,2,4,2
2,2,0,0,4,0,0,6,0
8,4,2,0,4,0,0,6,4
10,0,0,0,10,0,6,6,0
10,0,0,0,6,0,0,3,0
2,4,4,0,2,0,2,4,4
2,0,0,0,2,2,2,2,2
4,0,0,0,4,2,2,5,4
6,4,6,2,2,0,2,4,2
6,0,0,0,6,0,2,4,6
4,0,0,0,4,0,1,4,4
0,0,0,0,0,0,4,6,0
4,0,0,0,8,0,5,8,0
2,0,0,0,4,0,0,4,0
0,0,0,0,0,0,2,4,0
0,6,2,0,0,0,0,4,2
0,2,0,0,0,0,0,6,0
6,0,0,0,4,0,6,4,4
0,0,0,0,2,0,0,4,2
0,0,0,0,8,0,1,2,0
2,0,0,0,4,0,0,2,0
0,0,0,0,6,0,2,2,0
0,0,0,0,0,0,0,4,0
10,4,2,2,6,0,0,6,0
4,2,0,0,2,0,0,6,0
0,0,0,0,8,0,2,4,0
6,0,0,0,6,0,2,4,0
2,2,2,0,4,0,0,4,4
4,2,0,0,4,0,0,6,2
0,0,0,0,2,0,0,6,0
0,0,0,0,2,0,0,8,0
2,0,0,0,2,0,4,4,0
0,0,0,0,2,0,2,4,0
6,2,0,0,6,0,4,8,0
0,0,0,0,4,2,0,6,0
0,0,0,0,2,0,4,2,0
0,0,0,0,2,0,4,2,0
14,0,0,0,8,0,4,4,4
12,0,0,0,8,0,4,4,4
0,0,0,0,2,0,0,8,2
4,0,0,0,4,0,0,6,4
0,0,0,0,8,0,0,6,0
2,2,0,2,4,0,0,6,2
4,0,0,0,4,0,2,4,4
6,0,0,2,6,0,8,4,2
6,0,0,0,2,0,0,4,4
4,0,0,2,8,0,0,4,2
0,0,0,0,0,0,2,4,0
0,2,0,0,2,2,0,2,2
4,0,0,0,1,0,0,2,4
4,2,0,2,4,0,6,2,0
0,0,0,0,9,0,0,4,0
2,0,0,0,11,0,0,6,2
4,0,0,0,6,0,0,4,0
4,0,0,0,11,0,0,6,0
2,0,0,0,4,0,0,6,2
6,0,0,0,4,0,0,4,2
2,0,0,0,6,0,2,4,0
0,0,0,0,8,0,2,6,2
2,0,0,0,12,0,0,4,4
2,0,0,0,4,0,0,6,2
4,6,2,0,2,0,0,4,2
2,0,0,0,6,0,0,4,0
2,0,0,0,2,0,0,2,0
2,0,0,0,4,0,0,2,0
0,0,0,0,4,0,2,4,0
0,0,0,0,2,0,4,4,4
8,0,0,0,2,0,2,4,0
6,4,2,2,2,0,0,4,4
6,0,0,2,6,0,2,2,2
8,0,0,0,7,0,2,4,2
2,2,0,2,0,0,0,4,2
2,2,2,2,4,0,0,10,2
0,0,0,0,8,0,4,2,2
0,0,0,0,4,0,2,6,0
0,0,0,0,6,0,2,6,0
0,0,0,0,1,0,0,4,0
0,0,0,0,2,0,0,2,0
2,0,0,0,6,0,0,2,0
4,0,2,0,2,0,0,4,4
4,2,16,2,10,0,0,6,2
6,0,4,0,0,0,2,3,8
8,0,0,0,2,0,2,6,4
0,2,0,0,4,0,4,2,0
0,2,0,0,2,0,2,0,2
0,0,0,0,2,0,2,6,4
0,0,0,0,2,0,2,6,2
0,0,0,0,2,0,2,7,2
0,0,0,0,0,0,4,6,2
2,0,2,0,8,0,0,4,6
0,2,4,0,4,0,0,6,0
2,0,0,0,4,0,0,4,0
0,0,0,2,3,0,0,4,0
0,0,0,0,0,0,0,4,0
0,0,0,0,2,0,0,6,0
0,0,0,0,0,0,2,4,0
0,0,0,0,0,0,0,4,0
0,0,0,0,2,0,4,6,0
0,0,0,0,2,0,4,8,0
4,4,4,0,8,0,2,8,4
2,2,0,0,4,0,5,6,2
0,0,0,0,12,0,4,10,0
0,0,0,0,2,0,0,6,0
4,2,0,0,6,0,0,4,4
4,4,0,2,8,0,0,4,4
0,0,0,0,2,0,0,4,0
0,0,0,0,4,0,0,6,0
0,0,0,0,8,0,2,4,0
0,0,0,0,4,0,0,4,0
8,2,0,0,4,0,0,5,2
2,2,0,2,0,0,6,2,0
0,2,0,0,2,0,0,2,0
0,0,0,0,2,0,2,6,0
0,0,0,0,4,0,5,4,0
2,0,0,0,4,0,5,4,0
6,2,0,0,6,0,0,2,2
6,0,0,0,4,0,0,2,2
0,0,0,0,2,0,3,4,0
0,0,0,0,0,0,4,2,0
6,2,0,0,4,0,0,4,0
6,0,0,0,2,0,0,2,2
0,2,0,0,6,0,0,4,0
0,0,0,0,2,0,0,4,0
4,0,0,0,8,0,2,6,2
4,4,0,0,8,0,0,4,2
0,0,0,0,4,0,0,2,0
2,0,0,0,4,0,6,4,0
2,0,0,0,8,2,10,2,2
0,0,0,0,8,2,6,4,0
0,0,0,0,2,0,0,2,0
0,0,0,0,2,0,0,2,0
0,0,0,0,0,0,0,4,0
0,0,0,0,4,0,0,4,0
8,4,4,0,4,0,2,10,0
4,2,0,4,2,0,6,10,0
2,0,0,0,10,0,0,4,0
0,2,0,0,6,0,4,5,0
6,0,0,0,2,0,0,8,0
0,0,0,0,2,0,2,6,0
2,0,0,0,4,0,0,4,0
2,0,0,0,8,0,0,4,0
0,2,0,2,4,0,0,4,0
2,0,0,0,6,0,0,2,0
4,2,0,0,4,0,0,4,2
4,0,0,0,0,0,0,2,0
0,0,0,0,8,0,2,0,0
0,0,0,0,8,0,0,2,0
0,0,0,0,4,0,0,4,0
0,0,0,0,6,0,0,6,0
2,0,0,0,4,0,0,2,2
0,2,2,0,4,0,0,4,0
2,0,0,0,5,0,0,4,0
0,2,0,0,4,0,0,6,2
4,2,0,0,4,0,0,6,2
4,2,0,2,6,0,0,6,2
0,0,0,0,2,0,0,6,0
0,0,0,0,8,0,0,4,0
4,2,0,0,4,0,2,6,2
4,0,0,0,2,0,2,4,0
0,0,0,0,6,0,0,6,0
2,0,0,0,0,0,0,8,2
0,2,0,0,4,0,0,9,6
2,0,4,2,2,0,0,6,6
0,0,0,0,4,0,2,4,0
0,0,0,0,8,0,4,0,0
2,2,0,0,10,0,0,0,0
0,0,0,0,10,0,0,0,0
0,0,0,0,0,0,0,0,0
0,0,0,0,6,0,2,8,0
4,0,0,0,2,0,0,8,0
4,0,2,0,8,0,0,11,2
2,0,2,2,0,0,0,4,0
4,2,0,0,4,0,0,5,0
0,0,0,0,0,0,0,3,0
0,0,0,0,2,0,0,2,0
0,0,0,0,0,0,0,4,0
0,0,0,0,0,0,0,2,0
6,0,2,0,6,0,2,2,0
4,2,0,0,2,0,0,2,2
2,0,0,0,6,0,0,6,2
0,0,0,0,2,0,0,4,0
0,0,0,0,1,0,0,6,0
0,0,0,0,2,0,0,4,0
12,2,0,0,0,0,6,8,2
10,2,0,0,0,0,4,8,0
0,0,0,0,2,0,0,4,0
0,0,0,0,0,0,2,2,0
0,0,0,0,6,0,0,4,0
0,0,0,0,4,0,0,6,0
4,0,0,0,5,0,0,2,2
0,0,0,0,0,0,0,0,0
6,2,0,0,4,0,2,6,8
4,2,2,0,2,0,0,12,2
0,0,0,0,4,0,0,8,0
0,0,0,0,8,0,0,6,0
4,0,0,0,6,0,7,6,0
2,0,0,0,0,0,7,6,0
8,2,0,0,10,0,0,15,0
10,0,0,0,10,0,0,20,2
0,2,4,0,4,0,0,3,0
0,0,0,0,4,0,0,6,4
0,2,0,0,4,0,0,2,0
0,2,0,0,2,0,0,2,2
0,0,2,0,8,0,0,5,2
2,2,0,0,4,0,0,6,0
4,0,0,0,8,0,0,2,0
2,0,0,0,2,0,0,6,0
2,0,0,0,6,0,0,0,2
8,0,0,0,4,0,0,0,6
16,2,4,0,4,2,0,6,2
8,4,0,0,2,4,0,6,0
10,6,2,0,1,0,4,6,2
2,6,2,2,0,0,2,7,0
2,0,0,0,2,0,2,2,0
4,0,0,0,3,0,0,4,0
0,0,0,0,2,0,2,6,0
0,0,0,0,6,0,2,6,0
0,0,0,0,4,0,2,6,0
0,0,0,0,4,0,0,6,0
6,0,0,0,2,0,4,4,4
6,0,0,0,2,0,0,0,4
4,2,0,0,6,0,2,8,4
8,0,0,0,4,0,4,4,4
6,0,0,0,4,0,0,8,0
6,0,0,0,4,0,0,8,0
12,4,4,4,6,0,0,8,6
8,4,6,6,2,2,0,8,4
4,0,0,0,4,0,0,7,0
6,0,0,0,4,0,0,8,0
4,0,0,0,0,0,0,4,2
0,0,0,0,2,0,0,4,0
2,0,0,0,0,0,0,2,0
4,2,4,0,4,0,0,4,0
0,0,0,0,2,0,2,4,0
0,0,0,0,0,0,0,4,0
2,2,0,0,6,0,0,6,2
4,0,2,0,6,4,0,10,2
6,4,0,0,6,2,0,2,2
2,2,2,2,4,2,0,2,2
0,0,0,0,6,0,6,2,2
0,0,0,0,3,0,2,2,0
8,0,0,0,2,0,8,5,0
12,0,2,0,0,0,2,4,0
6,2,4,2,10,0,0,36,2
4,2,2,2,2,0,0,22,2
2,0,0,0,4,2,12,4,0
0,0,0,0,8,0,2,5,0
0,0,0,0,7,0,4,6,2
4,0,0,2,2,0,2,9,2
2,0,0,0,4,0,4,4,0
0,0,0,0,2,0,4,2,2
0,0,0,0,2,0,2,2,0
0,0,0,0,4,0,2,4,0
6,0,2,2,8,0,2,8,6
8,0,0,0,5,0,2,2,2
2,0,0,2,4,0,2,4,0
0,0,2,2,2,0,9,8,0
8,0,2,0,4,0,4,6,2
0,0,0,0,6,0,2,0,0
0,0,0,0,6,0,0,2,0
2,0,0,0,10,0,0,4,0
2,0,0,0,4,0,2,2,0
0,2,0,0,6,0,0,2,0
4,0,0,0,2,0,0,3,0
2,4,0,0,4,0,0,4,0
4,0,0,0,13,0,8,2,6
8,0,0,0,14,2,6,0,4
6,0,0,0,6,0,0,6,0
4,0,0,0,4,0,2,6,0
0,2,2,0,2,0,0,8,4
0,2,0,0,6,0,0,6,2
4,0,0,0,10,0,0,6,0
2,0,2,0,2,0,0,8,0
0,0,0,0,6,0,0,6,2
0,0,0,0,8,1,0,2,0
4,2,0,0,2,0,2,4,2
2,0,0,0,4,0,2,2,0
2,2,2,0,2,0,0,2,4
4,0,2,0,4,0,2,2,2
2,2,2,0,7,0,6,4,2
8,2,0,0,6,0,0,2,2
0,6,0,0,2,0,0,4,2
4,2,0,0,8,0,0,2,2
2,0,0,0,2,0,0,2,0
4,2,4,0,10,0,2,2,4
8,2,4,0,6,0,2,6,0
2,0,0,4,0,0,0,6,4
4,0,0,0,2,2,0,6,0
2,0,0,0,2,0,2,8,2
0,0,0,0,4,0,0,6,0
0,0,0,0,6,0,0,6,0
2,2,0,0,6,0,4,12,0
0,0,0,0,2,0,2,8,0
4,2,2,0,8,0,0,4,4
8,0,0,0,6,0,0,4,6
0,0,0,0,4,0,0,7,0
0,0,0,0,0,0,0,6,0
2,0,0,0,4,0,2,9,0
4,2,0,0,2,0,2,9,0
8,0,0,0,0,2,4,10,2
8,0,0,0,0,2,3,6,2
2,2,0,0,2,0,0,0,0
2,0,0,2,4,0,0,8,0
4,2,0,0,8,0,2,2,0
2,2,0,0,8,0,0,2,0
12,6,6,2,2,0,2,6,8
4,0,2,0,2,0,0,8,2
6,2,2,0,4,0,0,4,4
2,4,0,0,0,0,0,4,6
8,0,0,0,2,0,0,0,6
10,6,0,0,6,0,2,2,8
6,0,0,0,4,0,2,6,2
0,0,0,0,0,0,0,4,0
2,0,2,0,4,0,0,8,4
4,0,0,2,2,0,0,6,0
4,0,0,0,4,0,0,6,0
0,2,0,0,4,0,0,4,2
0,0,0,0,2,4,0,2,0
2,2,0,0,0,4,0,4,0
4,0,0,2,0,0,8,10,2
4,2,0,0,0,0,2,4,0
6,0,0,0,2,0,2,4,0
2,0,0,0,2,0,2,4,0
6,2,4,0,2,0,4,6,0
6,0,0,4,6,0,0,8,6
10,0,0,0,2,0,4,2,0
4,0,0,0,0,0,4,6,0
6,4,0,0,2,0,2,10,2
4,2,0,0,2,0,0,6,0
0,2,2,0,2,0,8,6,0
2,0,0,2,0,0,0,4,0
2,2,2,0,2,0,2,4,2
6,2,0,0,0,2,0,6,0
4,0,0,0,4,0,0,4,0
0,0,0,0,2,0,0,6,0
2,0,2,0,4,0,0,4,0
2,0,2,0,4,0,0,4,0
2,0,0,0,6,0,0,6,2
0,0,0,0,0,0,0,6,0
0,0,0,0,2,0,0,4,0
0,0,0,0,2,0,0,4,0
0,0,0,0,6,2,2,6,0
0,0,0,0,2,0,0,6,0
0,0,0,0,0,1,0,4,0
2,2,2,0,4,0,2,6,0
0,0,2,0,0,1,0,6,0
2,0,0,2,6,0,0,4,0
0,2,0,0,2,4,0,4,0
0,0,0,0,8,2,0,2,0
0,0,0,0,2,0,0,2,0
0,0,0,0,2,0,0,6,0
0,0,0,0,0,0,0,6,0
0,0,0,0,2,0,0,8,0
2,0,0,0,2,0,0,2,0
4,2,0,2,2,0,0,2,0
6,0,0,0,3,0,2,0,0
2,0,0,0,6,1,6,0,0
4,0,0,0,5,0,0,4,0
2,0,4,0,8,1,2,0,0
2,4,2,0,6,0,0,2,2
2,0,0,2,6,0,0,4,2
0,2,2,0,2,0,0,4,0
2,0,2,0,2,0,0,2,2
0,0,0,0,2,0,0,4,0
4,2,0,0,4,0,0,0,4
0,0,0,0,2,0,0,4,0
0,0,0,0,4,0,2,4,0
6,0,2,0,4,0,0,6,2
4,2,8,0,6,0,0,4,4
2,0,8,0,0,2,0,10,2
0,0,6,0,2,0,0,18,0
2,0,0,0,2,0,0,10,2
6,0,0,0,6,0,2,4,0
6,0,2,0,4,2,4,8,2
3,4,0,0,2,0,6,6,0
0,0,0,0,4,0,0,6,0
0,0,0,0,0,0,0,4,0
4,0,0,0,4,0,0,4,0
2,0,2,2,8,0,0,6,0
2,0,0,0,0,0,4,8,0
0,0,0,0,0,0,0,8,0
0,2,0,0,4,0,0,6,0
0,2,0,0,6,0,0,6,0
4,2,2,0,2,8,0,7,4
2,2,0,0,8,0,0,3,4
8,0,2,0,8,0,0,5,6
2,0,4,0,6,0,0,4,6
0,0,0,0,4,0,0,7,0
4,2,0,0,1,0,0,8,2
2,0,0,0,3,0,0,6,2
2,0,0,0,3,0,2,2,2
4,0,0,0,4,0,0,6,0
4,2,0,0,4,0,0,4,2
2,2,0,2,6,0,0,2,2
2,0,0,0,2,0,0,6,0
0,0,0,0,4,2,0,6,0
0,0,0,0,2,0,0,6,0
4,0,0,0,5,0,2,2,0
2,0,0,0,3,0,0,4,0
8,4,6,4,14,0,0,4,4
10,2,0,0,4,0,2,6,4
4,8,0,0,8,0,6,6,4
8,0,0,0,2,0,0,4,4
4,0,0,0,0,0,6,8,6
10,2,0,0,0,0,12,8,4
0,0,0,0,2,0,4,8,2
6,0,0,0,6,0,6,4,2
8,4,0,0,4,0,0,4,4
4,4,2,0,0,0,0,8,2
8,0,0,0,4,0,4,4,2
4,0,0,0,2,0,6,6,2
8,2,2,0,10,0,2,2,0
0,0,0,0,4,0,0,2,0
4,2,0,0,11,0,2,2,0
2,0,2,2,6,0,0,2,2
6,0,0,0,5,0,0,6,0
6,0,0,0,2,0,0,8,0
0,0,0,2,6,0,2,6,0
2,0,4,0,6,0,2,2,2
0,0,0,0,6,0,2,4,0
2,0,4,0,4,0,6,2,0
0,0,0,0,4,2,0,0,0
0,0,0,0,4,0,0,0,0
0,0,0,0,1,0,0,0,0
0,0,0,0,3,0,2,2,0
2,0,0,0,1,0,0,4,0
2,0,2,0,1,0,0,4,0
0,0,0,0,0,0,0,4,0
2,0,0,0,4,0,0,2,0
0,0,0,0,4,0,0,4,0
0,0,0,0,4,0,0,4,0
0,0,0,0,4,0,0,4,0
0,0,0,0,4,0,0,2,0
0,0,0,0,2,0,0,6,0
0,0,0,0,2,0,0,4,0
2,0,0,0,8,0,2,6,2
2,2,0,0,12,2,0,6,0
0,0,0,0,4,0,0,6,0
4,0,0,0,10,0,0,8,0
6,2,2,0,2,0,2,10,4
6,2,4,0,3,0,0,12,4
2,0,0,0,2,2,6,6,0
2,0,0,0,0,0,8,6,2
8,10,0,2,6,0,6,6,4
11,6,4,0,2,0,4,6,4
0,0,0,0,0,0,8,10,0
0,0,0,0,4,0,12,8,0
4,2,0,0,4,0,0,9,4
0,0,0,0,2,0,0,4,0
0,0,0,0,2,0,0,2,0
0,0,0,0,2,0,0,2,0
2,0,0,0,4,0,0,2,2
4,2,0,2,4,0,0,2,4
0,0,0,0,2,0,2,4,0
2,0,0,0,0,0,2,6,0
0,0,0,0,8,0,0,0,0
4,0,0,0,8,0,0,4,0
10,2,2,2,4,0,0,4,6
12,4,0,0,2,0,0,6,6
0,0,0,0,3,0,0,8,0
0,0,0,0,2,0,0,8,0
2,2,0,2,4,0,0,8,0
0,0,0,0,2,0,0,6,0
0,0,0,0,0,0,0,4,0
0,0,0,0,0,0,0,4,0
4,0,0,2,0,0,0,0,2
2,2,0,0,0,0,0,2,2
0,0,0,0,0,0,0,6,0
0,0,0,0,0,0,4,2,0
0,0,0,0,2,0,0,10,0
2,0,0,0,6,0,0,4,0
2,2,0,0,3,0,0,2,0
2,0,0,0,2,0,0,6,0
0,0,0,0,2,0,2,6,0
6,0,0,0,4,0,2,4,6
0,0,0,0,6,0,3,6,0
0,0,0,0,0,0,4,2,0
2,0,0,0,4,0,0,2,0
6,0,0,0,10,0,0,4,4
2,0,0,0,0,0,0,2,0
2,0,0,0,0,0,2,4,0
10,0,0,0,4,2,4,4,0
6,2,0,0,2,6,0,2,2
0,0,0,0,6,0,0,6,0
2,0,0,0,8,0,0,0,0
2,0,0,0,0,0,2,0,2
2,0,0,0,2,0,2,0,0
0,0,0,0,0,0,6,2,0
0,0,0,0,0,0,2,2,0
0,0,0,0,0,0,2,4,0
0,2,0,0,2,0,0,4,2
14,0,0,0,6,0,0,4,0
6,2,0,0,6,0,0,8,4
0,0,0,0,6,0,0,4,2
4,4,0,0,10,0,0,8,6
8,2,0,0,6,0,2,4,4
4,0,0,0,4,0,0,2,0
0,0,0,0,2,0,0,2,0
6,2,0,0,8,0,0,2,2
2,0,0,0,6,0,0,2,0
2,0,2,0,4,0,0,6,4
6,2,0,2,4,0,0,2,0
0,0,0,0,4,0,0,2,0
2,0,0,0,2,0,0,4,0
4,4,0,2,2,0,0,2,0
2,0,0,0,2,0,0,4,0
0,0,0,0,2,0,0,4,0
0,0,0,0,2,0,0,4,0
0,0,0,0,2,0,0,6,0
0,0,0,0,2,0,0,4,0
0,0,0,0,2,0,0,6,0
0,0,0,0,2,0,0,4,0
4,0,2,0,12,0,0,6,2
0,0,0,0,2,0,0,6,0
0,0,0,0,0,0,0,2,0
0,0,0,0,2,0,0,4,0
4,0,0,0,2,0,0,2,0
4,0,0,0,4,0,0,3,0
0,0,0,0,0,0,2,2,0
0,0,0,0,0,0,2,2,0
0,2,0,0,0,0,0,4,0
0,0,0,0,0,0,0,4,0
2,2,0,0,8,0,0,2,0
0,0,0,0,6,0,0,2,0
12,2,4,4,1,0,2,10,4
10,0,4,2,10,0,0,10,6
2,0,0,0,0,0,0,8,0
0,0,0,0,12,0,0,4,0
0,0,0,0,0,0,7,6,2
0,0,0,0,0,0,4,2,0
0,0,0,0,2,0,6,8,0
0,0,0,0,2,0,2,6,0
0,0,0,0,0,0,0,0,0
0,0,0,0,0,0,0,0,0
0,6,2,4,4,0,0,8,2
4,2,10,0,6,0,0,4,4
4,0,0,0,0,0,0,2,2
2,4,0,0,4,0,0,2,2
0,0,0,0,2,0,0,2,0
0,0,0,0,2,0,0,0,0
6,0,0,0,2,0,0,4,2
6,0,0,0,8,0,0,4,2
0,0,0,0,2,0,4,4,0
0,2,0,0,2,0,0,4,0
2,2,0,0,4,0,0,6,2
0,2,0,0,6,0,0,4,2
2,2,0,0,4,0,0,6,4
0,0,0,0,4,0,0,2,2
2,0,0,0,5,0,0,8,0
0,0,0,0,4,0,4,8,0
4,0,0,0,6,0,0,2,0
2,0,0,0,6,0,0,2,0
2,2,0,0,4,0,0,6,2
2,0,0,0,0,0,0,4,0
2,2,0,0,0,0,2,4,2
6,0,0,0,0,0,2,4,2
2,0,4,0,2,0,2,9,2
6,0,0,0,2,0,2,6,0
0,0,0,0,0,0,4,6,0
2,0,0,0,0,0,4,4,0
0,2,0,0,2,0,0,6,0
2,0,0,0,0,0,0,8,0
4,0,0,0,2,0,0,4,0
4,8,0,0,5,0,2,2,0
0,0,0,0,2,0,2,6,0
0,0,0,0,2,0,0,2,0
16,2,2,0,2,0,4,2,6
10,0,0,0,4,4,0,0,2
0,0,0,0,2,0,0,4,0
0,0,0,0,4,0,0,4,2
4,4,4,2,4,0,2,4,2
6,2,2,0,0,0,4,4,2
2,4,0,0,2,0,4,0,2
2,0,0,0,0,0,0,2,0
2,4,2,0,4,0,0,6,2
2,0,6,0,2,0,0,6,4
6,0,2,0,10,0,2,2,0
0,0,0,0,4,0,0,0,0
0,2,0,0,8,0,8,5,2
2,2,2,0,4,0,0,4,0
0,0,0,0,1,0,0,0,0
0,0,0,0,3,0,0,0,0
4,0,0,0,6,0,0,10,0
2,2,2,0,6,0,0,2,2
0,2,0,0,4,0,2,6,2
0,2,0,0,6,2,0,4,0
0,0,2,0,6,0,2,2,0
2,0,0,0,2,0,2,2,2
2,0,0,0,2,0,2,0,2
2,0,0,0,4,2,2,2,0
2,0,0,0,2,0,0,4,0
0,0,0,2,2,0,0,8,0
0,0,0,0,4,0,0,6,0
0,0,0,0,2,0,0,6,0
4,2,0,0,4,0,0,4,2
4,2,0,0,6,0,2,5,0
8,0,0,0,6,2,2,4,4
6,2,0,0,0,0,4,6,2
4,0,0,0,2,0,0,6,0
2,0,0,0,4,0,0,8,0
4,0,0,0,0,0,2,6,2
2,2,0,0,4,0,0,4,2
0,0,0,0,4,0,0,2,0
0,0,0,0,3,0,0,2,0
6,4,0,0,2,0,0,2,2
6,0,2,0,2,0,0,4,2
4,4,2,0,2,0,0,6,0
6,2,0,0,4,0,2,2,0
8,2,0,0,4,0,6,2,0
2,2,0,0,6,0,4,4,4
4,0,0,0,10,0,1,10,0
2,1,0,0,0,0,2,6,0
8,0,2,0,8,0,6,5,6
4,0,0,0,6,0,0,7,4
4,2,0,0,2,0,2,4,4
2,2,0,0,2,0,2,4,2
2,2,0,0,2,0,2,4,4
4,2,0,0,2,0,0,2,2
0,2,0,0,2,0,0,0,0
4,2,0,0,4,0,0,2,0
0,0,0,0,2,0,0,0,0
2,0,0,0,0,0,0,4,0
10,8,0,2,2,0,4,6,2
12,4,2,2,2,0,6,4,0
0,0,0,0,2,0,2,6,0
4,0,0,0,2,0,2,7,0
8,2,0,0,0,0,0,4,4
4,2,2,4,2,0,2,4,4
0,0,0,0,2,0,0,6,0
0,0,0,0,2,0,2,4,0
2,2,0,0,2,0,4,4,0
2,0,0,0,2,0,4,2,0
0,0,0,0,2,0,0,4,0
0,0,0,0,4,0,0,2,0
4,0,0,0,6,0,0,4,4
2,2,0,0,4,0,0,4,4
2,0,0,0,4,0,0,6,0
2,0,0,0,6,0,0,6,0
2,0,0,0,4,2,0,3,0
4,0,0,0,2,2,0,7,0
4,0,4,0,4,0,0,4,4
6,4,2,4,4,0,2,6,0
2,0,0,0,2,0,0,8,2
6,0,4,0,0,0,0,8,2
6,0,4,0,2,0,2,4,2
4,0,0,0,2,0,0,2,0
4,2,8,0,8,0,4,0,4
0,2,0,0,2,0,0,6,0
0,0,0,0,2,0,2,7,0
0,0,0,0,8,0,0,4,0
0,0,0,0,0,0,4,6,2
0,2,0,0,0,2,2,4,2
0,0,2,0,4,0,6,4,2
2,0,0,0,0,0,4,8,2
6,2,0,0,2,0,0,9,4
10,2,0,0,2,0,0,9,0
6,4,0,0,7,0,6,4,4
4,0,0,0,6,0,0,4,0
6,0,0,0,8,0,4,4,2
2,0,2,0,10,0,2,6,4
0,0,0,0,4,0,4,4,4
2,0,0,0,4,0,2,6,2
0,0,0,0,2,6,6,4,0
0,0,0,0,2,4,6,8,0
0,0,0,0,2,2,4,4,0
0,0,0,0,2,4,6,8,0
0,0,0,0,3,0,0,6,0
4,2,0,2,0,2,2,8,0
8,0,0,0,6,0,2,8,6
4,2,0,0,2,0,0,2,4
0,0,0,0,0,0,6,4,2
0,0,0,0,0,0,12,4,2
2,2,0,0,6,0,6,8,2
0,0,0,0,6,0,6,4,2
0,0,0,2,0,0,0,7,2
4,0,4,0,2,0,0,9,2
0,0,0,0,2,0,0,5,2
0,0,0,0,2,0,0,4,2
0,2,0,0,2,0,4,4,0
0,0,0,0,0,0,2,6,0
0,0,0,0,4,0,0,8,0
0,0,0,0,2,0,0,8,0
0,4,2,0,2,0,4,6,0
0,0,0,0,3,0,0,4,0
0,0,0,0,0,0,0,2,0
2,0,0,0,4,0,0,0,0
6,0,0,0,10,0,0,2,8
10,0,0,0,6,0,0,6,2
8,0,0,0,4,0,8,4,2
6,0,4,2,4,0,2,4,2
4,2,4,0,2,0,2,6,2
4,6,4,2,8,0,0,6,8
0,0,0,0,2,0,0,2,0
0,0,0,0,6,2,0,2,0
0,2,0,0,6,0,4,8,0
0,2,0,0,4,0,2,4,0
2,0,0,2,9,0,0,8,2
4,0,0,0,2,0,0,6,4
6,0,0,0,2,0,0,7,0
2,0,0,0,2,0,0,6,0
0,0,0,0,2,0,4,6,0
0,0,0,0,0,0,2,4,0
8,0,0,0,10,0,0,6,0
2,0,0,0,6,0,0,6,0
6,6,2,0,4,0,4,3,8
0,2,0,2,8,0,0,4,0
2,0,0,0,6,0,4,6,0
0,0,0,0,2,0,0,0,2
0,0,0,0,6,0,0,2,0
0,0,0,0,2,0,0,2,0
0,0,0,0,6,0,0,2,0
0,0,0,0,4,0,0,6,0
2,0,2,2,2,0,0,2,2
8,0,0,0,2,0,0,8,2
8,0,0,0,6,0,0,0,6
2,2,0,0,2,0,0,2,0
0,0,0,0,6,0,0,2,2
0,0,0,0,4,0,0,2,0
6,0,0,0,6,0,6,4,0
4,0,0,0,2,0,8,6,0
4,0,0,0,13,0,2,4,2
0,0,0,0,9,0,0,4,4
0,0,0,0,3,0,4,2,0
0,0,0,0,8,0,0,0,0
2,0,0,0,0,0,0,0,0
2,0,0,0,0,0,0,0,0
0,0,0,0,0,0,2,4,2
2,0,0,0,0,0,0,2,0
0,0,0,0,2,0,3,2,0
0,0,0,0,0,0,2,2,0
0,0,0,0,5,0,2,0,0
0,0,0,0,2,0,0,2,0
0,0,0,0,0,0,0,2,0
2,0,0,0,0,0,1,0,0
0,0,0,0,4,0,0,6,0
0,0,0,0,4,0,2,0,2
8,2,0,0,8,0,2,4,8
6,0,0,0,10,0,2,4,2
0,0,0,0,8,0,0,4,2
0,0,0,0,10,0,0,4,2
2,2,0,0,6,0,6,4,4
0,0,0,0,8,0,0,4,0
2,2,0,0,2,0,0,2,0
0,0,0,0,0,0,0,0,2
4,0,0,0,3,0,0,0,2
2,0,0,0,8,0,0,8,0
4,0,0,0,2,0,2,0,0
2,0,0,0,0,0,0,0,0
2,0,0,0,0,0,0,4,0
0,0,0,0,0,0,0,6,0
8,2,0,0,0,0,0,4,0
2,2,0,0,2,0,0,2,0
0,0,0,0,2,0,0,4,2
0,0,0,0,0,0,0,8,0
4,2,4,0,2,0,4,6,0
4,2,0,0,0,0,2,6,0
6,2,0,0,0,0,0,1,0
0,0,0,0,2,0,0,2,0
0,0,0,0,4,0,4,2,0
4,0,0,0,4,0,2,4,0
2,0,0,0,2,0,4,3,4
6,0,0,0,0,0,2,6,2
4,0,0,0,0,0,4,8,0
6,0,0,0,0,0,0,8,2
0,0,0,0,1,0,0,4,4
0,0,0,0,0,0,0,2,0
2,0,0,0,2,0,0,4,0
0,0,0,0,0,0,0,6,0
2,0,2,0,2,0,0,6,4
6,2,2,0,2,0,0,2,4
0,0,0,0,1,0,2,4,2
0,0,0,0,0,0,2,0,2
2,0,0,0,0,0,2,2,4
4,0,0,0,0,0,0,2,8
2,0,0,0,6,0,2,4,2
0,0,0,0,2,0,0,0,2
0,2,0,0,2,0,0,4,0
0,0,0,0,2,0,0,4,0
2,0,0,0,2,0,0,2,0
0,0,0,0,2,0,0,0,0
4,2,0,0,4,0,0,4,0
2,0,0,0,4,0,0,4,0
2,0,0,2,4,0,0,4,0
2,0,0,0,4,0,0,10,0
4,4,0,0,6,0,4,4,6
2,0,0,0,8,0,4,4,2
2,0,0,0,4,0,6,2,0
2,0,0,0,2,0,2,4,0
2,0,0,0,10,0,0,8,0
0,0,0,0,0,0,0,8,0
0,0,0,0,6,0,2,4,0
0,0,0,0,2,0,2,2,0
0,0,0,0,8,0,4,2,0
0,0,0,2,4,0,0,2,0
0,0,0,0,0,0,0,2,0
0,0,0,2,2,0,0,4,0
4,4,6,0,2,0,6,6,0
10,2,2,0,4,0,10,8,0
0,0,0,0,2,2,2,2,0
2,2,0,0,6,2,2,4,0
2,0,0,0,0,0,0,2,0
2,0,0,0,0,0,2,2,0
2,0,2,0,4,0,0,0,2
0,2,0,0,2,0,0,4,2
0,0,2,0,4,0,6,0,2
0,0,0,0,2,0,4,2,0
4,0,0,0,0,0,6,2,0
4,2,0,0,2,0,4,4,0
0,0,0,0,2,0,0,4,0
2,0,0,0,4,0,0,4,0
2,4,0,0,2,0,0,2,0
2,4,0,0,0,0,2,2,0
0,0,0,0,0,0,0,4,0
0,0,0,0,2,0,2,4,0
0,0,0,0,0,0,0,0,0
2,0,0,0,2,0,6,0,0
6,0,0,0,2,0,0,6,8
8,0,0,0,4,0,2,2,6
2,2,2,0,4,0,2,4,2
0,2,0,2,2,0,0,4,0
2,0,0,0,0,0,4,9,2
4,2,0,0,6,0,0,4,0
0,0,0,0,0,4,0,2,0
4,0,2,0,4,0,2,6,4
10,2,4,2,4,4,0,4,6
10,4,2,0,6,0,0,8,6
0,0,0,0,4,0,0,2,0
0,0,0,0,2,0,0,6,0
2,0,0,0,4,0,2,4,0
0,0,0,0,2,0,2,4,0
4,0,0,0,4,0,0,8,0
2,0,0,0,2,0,0,6,0
0,2,0,0,4,0,0,6,0
0,0,0,0,2,0,0,6,0
2,0,0,0,0,0,0,6,2
0,0,0,0,0,0,0,10,0
0,0,0,0,0,0,0,2,0
0,0,0,0,0,0,0,2,0
0,0,0,0,0,0,0,4,0
0,0,0,0,0,0,0,12,0
0,0,0,0,0,2,0,2,0
0,0,0,0,0,0,0,12,0
0,0,0,0,4,0,2,8,0
16,0,0,0,8,0,0,4,2
8,0,8,0,10,0,0,2,6
10,2,10,2,10,0,2,6,6
8,0,0,2,6,0,0,10,2
2,0,2,2,0,0,0,6,2
4,0,2,0,2,0,0,6,2
6,2,4,0,0,2,0,6,8
2,0,0,0,4,0,2,8,2
2,0,0,0,0,0,0,4,8
0,0,0,0,0,0,0,2,0
4,8,0,0,12,0,0,4,0
0,0,0,0,0,0,0,2,0
0,0,0,0,0,0,0,0,0
10,2,0,0,4,0,0,4,6
6,2,0,2,4,0,2,4,2
0,0,0,0,6,0,0,5,0
0,0,0,0,4,0,0,7,0
4,0,0,0,2,0,0,9,0
2,0,2,0,0,0,0,9,0
8,2,0,0,0,0,2,12,6
14,2,4,0,8,0,2,12,2
2,0,0,0,2,0,6,8,0
8,0,0,0,2,0,6,4,0
0,6,4,2,6,0,0,2,0
4,6,2,2,14,0,4,2,4
0,0,2,0,8,0,2,4,2
12,0,0,0,12,0,4,2,4
12,4,0,0,8,0,0,6,6
10,2,2,0,4,0,0,4,6
2,0,0,0,10,2,0,6,0
2,0,0,0,6,6,0,4,2
2,4,4,0,2,0,4,4,2
6,4,4,0,4,0,4,6,10
2,2,0,0,2,0,2,4,0
0,2,2,0,2,0,4,10,0
0,2,0,0,0,0,0,4,2
0,0,0,0,0,0,0,4,0
4,0,0,0,4,0,0,4,2
0,0,0,0,4,0,0,4,2
2,0,0,0,2,0,0,4,0
2,0,0,0,2,0,0,6,0
0,0,0,0,2,0,0,4,2
0,0,0,0,4,0,0,4,0
8,0,2,0,6,0,0,6,6
4,0,2,2,6,2,4,4,4
0,4,0,0,2,0,0,3,0
2,2,0,0,2,0,0,5,0
0,0,0,0,10,2,2,10,2
4,0,0,0,8,2,2,12,2
4,2,2,0,6,0,0,4,4
8,4,0,0,4,0,0,4,8
0,0,0,0,3,0,0,2,0
2,0,0,0,2,0,0,6,0
2,2,0,0,2,0,0,4,2
4,0,0,0,4,0,0,2,2
6,2,0,0,4,0,2,8,4
2,4,0,0,2,0,0,10,0
0,0,0,0,2,0,0,4,0
0,0,0,0,2,0,2,6,0
0,0,0,0,6,0,5,4,2
0,0,0,0,8,0,2,3,0
2,2,0,0,6,0,2,6,0
0,2,0,0,8,0,6,4,0
2,0,2,0,6,0,4,6,2
4,0,0,0,4,0,0,9,2
2,2,0,0,4,0,0,10,4
2,0,0,0,4,0,0,6,0
4,0,0,0,6,0,4,6,0
0,0,0,0,4,0,0,6,0
8,2,2,0,6,2,4,4,4
2,4,6,0,2,0,4,2,4
4,0,0,0,2,0,0,2,0
0,0,0,0,0,0,2,2,0
0,0,0,0,4,0,0,4,0
2,2,0,2,6,0,0,6,0
4,2,6,2,8,0,2,4,2
4,0,0,0,6,0,0,10,0
10,0,0,0,14,2,0,2,0
6,0,0,0,6,0,0,4,0
12,4,4,0,4,0,2,6,4
8,2,2,0,4,0,2,6,4
2,2,0,0,6,2,6,2,0
2,0,0,0,2,0,2,4,0
0,0,0,0,4,0,4,0,0
2,0,0,0,2,0,0,2,0
0,0,0,0,6,0,0,0,0
0,0,0,0,4,0,0,2,0
2,4,0,0,2,0,0,2,0
2,0,0,0,0,0,0,2,0
2,0,0,0,2,0,8,6,0
0,0,0,0,2,0,8,4,0
2,2,0,0,0,0,5,6,4
6,2,2,0,0,0,4,4,2
8,2,2,0,2,0,8,6,8
12,4,4,0,2,0,4,8,4
8,2,0,0,3,0,2,6,2
6,2,0,0,4,0,4,8,0
0,6,2,4,5,0,0,6,2
2,2,0,0,4,0,0,6,4
10,8,10,4,4,0,4,4,6
6,0,0,0,2,2,0,8,2
0,0,0,0,6,0,0,8,0
0,0,0,0,0,0,0,4,0
2,0,0,0,8,0,0,4,0
0,0,0,0,0,0,0,2,0
6,0,4,4,2,0,0,4,4
6,0,0,0,0,0,0,8,2
2,0,0,0,4,0,0,8,2
4,0,0,0,2,0,2,6,0
2,2,0,0,0,0,0,6,2
2,0,0,0,0,0,0,6,0
2,0,0,0,0,0,10,2,0
0,0,0,0,0,0,6,2,0
4,4,0,0,2,2,1,4,2
2,4,0,0,2,2,0,4,0
2,4,2,0,2,0,0,5,0
0,0,0,0,2,0,0,4,0
4,0,0,0,6,0,0,6,0
4,0,0,0,2,0,0,4,0
0,0,2,0,6,0,0,2,0
4,0,0,0,2,0,0,4,0
4,2,0,0,6,0,0,2,0
2,0,0,0,2,0,0,4,0
0,0,0,0,2,0,8,2,0
0,0,0,0,2,0,2,4,0
8,6,2,0,0,2,2,0,4
8,4,4,0,2,0,4,2,2
0,0,0,0,11,4,4,2,0
0,0,0,0,8,1,6,6,0
0,0,0,0,2,0,0,6,0
0,0,0,0,7,0,2,4,0
4,0,6,0,2,0,0,4,2
6,0,0,0,8,0,0,4,4
0,0,0,0,6,0,0,6,0
0,0,0,0,4,0,0,10,0
0,0,0,0,0,0,0,4,0
2,2,0,0,4,0,0,2,2
0,2,0,0,8,2,2,6,0
0,0,0,0,4,2,0,2,0
2,0,0,0,6,0,0,6,0
0,0,0,0,6,0,0,2,0
6,0,2,0,4,0,4,4,4
0,0,0,0,2,0,0,6,0
4,0,2,0,2,2,0,4,0
2,0,0,0,0,0,0,8,0
2,2,0,0,2,0,0,0,0
2,0,0,0,0,0,0,0,0
0,0,0,0,4,0,4,2,0
0,0,0,0,2,0,2,0,0
0,0,0,0,0,0,0,2,0
0,4,0,0,0,0,2,2,0
8,2,0,2,4,0,4,8,4
6,2,2,0,4,0,0,2,0
0,0,0,0,4,0,2,9,2
2,2,2,0,2,0,2,5,4
0,0,0,0,6,0,0,2,0
0,0,0,0,4,0,2,4,0
0,0,0,0,0,0,2,4,0
2,0,0,0,2,0,0,6,0
2,0,0,0,2,0,0,4,0
0,0,0,0,2,0,0,2,0
0,0,2,0,10,0,0,6,0
2,0,0,0,2,0,6,4,0
6,2,0,2,6,0,0,6,4
2,0,2,0,2,0,0,8,2
0,0,0,0,7,0,0,6,0
0,0,0,0,5,0,0,4,0
0,0,0,0,4,0,0,4,0
2,0,0,0,2,0,0,2,0
4,0,0,0,2,0,0,4,2
2,0,0,0,2,0,0,2,0
0,0,0,0,2,0,0,6,0
0,0,0,0,2,0,0,2,0
2,0,0,0,2,2,0,6,0
0,0,0,0,2,2,0,5,2
2,4,6,2,4,0,0,9,2
4,4,8,4,4,0,0,5,6
0,4,0,0,2,0,0,2,0
0,2,0,0,2,0,0,2,0
0,0,0,0,9,0,2,2,2
0,0,0,0,1,0,2,0,0
4,2,0,2,2,2,0,0,4
8,4,2,0,8,0,0,2,8
0,0,0,0,4,0,0,4,4
6,0,0,0,8,0,0,4,6
4,0,4,2,4,0,2,8,0
8,0,0,0,0,0,0,4,2
2,0,0,0,0,0,0,2,0
2,0,0,0,2,0,0,2,0
2,0,0,0,2,0,0,6,0
2,0,0,0,2,0,0,4,2
8,2,0,0,4,0,0,4,4
4,0,2,0,6,0,2,6,4
0,0,0,0,4,0,2,4,0
0,0,0,0,4,0,2,2,0
2,0,0,0,2,0,0,4,2
2,0,2,0,4,0,0,4,0
0,0,0,0,6,0,0,4,0
0,0,0,0,6,0,0,4,0
2,0,0,0,6,0,2,4,2
4,0,0,0,4,0,0,6,2
4,0,2,0,6,0,0,6,0
4,2,0,0,6,0,2,4,2
0,0,0,0,4,0,0,0,0
0,0,0,0,4,0,2,4,0
4,0,0,0,7,0,0,6,2
2,0,0,0,3,0,0,2,0
2,4,0,0,0,0,6,2,0
4,2,0,2,2,0,2,2,0
12,0,2,0,4,4,2,16,0
2,0,0,0,6,0,0,10,0
12,10,4,0,4,0,2,6,6
6,2,6,0,4,0,0,6,4
2,0,0,0,4,0,0,4,2
2,2,0,0,5,0,2,2,0
0,0,0,0,2,2,0,6,0
2,0,0,0,0,0,0,2,0
0,0,0,2,2,2,0,4,0
0,0,0,0,2,0,0,2,0
4,0,0,0,5,0,2,2,0
4,0,0,0,4,0,2,0,0
6,0,2,0,8,0,0,6,2
8,4,0,0,2,0,0,2,0
4,0,0,0,2,0,11,6,4
2,0,0,0,2,2,2,6,0
4,0,0,0,4,2,0,10,0
2,0,0,0,4,0,0,10,0
2,0,0,0,0,0,0,0,0
0,0,0,0,2,0,0,2,0
0,2,0,0,2,0,0,4,2
0,2,0,0,2,0,0,2,0
2,0,0,0,0,0,0,2,0
0,0,0,0,0,0,0,10,0
0,0,0,0,2,0,2,6,0
0,0,0,0,6,0,0,5,0
2,0,0,0,0,0,2,8,0
8,6,0,0,4,0,8,6,2
0,0,0,0,2,0,1,4,0
0,0,0,0,3,0,4,2,0
2,0,0,0,4,0,0,4,0
2,0,0,0,8,0,2,2,2
0,2,0,0,4,0,9,2,0
0,2,0,0,6,0,9,0,0
0,0,0,0,8,0,0,4,0
0,0,0,0,6,0,0,6,0
0,0,0,0,2,0,0,6,0
10,6,8,0,2,0,6,6,2
2,0,0,0,2,0,2,10,0
6,0,0,0,2,0,0,4,2
2,0,2,0,2,0,0,0,2
0,0,0,0,3,0,0,2,0
2,2,0,0,2,0,2,0,0
2,0,0,0,2,0,0,0,0
0,0,0,0,2,0,0,0,0
2,2,0,0,2,0,0,2,0
6,0,0,0,3,0,0,10,2
2,0,0,0,0,0,0,4,0
2,0,0,0,0,0,0,4,0
0,0,0,0,0,0,0,4,0
0,0,0,0,2,0,2,4,0
0,0,0,0,6,0,0,4,2
4,2,0,0,2,0,0,4,0
4,0,0,0,2,0,0,4,2
2,0,0,0,0,0,0,4,4
0,2,0,0,0,0,0,2,0
4,0,0,2,2,0,0,4,0
6,0,0,0,10,0,0,2,0
8,0,4,0,4,0,2,8,4
8,2,0,0,4,0,0,7,4
4,2,0,0,4,0,4,6,2
2,0,0,0,5,0,4,6,0
6,0,0,0,2,0,0,6,2
8,0,2,0,8,0,2,8,0
0,0,2,0,0,0,12,4,2
4,0,0,0,2,0,6,8,2
0,0,0,0,5,0,0,6,0
0,0,0,0,2,0,0,8,0
0,0,0,0,3,0,0,4,0
0,0,0,0,4,0,0,4,0
0,2,0,0,10,0,0,6,0
2,0,0,0,6,0,0,4,2
6,4,8,2,6,0,2,8,2
4,0,4,2,2,0,0,6,2
0,0,0,0,2,0,0,6,0
0,0,0,0,4,0,0,4,0
0,0,0,0,6,0,0,8,0
2,0,0,0,2,0,0,2,0
2,2,0,0,0,0,0,4,2
2,2,0,0,0,0,0,6,0
6,4,6,2,2,0,4,4,6
10,4,4,2,6,0,0,4,6
0,0,0,0,6,0,0,6,0
2,2,0,0,10,0,0,4,4
2,0,0,0,4,0,0,2,0
4,0,0,0,4,0,4,2,0
8,0,0,0,8,0,6,2,4
2,0,0,0,4,0,2,6,0
2,2,0,0,6,0,0,6,4
2,0,0,0,6,0,0,4,4
8,0,2,0,6,0,0,10,2
6,4,0,0,0,0,0,6,2
6,0,0,0,6,0,2,12,0
6,0,0,0,5,0,8,16,0
0,0,0,0,4,0,0,14,0
4,0,0,0,0,0,0,10,2
2,2,0,0,6,0,4,4,0
4,0,2,0,2,2,4,4,0
8,2,0,0,12,0,0,4,2
8,4,0,0,8,0,0,6,4
0,0,0,0,6,0,2,2,0
4,0,0,2,4,0,2,2,0
8,0,4,0,2,0,2,0,4
0,0,0,0,0,0,4,2,4
10,2,0,0,0,0,2,2,2
6,4,2,0,4,0,4,4,0
0,0,0,0,4,0,0,6,0
0,2,0,0,4,0,0,6,2
2,0,0,0,6,0,6,4,0
2,0,0,0,4,0,2,4,0
6,0,2,2,4,0,0,4,2
6,0,0,4,6,0,0,4,4
0,0,2,0,2,0,2,14,0
2,0,2,0,4,0,4,10,0
10,2,0,2,6,0,4,6,2
4,0,0,0,6,0,4,5,2
0,0,0,0,0,0,0,2,0
4,0,0,0,8,0,2,5,2
0,0,0,0,0,0,0,4,0
0,4,0,0,4,0,2,4,2
2,0,0,0,2,0,0,2,0
0,0,0,0,4,0,0,4,0
0,2,0,0,4,0,2,6,0
0,0,0,0,2,0,2,2,0
0,0,0,0,4,0,2,4,0
0,0,0,0,2,0,2,4,0
4,0,0,0,0,0,5,4,0
2,0,0,0,0,0,2,4,0
0,2,0,0,4,0,0,2,0
0,0,0,0,4,0,0,2,0
0,0,0,0,8,0,0,8,0
2,0,2,0,10,0,0,6,2
6,0,0,0,4,0,0,8,0
6,0,2,0,4,0,0,8,2
0,0,0,0,2,0,0,2,0
2,0,0,0,10,0,2,2,0
6,2,2,4,2,0,0,4,6
4,0,0,0,6,0,2,6,8
0,0,0,0,4,0,0,2,0
0,0,0,0,2,0,0,2,0
4,2,2,2,4,0,0,6,2
0,0,0,0,0,0,0,8,0
2,0,0,0,3,0,2,4,2
0,0,0,0,6,0,2,8,0
0,0,0,0,2,0,0,0,0
0,0,2,0,6,0,0,6,2
4,0,0,0,2,0,0,4,2
2,0,0,0,6,0,0,4,2
2,0,0,0,6,0,0,0,0
2,0,0,0,3,0,0,0,0
4,0,0,0,2,0,0,2,2
2,0,0,0,4,0,0,2,2
0,0,0,0,2,0,2,6,0
0,0,0,0,6,0,2,6,0
0,0,0,0,5,2,0,8,0
2,0,0,0,8,0,4,7,0
0,0,0,0,3,0,0,0,0
0,0,0,0,2,0,0,4,0
2,2,0,0,0,0,0,4,4
6,0,0,0,0,0,0,4,2
0,0,0,0,0,0,0,6,0
0,0,0,0,2,0,0,4,0
6,2,0,0,2,0,4,4,4
16,0,2,0,4,0,2,4,6
2,2,0,0,5,0,4,2,0
2,2,0,0,2,0,2,4,0
0,0,0,0,0,0,2,4,0
0,0,0,0,0,0,4,6,0
0,0,0,0,2,0,14,4,4
2,0,6,4,0,0,0,2,0
4,0,0,0,2,0,0,4,2
6,6,0,0,6,0,4,4,6
0,0,0,0,2,0,4,2,0
0,0,0,0,2,6,4,2,0
0,0,0,0,2,0,0,2,0
0,0,0,0,6,0,0,2,0
4,0,0,0,5,0,0,6,0
4,0,0,0,2,0,5,6,2
2,2,0,0,1,0,8,8,4
0,0,0,0,8,0,4,4,0
0,0,0,0,2,3,0,6,0
0,0,0,0,0,6,0,2,0
0,0,0,0,2,0,0,2,0
0,0,0,0,0,0,2,4,0
4,0,0,0,0,0,2,6,0
6,2,0,0,0,0,0,4,0
12,8,4,0,8,0,2,4,6
2,0,2,0,0,0,2,4,6
2,0,0,0,0,0,0,6,0
0,4,0,0,0,0,4,4,0
0,0,0,0,0,0,4,6,0
0,0,0,0,2,0,6,8,0
6,0,0,0,10,0,0,4,2
8,4,0,0,4,0,0,4,2
10,6,2,0,8,0,4,4,4
4,0,6,6,8,0,4,4,0
0,0,0,0,0,0,0,4,0
2,0,0,0,0,0,2,2,0
14,4,0,0,2,0,2,8,0
0,4,4,0,1,0,0,6,2
0,0,0,0,0,0,0,2,0
0,0,0,0,2,0,0,4,0
4,0,0,0,4,0,8,4,2
12,0,0,0,4,0,6,2,2
2,2,2,0,4,0,4,4,4
0,2,4,0,2,0,8,6,2
0,0,0,0,2,0,6,2,2
0,0,0,0,2,0,2,2,0
0,0,0,0,4,0,6,6,0
0,0,0,0,2,0,0,2,0
4,16,2,0,4,2,2,6,0
0,8,0,0,0,0,0,8,0
0,0,0,0,4,0,0,4,0
0,0,0,0,0,0,0,4,0
2,0,0,0,4,0,2,0,0
4,0,0,0,2,0,2,0,4
0,0,0,0,4,0,2,0,0
0,0,0,0,2,0,6,0,2
2,0,0,0,4,0,0,0,0
0,0,0,0,2,0,0,2,0
2,2,4,0,4,0,0,2,0
2,0,0,0,2,0,0,4,0
2,0,0,0,2,0,0,0,0
6,0,4,0,10,0,0,6,4
2,0,0,0,6,0,0,5,2
0,0,0,0,6,0,0,6,2
4,0,0,0,2,0,0,3,0
2,2,0,0,2,0,2,6,0
4,2,2,0,6,0,0,4,0
2,2,2,0,6,0,0,4,2
0,2,0,0,0,0,0,6,0
0,0,0,0,0,0,0,6,0
0,0,0,0,2,0,0,2,0
0,0,0,0,5,2,0,2,0
0,0,0,0,2,0,0,4,0
0,0,0,0,7,0,0,2,0
0,0,0,0,4,0,0,4,0
0,2,0,0,6,0,0,2,0
4,0,2,0,11,0,2,0,0
4,2,4,0,6,0,0,2,2
2,0,0,0,9,0,10,8,0
0,2,0,0,8,0,8,6,0
6,2,2,0,2,0,4,3,2
10,4,0,2,6,0,8,4,6
0,0,0,0,8,0,2,7,0
4,0,0,0,4,0,4,4,0
10,6,2,0,2,0,0,4,2
6,0,0,0,6,0,0,4,0
4,2,0,0,11,0,6,2,4
2,2,0,0,10,0,2,2,0
2,0,2,2,2,2,0,4,2
2,2,0,0,2,0,0,4,2
6,4,4,0,4,0,2,6,6
6,6,8,0,4,0,2,2,4
4,0,0,0,0,0,2,4,2
0,0,0,0,0,0,3,4,0
2,0,0,0,2,0,0,4,0
0,0,0,0,2,0,4,0,0
0,0,0,0,0,0,0,2,0
0,0,0,0,0,0,0,0,0
0,0,0,0,2,0,5,0,2
2,0,0,0,2,0,3,2,2
0,0,0,0,4,0,0,6,0
0,0,0,0,2,0,0,4,0
0,0,0,0,0,0,0,4,0
2,0,2,0,6,0,2,4,4
4,0,0,2,3,0,2,4,0
4,0,0,0,5,0,0,2,2
0,0,0,0,4,0,0,2,0
2,0,0,0,2,0,2,4,2
2,2,0,2,6,0,0,4,0
6,4,2,0,4,0,2,8,2
2,4,0,0,2,0,0,6,0
4,4,0,0,2,0,0,6,0
6,2,0,0,0,0,2,4,2
0,0,6,0,0,0,0,8,0
0,2,0,0,4,0,4,8,0
0,0,0,0,4,0,4,4,0
4,4,0,0,4,0,0,8,2
6,0,0,0,2,0,0,6,2
4,2,4,2,2,2,2,4,4
4,0,0,0,10,0,0,7,4
4,0,0,0,5,0,2,6,0
4,0,0,0,4,0,0,3,0
